baseline,kind,d,split,horizon,mode,metric,n_enc,r2,r2_ci_lo,r2_ci_hi,mae,mae_ci_lo,mae_ci_hi
jepa_d64_test1_noBN,jepa,64,test_b,1,z_dns,C_L,42,0.7462855232134679,0.5171863186184923,0.8847458062239889,0.41514128514116794,0.2939919017357901,0.5592787202451792
jepa_d64_test1_noBN,jepa,64,test_b,4,z_dns,C_L,42,0.851549330881257,0.4243630971693144,0.9345856573892662,0.5008202841002021,0.3692523479453277,0.6448520839961334
jepa_d64_test1_noBN,jepa,64,test_b,8,z_dns,C_L,42,0.9180561228372027,0.7243275279268206,0.9703758186290383,0.5683509096764463,0.409387383227745,0.7622677111040802
jepa_d64_test1_noBN,jepa,64,test_b,16,z_dns,C_L,42,0.8258116655754919,0.5833722789162883,0.9434359470690589,0.6243058988418118,0.3879840219914849,0.9191914726444375
jepa_d64_test1_noBN,jepa,64,test_b,32,z_dns,C_L,42,0.7996106727010819,0.6836298478146011,0.9150072242004259,0.4222482457360191,0.27094490688117345,0.6182438226638143
jepa_d64_test1_noBN,jepa,64,test_b,64,z_dns,C_L,42,-0.15944651930530784,-0.46378472101064644,0.1718320940165874,0.33288644864993877,0.21317101790102957,0.48392501349331035
jepa_d64_test1_noBN,jepa,64,test_b,1,z_dns,C_D,42,0.45942294248128,-0.07315411770016828,0.7276094232466599,0.2290267218145091,0.1669029733233562,0.29663221291572406
jepa_d64_test1_noBN,jepa,64,test_b,4,z_dns,C_D,42,0.18915998725491223,-0.7219458622705532,0.5606303148384285,0.25581496341219395,0.18430644223328607,0.33585796952408736
jepa_d64_test1_noBN,jepa,64,test_b,8,z_dns,C_D,42,0.7056264156271101,0.5691617025517896,0.7974482892123076,0.21132430077820447,0.14281511250411352,0.28953208225171956
jepa_d64_test1_noBN,jepa,64,test_b,16,z_dns,C_D,42,0.6581267929470318,0.49715405998755074,0.752629808909795,0.30071678626708254,0.21533211755733392,0.3927653208903691
jepa_d64_test1_noBN,jepa,64,test_b,32,z_dns,C_D,42,0.7826388429079244,0.6630720559204991,0.894352597120191,0.18253853504493586,0.13380116289936658,0.2530067428140109
jepa_d64_test1_noBN,jepa,64,test_b,64,z_dns,C_D,42,0.3482837078336958,-0.007284998620694789,0.4883148462674648,0.11293740677627835,0.07628521190143131,0.15897216004266623
jepa_d64_test1_noBN,jepa,64,test_b,1,z_dns,I_y,42,-0.5464582071015434,-2.1073846973252053,0.3056099748773814,2.701552199539921,1.9597582984991027,3.5306166505248493
jepa_d64_test1_noBN,jepa,64,test_b,4,z_dns,I_y,42,-1.0129451638334528,-2.0127116558206235,-0.12217968933620119,2.9050897199148107,2.1452552491204164,3.9111786024592816
jepa_d64_test1_noBN,jepa,64,test_b,8,z_dns,I_y,42,-0.4047918701013766,-1.2258512152887613,0.31300119494950396,2.439412987305311,1.6877555149792802,3.3695021581154663
jepa_d64_test1_noBN,jepa,64,test_b,16,z_dns,I_y,42,0.01434371941349144,-0.6435676001190954,0.7067496410791794,1.9007433225335968,1.0435916114968746,3.1328046577036273
jepa_d64_test1_noBN,jepa,64,test_b,32,z_dns,I_y,42,0.24443454569720746,-0.7903737921715297,0.6122506260441644,2.110476725463411,1.7492675013720829,2.5076864630782816
jepa_d64_test1_noBN,jepa,64,test_b,64,z_dns,I_y,42,0.020774943740070162,-0.6159727771799354,0.2472910949592329,3.7206144521721205,2.36690538075903,5.299066506840225
jepa_d64_test1_noBN,jepa,64,test_b,1,z_dns,wake_enstrophy,42,0.8505035099285226,0.281305943810382,0.9189324485732977,25.992484138534365,20.023554765870713,32.61902478818027
jepa_d64_test1_noBN,jepa,64,test_b,4,z_dns,wake_enstrophy,42,0.8345136771298638,-0.2053460830085222,0.9162453460991891,29.418174471736673,23.238337296543342,35.82132004503704
jepa_d64_test1_noBN,jepa,64,test_b,8,z_dns,wake_enstrophy,42,0.8197360617488821,-1.1181790531700708,0.9187906940563907,31.63486087216622,25.078380927507776,39.09859671435934
jepa_d64_test1_noBN,jepa,64,test_b,16,z_dns,wake_enstrophy,42,0.7541422558404958,-0.5614510568606663,0.9064961066615875,29.82839676232681,20.745962937719927,40.22993395865985
jepa_d64_test1_noBN,jepa,64,test_b,32,z_dns,wake_enstrophy,42,0.7935650599616604,0.6164836759047069,0.9049568770035383,29.332922491828526,20.503471414494623,39.10051692643014
jepa_d64_test1_noBN,jepa,64,test_b,64,z_dns,wake_enstrophy,42,0.5143828761370006,-0.490068230586861,0.8698901234007544,35.31005180000049,23.037758351751126,51.83886748514127
jepa_d64_test1_noBN,jepa,64,test_b,1,z_dns,circulation_pos,42,0.8541000802392803,0.6400490719915102,0.9183195285517198,0.5005508492148474,0.38608584921993355,0.6304971578046549
jepa_d64_test1_noBN,jepa,64,test_b,4,z_dns,circulation_pos,42,0.7860058672958101,0.4917051342804677,0.9006549918267692,0.659802835297195,0.51248643820036,0.8295351830579636
jepa_d64_test1_noBN,jepa,64,test_b,8,z_dns,circulation_pos,42,0.7233440641018638,0.273628167149016,0.8492141182370446,0.8114880917786167,0.6195797874702261,1.0221261536746582
jepa_d64_test1_noBN,jepa,64,test_b,16,z_dns,circulation_pos,42,0.7749022337987822,0.5367728905677521,0.8602951249403806,0.8014882636684159,0.6216675987719066,0.9979948290061997
jepa_d64_test1_noBN,jepa,64,test_b,32,z_dns,circulation_pos,42,0.8609918733632914,0.7676389564452755,0.915825724307266,0.6351532752590844,0.48835942654752695,0.8156628475452363
jepa_d64_test1_noBN,jepa,64,test_b,64,z_dns,circulation_pos,42,0.8383552435261741,0.6616482333086859,0.9156907116711109,0.6790856276009811,0.5151381342265581,0.8745630466326924
jepa_d64_test1_noBN,jepa,64,test_b,1,z_dns,circulation_neg,42,0.8317810930524243,0.7030483060369572,0.8739604348234291,0.8342262955961185,0.59641681487207,1.1434807923951065
jepa_d64_test1_noBN,jepa,64,test_b,4,z_dns,circulation_neg,42,0.7776880733068264,0.4788652488047689,0.8370789101988908,1.052068075950853,0.7668337193918509,1.4199720204334385
jepa_d64_test1_noBN,jepa,64,test_b,8,z_dns,circulation_neg,42,0.8007156853148932,0.5083935813962595,0.8630137979561391,1.0390622912815233,0.7498298197481175,1.4166111185613963
jepa_d64_test1_noBN,jepa,64,test_b,16,z_dns,circulation_neg,42,0.8530650386877092,0.748086992728739,0.9320335589181258,0.7151133350969386,0.4369620754852424,1.094167898738582
jepa_d64_test1_noBN,jepa,64,test_b,32,z_dns,circulation_neg,42,0.8710512341411989,0.6646629734966768,0.933465013909183,0.6510959582773987,0.48427019109237596,0.8418694884620607
jepa_d64_test1_noBN,jepa,64,test_b,64,z_dns,circulation_neg,42,0.8573230523639772,0.7323482197423002,0.9327465716811618,0.7184141616983453,0.5300283903069664,0.9421673326963798
jepa_d64_test1_noBN,jepa,64,test_b,1,z_markov,C_L,42,0.6787787085460422,0.3411612809304435,0.8703709088018856,0.4483160329325604,0.31037792662483943,0.6103610406746179
jepa_d64_test1_noBN,jepa,64,test_b,4,z_markov,C_L,42,0.6789275058371301,-0.025863870327834864,0.802613943387342,0.7098396917097721,0.5171048851435519,0.9256536310346556
jepa_d64_test1_noBN,jepa,64,test_b,8,z_markov,C_L,42,0.7413080152349517,0.4734658264222019,0.8129482752141587,0.985053753022313,0.6816348382975543,1.3177897729002646
jepa_d64_test1_noBN,jepa,64,test_b,16,z_markov,C_L,42,0.7232563898260682,0.5274027374648385,0.8925870676574151,0.803320134817591,0.505749640947974,1.1766135734187502
jepa_d64_test1_noBN,jepa,64,test_b,32,z_markov,C_L,42,0.42104474510368173,-0.28702251272222157,0.7401643543073105,0.8327797102005318,0.5956142694074018,1.1268909086614824
jepa_d64_test1_noBN,jepa,64,test_b,64,z_markov,C_L,42,-3.289708052024829,-12.502221758604515,-0.49554762473307973,0.8483575056246915,0.6661670497164012,1.0635377345034052
jepa_d64_test1_noBN,jepa,64,test_b,1,z_markov,C_D,42,0.472791006396146,-0.06014495873057522,0.7376870386705587,0.21204962872029504,0.14601230412413535,0.2874459074847058
jepa_d64_test1_noBN,jepa,64,test_b,4,z_markov,C_D,42,0.2727129429219396,-0.2377141808316928,0.6101337368954954,0.2168723048170265,0.13994492399097785,0.2989142481253837
jepa_d64_test1_noBN,jepa,64,test_b,8,z_markov,C_D,42,0.5990921514828828,0.392598918624547,0.8142193649573582,0.21033745378625454,0.1264399548667485,0.3184452826189247
jepa_d64_test1_noBN,jepa,64,test_b,16,z_markov,C_D,42,0.6337689756602967,0.4751551674805291,0.7924836631156431,0.25651410108814104,0.16125710179359404,0.3773341669041864
jepa_d64_test1_noBN,jepa,64,test_b,32,z_markov,C_D,42,0.5240563960587024,0.20748123009165706,0.6438281770511719,0.30886402587694717,0.230210094632875,0.39624208372764536
jepa_d64_test1_noBN,jepa,64,test_b,64,z_markov,C_D,42,-0.952903507153879,-5.16430897576567,0.05400821273062008,0.2384035599279932,0.1822513909428009,0.29872072846124725
jepa_d64_test1_noBN,jepa,64,test_b,1,z_markov,I_y,42,-0.45941529839685935,-1.7820307408943603,0.3831612036385708,2.4041793173748127,1.640972091985551,3.328622517071259
jepa_d64_test1_noBN,jepa,64,test_b,4,z_markov,I_y,42,-0.6981778961011909,-1.5535009784703167,0.11328157377466591,2.4607458327323135,1.6631928827213796,3.443060317561569
jepa_d64_test1_noBN,jepa,64,test_b,8,z_markov,I_y,42,-0.5753232675998863,-1.069094602223403,-0.00013305569145856042,2.618361487822703,1.795934827393066,3.649294932557174
jepa_d64_test1_noBN,jepa,64,test_b,16,z_markov,I_y,42,0.055886854642952954,-0.22027120798510216,0.464120590047284,2.1511671997663497,1.301322748243144,3.327931917372387
jepa_d64_test1_noBN,jepa,64,test_b,32,z_markov,I_y,42,0.21459644325632143,-0.4836416070726348,0.4428858136034078,2.011413080746408,1.5861851771399706,2.4833228228656425
jepa_d64_test1_noBN,jepa,64,test_b,64,z_markov,I_y,42,0.231032164040327,-0.42080713830507843,0.4174225235157682,3.761004223163503,2.6051923524924807,5.029993269246151
jepa_d64_test1_noBN,jepa,64,test_b,1,z_markov,wake_enstrophy,42,0.9114955962264751,0.6146272807805682,0.9431807223505344,19.841998691134354,15.089731257497771,25.00512594779052
jepa_d64_test1_noBN,jepa,64,test_b,4,z_markov,wake_enstrophy,42,0.7519142297483749,0.1959367797340541,0.9363510798183031,27.311572958215173,18.76100177768342,39.70952006299332
jepa_d64_test1_noBN,jepa,64,test_b,8,z_markov,wake_enstrophy,42,0.6721136374842527,-0.22045825506479455,0.9144215556020163,30.11488566121719,19.94437888482901,45.45902671643166
jepa_d64_test1_noBN,jepa,64,test_b,16,z_markov,wake_enstrophy,42,0.44880356540149857,-0.9642933537989005,0.7942179935667907,41.308974685813936,29.100160427834723,59.22292644420692
jepa_d64_test1_noBN,jepa,64,test_b,32,z_markov,wake_enstrophy,42,0.5594724680349921,0.2921575855570982,0.7381343833400811,44.54403509595794,31.964668975595213,58.17887226440069
jepa_d64_test1_noBN,jepa,64,test_b,64,z_markov,wake_enstrophy,42,-0.0039014910050227947,-1.3519988820036197,0.4748532328775808,62.689298335992504,46.12959162924368,80.51555398024396
jepa_d64_test1_noBN,jepa,64,test_b,1,z_markov,circulation_pos,42,0.8986483142138558,0.7777163155749897,0.9426648423253287,0.4221294175169456,0.32821070994993873,0.5208521067195895
jepa_d64_test1_noBN,jepa,64,test_b,4,z_markov,circulation_pos,42,0.7686994753403902,0.5554721651308653,0.9324323329343344,0.5285666276669914,0.3561532170815982,0.7797445508509595
jepa_d64_test1_noBN,jepa,64,test_b,8,z_markov,circulation_pos,42,0.565553733627401,0.24331333180016762,0.8828678174706164,0.7186297081765446,0.45853421201910693,1.1029393660239593
jepa_d64_test1_noBN,jepa,64,test_b,16,z_markov,circulation_pos,42,0.2010000886875717,-0.09329248552716264,0.5701491674584873,1.2496730572541723,0.8759429545803838,1.7584608468004153
jepa_d64_test1_noBN,jepa,64,test_b,32,z_markov,circulation_pos,42,0.292736069728607,-0.03368221046030773,0.5141469515835531,1.5278284093864538,1.2072049517659291,1.8526465943547479
jepa_d64_test1_noBN,jepa,64,test_b,64,z_markov,circulation_pos,42,0.326919739349794,-0.23169592334472094,0.6055882861439673,1.306804745184119,0.9433291292731392,1.6809260561324653
jepa_d64_test1_noBN,jepa,64,test_b,1,z_markov,circulation_neg,42,0.8208334553822203,0.7368446114871541,0.8708620275599566,0.7801398319911593,0.5053364094067174,1.1231826333324668
jepa_d64_test1_noBN,jepa,64,test_b,4,z_markov,circulation_neg,42,0.729483337978245,0.60983006566966,0.8145071523626977,0.9953800547598377,0.6588759832367038,1.4318808416921238
jepa_d64_test1_noBN,jepa,64,test_b,8,z_markov,circulation_neg,42,0.6523758079264568,0.521098736118177,0.7687884023094175,1.2327771976250732,0.8188244900319528,1.7897811125575056
jepa_d64_test1_noBN,jepa,64,test_b,16,z_markov,circulation_neg,42,0.6067493280566418,0.4013400159598622,0.7519726539060405,1.303220294134422,0.8882034776993004,1.8955382648366765
jepa_d64_test1_noBN,jepa,64,test_b,32,z_markov,circulation_neg,42,0.7046891099791086,0.31562905701641136,0.8386542601872051,1.0609952077602647,0.8177813731879343,1.3218916032356343
jepa_d64_test1_noBN,jepa,64,test_b,64,z_markov,circulation_neg,42,0.41564482234368394,-0.36302388953968,0.7717545619657131,1.367815366919223,0.9528190347169586,1.8807973577402721
jepa_d64_test1_noBN,jepa,64,test_b,1,z_full,C_L,42,0.6490904247579601,0.3300256246122949,0.8315666915910285,0.510665401544402,0.3795508494118495,0.6592332391647551
jepa_d64_test1_noBN,jepa,64,test_b,4,z_full,C_L,42,0.6311180370157801,-0.07930376479600594,0.7722150156215767,0.7445674128083529,0.5252943631389125,0.9802226834956941
jepa_d64_test1_noBN,jepa,64,test_b,8,z_full,C_L,42,0.8367804476406193,0.6657369058303115,0.8981224264065715,0.7418319615424971,0.4945094593838718,1.0263718351228739
jepa_d64_test1_noBN,jepa,64,test_b,16,z_full,C_L,42,0.7586612025409671,0.562215278150564,0.9164217284847277,0.7126991759130733,0.43118970370204535,1.060888399315578
jepa_d64_test1_noBN,jepa,64,test_b,32,z_full,C_L,42,0.40332644835003617,-0.11534608651109875,0.7120350765711381,0.7934711979729754,0.5255668342372422,1.1162158405435487
jepa_d64_test1_noBN,jepa,64,test_b,64,z_full,C_L,42,-0.7317193027321793,-2.004804323351573,-0.3566458410524815,0.4593794948490101,0.3166171233683521,0.6418145381384813
jepa_d64_test1_noBN,jepa,64,test_b,1,z_full,C_D,42,0.4933507881590815,-0.02628358384905329,0.7623498311093645,0.20485198530227314,0.1371632412523705,0.27532920748617323
jepa_d64_test1_noBN,jepa,64,test_b,4,z_full,C_D,42,0.2447224589725372,-0.2505224732641192,0.6328728535103848,0.2164609658834703,0.14148362690555952,0.3028686428972677
jepa_d64_test1_noBN,jepa,64,test_b,8,z_full,C_D,42,0.666344466893625,0.508730101104956,0.844886952278231,0.19068334016183502,0.11257957932293315,0.28333030017206756
jepa_d64_test1_noBN,jepa,64,test_b,16,z_full,C_D,42,0.5871175710947301,0.4097928782503886,0.769592872354595,0.2886005706897333,0.19306124765915805,0.40535097554492905
jepa_d64_test1_noBN,jepa,64,test_b,32,z_full,C_D,42,0.47344132526986715,0.15084240367596657,0.6470850763118199,0.28462916896864066,0.19161762789549147,0.38759268840621336
jepa_d64_test1_noBN,jepa,64,test_b,64,z_full,C_D,42,0.013797838678601071,-0.6572303561397576,0.23635016573125264,0.13942667081486204,0.09291947647427348,0.19353194858266085
jepa_d64_test1_noBN,jepa,64,test_b,1,z_full,I_y,42,-0.4006558594547083,-1.780299342928723,0.4450495934035564,2.3250826119582264,1.5836116128730622,3.1562691591115803
jepa_d64_test1_noBN,jepa,64,test_b,4,z_full,I_y,42,-0.6169636335966582,-1.5444777598696589,0.19317369785743582,2.3696383198842104,1.5949564630247242,3.340732951175195
jepa_d64_test1_noBN,jepa,64,test_b,8,z_full,I_y,42,-0.3244498192149641,-0.8317199020354366,0.1912560925343052,2.3657405568759255,1.6142963713254523,3.3382354001687027
jepa_d64_test1_noBN,jepa,64,test_b,16,z_full,I_y,42,0.2687225840568055,0.02427145754308295,0.6289163247694305,1.9499211442567206,1.225851161653193,2.944658144873187
jepa_d64_test1_noBN,jepa,64,test_b,32,z_full,I_y,42,0.4565038430853282,-0.2963577139100267,0.7255798064408947,1.5814701022594864,1.197774001977548,2.033148422611476
jepa_d64_test1_noBN,jepa,64,test_b,64,z_full,I_y,42,0.18954843603963123,-0.315798403726207,0.3779764322949541,3.71578371795983,2.494925365440668,5.053853924755946
jepa_d64_test1_noBN,jepa,64,test_b,1,z_full,wake_enstrophy,42,0.9175195193605702,0.6045179858170462,0.9518239452071734,19.697573317528757,15.298614153795905,24.385661768096014
jepa_d64_test1_noBN,jepa,64,test_b,4,z_full,wake_enstrophy,42,0.7518698159012108,0.25482697274742044,0.9375159576541063,26.93561540692135,18.626730241494712,39.344728147816454
jepa_d64_test1_noBN,jepa,64,test_b,8,z_full,wake_enstrophy,42,0.6370839986643326,-0.4262408479077733,0.8962371502171602,33.125496313905764,22.55956243709542,47.94516131296618
jepa_d64_test1_noBN,jepa,64,test_b,16,z_full,wake_enstrophy,42,0.3925296266212711,-0.5174706466713446,0.7280229756002166,39.78802022035939,25.733072605837656,59.68633335160004
jepa_d64_test1_noBN,jepa,64,test_b,32,z_full,wake_enstrophy,42,0.5075311616347546,-0.01046034438016494,0.7740848158622965,46.20435131044469,33.45042236325396,61.124188918878076
jepa_d64_test1_noBN,jepa,64,test_b,64,z_full,wake_enstrophy,42,0.2528558144627481,-0.02819694500854517,0.5622215476518004,43.88308429971618,28.0325553109789,63.39554701960145
jepa_d64_test1_noBN,jepa,64,test_b,1,z_full,circulation_pos,42,0.8827730614081934,0.7490853893620227,0.9332308743855171,0.48099290328051253,0.3866047898774972,0.5773720697423046
jepa_d64_test1_noBN,jepa,64,test_b,4,z_full,circulation_pos,42,0.7479866316351482,0.5224239927680161,0.9154646359341647,0.5743704348607631,0.3899385610108866,0.8108445134051103
jepa_d64_test1_noBN,jepa,64,test_b,8,z_full,circulation_pos,42,0.5658130635844136,0.2640100155671924,0.8558598924237941,0.750260714632948,0.504363098160282,1.1077106475482783
jepa_d64_test1_noBN,jepa,64,test_b,16,z_full,circulation_pos,42,0.27719935802618856,-0.06198254352579611,0.6964492452247208,1.028205972984893,0.6678267206774845,1.541358071967323
jepa_d64_test1_noBN,jepa,64,test_b,32,z_full,circulation_pos,42,0.742906070246381,0.5617488951092774,0.8650302553684281,0.8281809831390629,0.624749197959038,1.0915578800227204
jepa_d64_test1_noBN,jepa,64,test_b,64,z_full,circulation_pos,42,0.5536001896391186,0.2859887555899673,0.732938414894679,1.0510922574247559,0.7581114546158072,1.3980860512234454
jepa_d64_test1_noBN,jepa,64,test_b,1,z_full,circulation_neg,42,0.8226624668883808,0.7036988996248124,0.8783204117534419,0.7727089065773045,0.5019287740599849,1.1081917329612208
jepa_d64_test1_noBN,jepa,64,test_b,4,z_full,circulation_neg,42,0.7322112163426423,0.6518639488208029,0.8287137377209082,0.9755114919142552,0.6236662326475915,1.4222619074211347
jepa_d64_test1_noBN,jepa,64,test_b,8,z_full,circulation_neg,42,0.6491613092084332,0.5286041936025435,0.7807128258435411,1.2016575706687762,0.7804721702728279,1.748883640467514
jepa_d64_test1_noBN,jepa,64,test_b,16,z_full,circulation_neg,42,0.6464246275169612,0.5180352966516147,0.8520770415221367,1.0578914744079977,0.6334631444291512,1.6465077651036009
jepa_d64_test1_noBN,jepa,64,test_b,32,z_full,circulation_neg,42,0.8100793288268736,0.41003635532945043,0.936094065715484,0.75119089026095,0.5445057311500179,1.0209343964622901
jepa_d64_test1_noBN,jepa,64,test_b,64,z_full,circulation_neg,42,0.46665399720108247,0.0615813070569599,0.742501746594578,1.2456103357804555,0.8292279562391941,1.7276383689230486
jepa_d64_test1_noBN,jepa,64,test_c,1,z_dns,C_L,24,0.7373144533928673,0.4335946575840746,0.860214927488859,0.9895622080251639,0.7507518366371788,1.2423872031990053
jepa_d64_test1_noBN,jepa,64,test_c,4,z_dns,C_L,24,0.825768833664686,0.7398753706724851,0.8785878406684958,1.0219157953859366,0.8095473425811979,1.2641146560424208
jepa_d64_test1_noBN,jepa,64,test_c,8,z_dns,C_L,24,0.8441569337718094,0.6533666268203202,0.9361784668379672,1.0763886699644833,0.7002510304121281,1.4846639133027497
jepa_d64_test1_noBN,jepa,64,test_c,16,z_dns,C_L,24,0.9103982024079796,0.8366269175205121,0.9518684903170359,1.0323511779908403,0.6924444935283774,1.3921398516178738
jepa_d64_test1_noBN,jepa,64,test_c,32,z_dns,C_L,24,-2.998603202191232,-7.698165228911467,-0.9280242665914367,1.0380865998865805,0.7008589699781641,1.390306512699701
jepa_d64_test1_noBN,jepa,64,test_c,64,z_dns,C_L,24,0.25663526584086904,-0.5355219925422967,0.5684256576867762,0.2387458132319503,0.1610097972507697,0.32033060608828623
jepa_d64_test1_noBN,jepa,64,test_c,1,z_dns,C_D,24,-5.31633936396261,-14.661556925788357,-2.4473434050735863,0.6739208103147604,0.5237830184198148,0.831230113119221
jepa_d64_test1_noBN,jepa,64,test_c,4,z_dns,C_D,24,-12.24974130004174,-26.676669246984446,-6.4838815240467875,0.9083333397992964,0.6826017000612211,1.140577320240262
jepa_d64_test1_noBN,jepa,64,test_c,8,z_dns,C_D,24,-11.89044919338715,-20.134539387298126,-7.856143030406817,1.0362423545302752,0.7385804933538005,1.3385788822073004
jepa_d64_test1_noBN,jepa,64,test_c,16,z_dns,C_D,24,-1.1671012164178967,-3.4076466196600537,0.277585389848088,0.5852535092704074,0.37336070156693324,0.8832354729454661
jepa_d64_test1_noBN,jepa,64,test_c,32,z_dns,C_D,24,-6.701337389995325,-16.91266627810046,-2.0305449128650204,0.21552584863395396,0.1398002163344014,0.30254267475060365
jepa_d64_test1_noBN,jepa,64,test_c,64,z_dns,C_D,24,-2.152010608136666,-8.521208998684692,-0.24866950744417965,0.07676666053075971,0.0507768460072351,0.10500098345731859
jepa_d64_test1_noBN,jepa,64,test_c,1,z_dns,I_y,24,-3.3807703840889367,-6.148617442440707,-1.6151496056337653,3.843560410454947,2.9429590614287235,4.812305691699797
jepa_d64_test1_noBN,jepa,64,test_c,4,z_dns,I_y,24,-4.024521142963842,-8.479276062091026,-1.8909884384383242,3.457488428036316,2.592718813926711,4.375662452429496
jepa_d64_test1_noBN,jepa,64,test_c,8,z_dns,I_y,24,-7.297702874619759,-13.636046980799401,-4.428008841339662,3.6157764835541,2.7048716646252506,4.569195824593669
jepa_d64_test1_noBN,jepa,64,test_c,16,z_dns,I_y,24,-11.189897229481646,-27.500496269768885,-5.258640031228138,3.482553707928799,2.321000654172862,4.7586685523762835
jepa_d64_test1_noBN,jepa,64,test_c,32,z_dns,I_y,24,-5.705508151348249,-13.915501256799326,-3.199860664981792,2.992655861361589,2.3082290940723214,3.7931979686641926
jepa_d64_test1_noBN,jepa,64,test_c,64,z_dns,I_y,24,0.176135175339578,-0.42868998705867317,0.32187187643332127,3.639450011466663,2.3753157984712225,4.978582489733928
jepa_d64_test1_noBN,jepa,64,test_c,1,z_dns,wake_enstrophy,24,-1.3557364538002594,-4.215099161073187,-0.3365824895162306,99.31496844785028,82.21248321542502,116.89368051869701
jepa_d64_test1_noBN,jepa,64,test_c,4,z_dns,wake_enstrophy,24,-0.3894094394980807,-1.9928991750498106,0.22429209481195472,97.48526023653433,80.62614849485271,114.98676487191479
jepa_d64_test1_noBN,jepa,64,test_c,8,z_dns,wake_enstrophy,24,0.7865226103383012,0.5859217459399988,0.8914636957276431,54.45225135236228,37.59552687356644,71.74366041139187
jepa_d64_test1_noBN,jepa,64,test_c,16,z_dns,wake_enstrophy,24,0.7999308244784218,0.5793241140601864,0.8958482461366474,78.2808039045632,58.780255412558596,98.69004810421539
jepa_d64_test1_noBN,jepa,64,test_c,32,z_dns,wake_enstrophy,24,0.8350052804415702,0.7273898238994648,0.8994218561984069,54.77555855842052,39.68043625240298,70.92429546149262
jepa_d64_test1_noBN,jepa,64,test_c,64,z_dns,wake_enstrophy,24,0.8930185404351657,0.795166938125293,0.9323284399296142,27.994150578325076,22.633415287775453,33.623166644560314
jepa_d64_test1_noBN,jepa,64,test_c,1,z_dns,circulation_pos,24,-1.2092390438351854,-2.70966470660648,-0.5394211145746486,1.8495970729221172,1.5465706110188362,2.134563856265341
jepa_d64_test1_noBN,jepa,64,test_c,4,z_dns,circulation_pos,24,-2.138338471868109,-6.885624169793385,-0.7416546038100154,2.2538934696348965,1.9342011785797653,2.546646499346414
jepa_d64_test1_noBN,jepa,64,test_c,8,z_dns,circulation_pos,24,-0.7760705720344749,-3.9149746646881605,0.28688935170740787,1.4980162836899413,0.9663471772286469,2.0907839546835727
jepa_d64_test1_noBN,jepa,64,test_c,16,z_dns,circulation_pos,24,0.27107974700783,-0.4373085187673076,0.5521489539140937,1.388457225408971,1.1018531892655712,1.663098716991184
jepa_d64_test1_noBN,jepa,64,test_c,32,z_dns,circulation_pos,24,0.7821954081140864,0.5281372047733184,0.8906160674855448,1.0421287730004023,0.7690859253493323,1.3550109048839079
jepa_d64_test1_noBN,jepa,64,test_c,64,z_dns,circulation_pos,24,0.9264582816555859,0.8702150927524989,0.9577319948314627,0.624961713417933,0.4607623241408466,0.8015641810112492
jepa_d64_test1_noBN,jepa,64,test_c,1,z_dns,circulation_neg,24,-7.260124721758402,-14.91483588948199,-3.5813281355127327,1.3806091493940837,1.0288372762320404,1.7430693732460965
jepa_d64_test1_noBN,jepa,64,test_c,4,z_dns,circulation_neg,24,-4.272474809364294,-10.202133484893581,-1.632683907902497,1.739370440768486,1.2740021658220801,2.178749891357736
jepa_d64_test1_noBN,jepa,64,test_c,8,z_dns,circulation_neg,24,-1.0253529588818457,-3.3929461137258308,-0.005523163652969811,1.89100817791297,1.380761727062265,2.420023832215301
jepa_d64_test1_noBN,jepa,64,test_c,16,z_dns,circulation_neg,24,0.00682414483641236,-1.303946652350846,0.4937798921656592,1.9642487962159187,1.6248500962979455,2.3335804244537455
jepa_d64_test1_noBN,jepa,64,test_c,32,z_dns,circulation_neg,24,0.5019444305937688,0.09177212233925162,0.7020989039553822,1.3310076158082451,1.0449619639270813,1.6111386616966885
jepa_d64_test1_noBN,jepa,64,test_c,64,z_dns,circulation_neg,24,0.694457957569762,0.3064809338091108,0.8454418945167421,0.662845769646003,0.4669902316906867,0.8912095745056077
jepa_d64_test1_noBN,jepa,64,test_c,1,z_markov,C_L,24,0.7979518549547697,0.5027704044515511,0.9100268223334701,0.8058055891987852,0.5741538150239814,1.058071478435418
jepa_d64_test1_noBN,jepa,64,test_c,4,z_markov,C_L,24,0.8277799704385634,0.7076492777481054,0.8909599746234266,0.9828248735735002,0.7295267437493795,1.2194565009539537
jepa_d64_test1_noBN,jepa,64,test_c,8,z_markov,C_L,24,0.4825558999454095,0.11915050773056866,0.6664378271111779,2.197650019602721,1.619047623910524,2.7900133380398104
jepa_d64_test1_noBN,jepa,64,test_c,16,z_markov,C_L,24,0.785481579263696,0.6727851216657824,0.8668688359374329,1.6269750663071936,1.1440244874965029,2.198553178480115
jepa_d64_test1_noBN,jepa,64,test_c,32,z_markov,C_L,24,-2.308651494883662,-5.429901619191672,-0.5140579678880869,0.8608652340024124,0.5226419439923283,1.2326317675006881
jepa_d64_test1_noBN,jepa,64,test_c,64,z_markov,C_L,24,-12.39778549578736,-34.87927847681453,-4.776063313749571,0.9521954072357494,0.6174965640663668,1.3391286419670891
jepa_d64_test1_noBN,jepa,64,test_c,1,z_markov,C_D,24,-6.514075119772135,-18.078967389633934,-3.118843560719033,0.7122381096615616,0.5301305076078202,0.8940875481124239
jepa_d64_test1_noBN,jepa,64,test_c,4,z_markov,C_D,24,-9.352547217227938,-20.792559367317377,-4.518771989597808,0.7405356282533783,0.5093167188510409,0.9758713240932175
jepa_d64_test1_noBN,jepa,64,test_c,8,z_markov,C_D,24,-5.556908232876085,-9.311159878950509,-3.000546312254539,0.6473865569908034,0.39393897689623786,0.9097745273143515
jepa_d64_test1_noBN,jepa,64,test_c,16,z_markov,C_D,24,-0.7868604748732559,-2.706477654053972,0.3346302272853893,0.5268744613322266,0.32724113465399535,0.7668986565509114
jepa_d64_test1_noBN,jepa,64,test_c,32,z_markov,C_D,24,-7.40444824258234,-11.925891771920716,-4.871174387812773,0.25195274078603586,0.17691019472960734,0.32728030323645757
jepa_d64_test1_noBN,jepa,64,test_c,64,z_markov,C_D,24,-26.370586341832187,-70.75882633797288,-11.644529252644379,0.24960328291942813,0.1784862683352735,0.3250003953716216
jepa_d64_test1_noBN,jepa,64,test_c,1,z_markov,I_y,24,-1.6647025159139468,-3.471700134097431,-0.6282980266971147,2.9579103044370463,2.145265259260026,3.7099697413401214
jepa_d64_test1_noBN,jepa,64,test_c,4,z_markov,I_y,24,-0.9173726545077805,-2.5100663191939345,-0.19264943513622215,2.156331217465853,1.6304406701044394,2.7427594727659734
jepa_d64_test1_noBN,jepa,64,test_c,8,z_markov,I_y,24,-2.2768508053068164,-5.406648486376174,-0.9578153384723738,2.163294129151451,1.5215220725433904,2.822801024738305
jepa_d64_test1_noBN,jepa,64,test_c,16,z_markov,I_y,24,-4.651895840830589,-13.421211577869299,-2.2304990650218084,2.908782265816703,2.3859455486549366,3.4000904864421693
jepa_d64_test1_noBN,jepa,64,test_c,32,z_markov,I_y,24,-2.1336264687505087,-6.573724499316254,-0.9135982157506001,1.890305531416615,1.2809505189305086,2.4895276931947987
jepa_d64_test1_noBN,jepa,64,test_c,64,z_markov,I_y,24,-0.02475666849552094,-0.6839837173062078,0.13656649133736543,4.389463864132394,3.1411140464320524,5.788518492456024
jepa_d64_test1_noBN,jepa,64,test_c,1,z_markov,wake_enstrophy,24,-0.6020215661903494,-2.474883495543034,0.06759179850806124,79.34715930637965,63.32924195871225,95.88253924496796
jepa_d64_test1_noBN,jepa,64,test_c,4,z_markov,wake_enstrophy,24,0.6975919971252218,0.3136747175932703,0.8504738810150256,40.89928275764653,29.958723607818243,52.247463570852545
jepa_d64_test1_noBN,jepa,64,test_c,8,z_markov,wake_enstrophy,24,0.4628027705076898,0.06306188571524382,0.6962569922633159,85.28887945658703,60.03130205256189,114.32068326405364
jepa_d64_test1_noBN,jepa,64,test_c,16,z_markov,wake_enstrophy,24,0.3248054424675886,0.0034146731083161135,0.5504916906370478,139.18026545512544,102.55527112383503,182.1338278775906
jepa_d64_test1_noBN,jepa,64,test_c,32,z_markov,wake_enstrophy,24,0.3582066823420782,0.04665277782770364,0.545058950234218,105.2131542954463,72.98769425339701,138.00513997109135
jepa_d64_test1_noBN,jepa,64,test_c,64,z_markov,wake_enstrophy,24,-5.344475506720646,-13.57148406076031,-2.6002007279852077,229.81720071869077,201.40277712276313,256.34291928455
jepa_d64_test1_noBN,jepa,64,test_c,1,z_markov,circulation_pos,24,-0.23482381423991283,-1.337678891474104,0.2524055912083854,1.309804900838002,1.0405051070556663,1.5957972239632605
jepa_d64_test1_noBN,jepa,64,test_c,4,z_markov,circulation_pos,24,0.5652918055039327,-0.06054273329817158,0.7948150026520094,0.6608383289560763,0.43037314342905336,0.9219257389384183
jepa_d64_test1_noBN,jepa,64,test_c,8,z_markov,circulation_pos,24,0.08557078299616105,-1.4040138784581202,0.5831347618098575,1.2326330351096322,0.918623171724573,1.566601773407721
jepa_d64_test1_noBN,jepa,64,test_c,16,z_markov,circulation_pos,24,-0.22460589498230465,-1.126696493140858,0.4010936660275699,1.4972433563877316,1.0249320349205024,2.058701914352422
jepa_d64_test1_noBN,jepa,64,test_c,32,z_markov,circulation_pos,24,-0.2643751665010441,-1.3758846204159594,0.16557968736389972,2.5609896265533116,1.944449101439238,3.219264351514961
jepa_d64_test1_noBN,jepa,64,test_c,64,z_markov,circulation_pos,24,-1.575810708741125,-3.500871062944087,-0.7295285424658136,4.018474661856086,3.2238068200617187,4.793610429096272
jepa_d64_test1_noBN,jepa,64,test_c,1,z_markov,circulation_neg,24,-5.65359330376734,-12.325942855308966,-2.558162276829931,1.206068922699702,0.8769865775301942,1.5554782268682368
jepa_d64_test1_noBN,jepa,64,test_c,4,z_markov,circulation_neg,24,-2.0305911339606526,-4.998741957970527,-0.6459310923308055,1.3945211958331603,1.1067038852944777,1.691591052094331
jepa_d64_test1_noBN,jepa,64,test_c,8,z_markov,circulation_neg,24,-2.032922386472534,-4.959107358344776,-0.9058589941234261,2.698212953457808,2.3181101359215623,3.045993173183558
jepa_d64_test1_noBN,jepa,64,test_c,16,z_markov,circulation_neg,24,-1.8070769555328323,-3.6694861410597572,-0.9361435877604697,3.3229121831579,2.7776824078128057,3.9340247053449184
jepa_d64_test1_noBN,jepa,64,test_c,32,z_markov,circulation_neg,24,-1.03815456068256,-2.9761735753039305,-0.24864096879219164,2.603416728716591,1.9507840600644124,3.268508887297155
jepa_d64_test1_noBN,jepa,64,test_c,64,z_markov,circulation_neg,24,-1.1495517288945991,-4.506449787037679,-0.12344477199121492,2.010336317154444,1.5763449336871527,2.461494410408866
jepa_d64_test1_noBN,jepa,64,test_c,1,z_full,C_L,24,0.824771198565373,0.5621904293463564,0.9286754992430258,0.6568833442159366,0.39426581049792087,0.9415817667685049
jepa_d64_test1_noBN,jepa,64,test_c,4,z_full,C_L,24,0.8785888530292723,0.8045511267028375,0.9175073862917111,0.8451438881124061,0.6582834820825612,1.045900253986697
jepa_d64_test1_noBN,jepa,64,test_c,8,z_full,C_L,24,0.7654838340400123,0.45608061313932435,0.8947999512942727,1.498012306917932,1.1350237961130107,1.918148882715879
jepa_d64_test1_noBN,jepa,64,test_c,16,z_full,C_L,24,0.759864178470572,0.39546976210682916,0.8804652066118457,1.8216557937451991,1.3163181122152243,2.3374408170306853
jepa_d64_test1_noBN,jepa,64,test_c,32,z_full,C_L,24,-12.115084427713388,-24.463512471571004,-6.871825112340184,2.03390881283111,1.4531006671948348,2.594613588640496
jepa_d64_test1_noBN,jepa,64,test_c,64,z_full,C_L,24,-11.324886299451636,-28.0582080807184,-5.013175046302761,0.9868883512837784,0.6770031852619101,1.3099544895335336
jepa_d64_test1_noBN,jepa,64,test_c,1,z_full,C_D,24,-4.982653155914101,-13.208648953086337,-2.3006790836243236,0.6393088124013859,0.4764087009818488,0.8087796401418718
jepa_d64_test1_noBN,jepa,64,test_c,4,z_full,C_D,24,-8.335816880106577,-18.918595107037603,-4.011859696055725,0.7081497924876735,0.49653899652187894,0.9425654984419296
jepa_d64_test1_noBN,jepa,64,test_c,8,z_full,C_D,24,-9.578718135828854,-15.671062186147608,-5.730220213919464,0.8482237247260288,0.5495119498103921,1.1907703972232777
jepa_d64_test1_noBN,jepa,64,test_c,16,z_full,C_D,24,-2.3118055430678766,-5.914072745417979,-0.4474621980643774,0.7559827890360653,0.48376699527285977,1.0572918012131334
jepa_d64_test1_noBN,jepa,64,test_c,32,z_full,C_D,24,-27.475974048660632,-52.89720797516624,-15.32286852422428,0.4916388057399632,0.3785529555116192,0.610166541670549
jepa_d64_test1_noBN,jepa,64,test_c,64,z_full,C_D,24,-42.5667758630095,-104.01591893193756,-19.904689270599334,0.3091402771771174,0.22016195120080712,0.404236798558301
jepa_d64_test1_noBN,jepa,64,test_c,1,z_full,I_y,24,-1.9367161086569036,-3.9854014351173217,-0.892886950187344,3.136046725701148,2.3457310172571706,3.979412902254887
jepa_d64_test1_noBN,jepa,64,test_c,4,z_full,I_y,24,-0.601509079710133,-1.6394265897678364,-0.0846992881030482,1.9632455185034754,1.4576522181023932,2.484229692622533
jepa_d64_test1_noBN,jepa,64,test_c,8,z_full,I_y,24,-0.8819370832359872,-2.715654105809478,-0.11604017369222522,1.6213531389188656,1.15860519105445,2.1268376839477905
jepa_d64_test1_noBN,jepa,64,test_c,16,z_full,I_y,24,-2.715680983181549,-7.800620319980317,-1.5196176271411599,2.316558467540998,1.8861208025726723,2.7752119048573096
jepa_d64_test1_noBN,jepa,64,test_c,32,z_full,I_y,24,-6.823429454587043,-17.388504030998895,-3.967175275819049,3.3723621054749415,2.681851826714696,4.140719209286333
jepa_d64_test1_noBN,jepa,64,test_c,64,z_full,I_y,24,0.08180680312545752,-0.25809545539732626,0.17500131215045162,3.6456520001244783,2.2225534714220165,5.270617257137126
jepa_d64_test1_noBN,jepa,64,test_c,1,z_full,wake_enstrophy,24,-0.7343191031052057,-2.6953344613192707,0.0011273970425220423,82.9391232026972,66.50376214222716,99.77017213754971
jepa_d64_test1_noBN,jepa,64,test_c,4,z_full,wake_enstrophy,24,0.34212659862707206,-0.5480922146785564,0.6780605836717764,59.259236082927636,42.659929109980595,77.44472754980693
jepa_d64_test1_noBN,jepa,64,test_c,8,z_full,wake_enstrophy,24,0.5314118031359005,0.19250247287787733,0.7263240777744204,82.37719986138447,58.21996366023321,106.9754940995093
jepa_d64_test1_noBN,jepa,64,test_c,16,z_full,wake_enstrophy,24,-0.05459795339231621,-0.5780450395297141,0.156580906445615,189.18634326274432,149.68682115196583,226.47477965549427
jepa_d64_test1_noBN,jepa,64,test_c,32,z_full,wake_enstrophy,24,-0.8004139636489138,-1.8935395266088146,-0.39298326329604033,189.5328797183654,141.30733601932258,234.8197064196537
jepa_d64_test1_noBN,jepa,64,test_c,64,z_full,wake_enstrophy,24,-1.2285624131482304,-4.052789940260258,-0.34991984254194686,123.62589415801422,94.22076950213345,152.47776556913544
jepa_d64_test1_noBN,jepa,64,test_c,1,z_full,circulation_pos,24,-0.5452314009138897,-1.4083590317927213,-0.14673791454377355,1.5179682128745602,1.2477897467130266,1.7889358982444457
jepa_d64_test1_noBN,jepa,64,test_c,4,z_full,circulation_pos,24,0.01322856397152039,-1.3208544256851569,0.497941668073853,1.0002651494283488,0.6593266266284067,1.3691599517707205
jepa_d64_test1_noBN,jepa,64,test_c,8,z_full,circulation_pos,24,0.10204695657042717,-1.2972774877880902,0.649000798759043,1.1267841781339212,0.7521735292863089,1.5046828535031442
jepa_d64_test1_noBN,jepa,64,test_c,16,z_full,circulation_pos,24,-0.8303903258990128,-2.188534563715681,-0.3155691517339757,2.2120245074889917,1.7902843750112456,2.6497261796699285
jepa_d64_test1_noBN,jepa,64,test_c,32,z_full,circulation_pos,24,-0.6200820654012387,-1.7070576091316465,-0.2244192732853319,3.0531009025950677,2.422081844683141,3.7045920167719713
jepa_d64_test1_noBN,jepa,64,test_c,64,z_full,circulation_pos,24,-0.23699498892226378,-1.2368996163665282,0.210478726886186,2.4918044851381578,1.7659041618267495,3.262702608762784
jepa_d64_test1_noBN,jepa,64,test_c,1,z_full,circulation_neg,24,-6.616233076697517,-13.119967508595913,-3.398571213028354,1.27609701248477,0.9173416992855994,1.6455114774058148
jepa_d64_test1_noBN,jepa,64,test_c,4,z_full,circulation_neg,24,-3.380295957265422,-7.929457876737679,-1.3548786866724905,1.674424717151333,1.3330124599069935,2.0279692870167008
jepa_d64_test1_noBN,jepa,64,test_c,8,z_full,circulation_neg,24,-1.4073299059639917,-3.7364338239174204,-0.4219624905046596,2.404765125959029,2.069333248994069,2.742847338296456
jepa_d64_test1_noBN,jepa,64,test_c,16,z_full,circulation_neg,24,-1.0584355763364681,-2.4917992885439575,-0.40710255454598765,2.779078834662433,2.2476350416833513,3.336445674558424
jepa_d64_test1_noBN,jepa,64,test_c,32,z_full,circulation_neg,24,-0.40029428129376554,-1.5144078252830866,0.09534734960425205,2.0433102348815946,1.4423085147238544,2.66460998586616
jepa_d64_test1_noBN,jepa,64,test_c,64,z_full,circulation_neg,24,0.08548648447612361,-0.5339929822649215,0.30672939765444746,1.163409943530466,0.8198903699314813,1.5762316387897088
jepa_d32_noBN,jepa,32,test_b,1,z_dns,C_L,42,0.8113689684243086,0.650673586693215,0.9131943327603096,0.3784288755719188,0.28698906901365445,0.493614756902919
jepa_d32_noBN,jepa,32,test_b,4,z_dns,C_L,42,0.9124024568670609,0.665970695545754,0.9584883881360511,0.4281131802883798,0.3468167832276497,0.5130613143683643
jepa_d32_noBN,jepa,32,test_b,8,z_dns,C_L,42,0.9525420380868495,0.851065336030104,0.9756744181079409,0.4684718990373221,0.34992604868298915,0.5993151249243672
jepa_d32_noBN,jepa,32,test_b,16,z_dns,C_L,42,0.8111835572202997,0.6607099766809982,0.910896807963655,0.6745796258022828,0.41536190445082866,0.9742632914763206
jepa_d32_noBN,jepa,32,test_b,32,z_dns,C_L,42,0.6829546141465317,0.4295258738687313,0.8512877554883028,0.5475929665947823,0.35247737780149313,0.7862570795300816
jepa_d32_noBN,jepa,32,test_b,64,z_dns,C_L,42,-0.6650820590828672,-1.0730107213562732,0.04990878256573436,0.3996324210037939,0.26165584872385717,0.5949524611135829
jepa_d32_noBN,jepa,32,test_b,1,z_dns,C_D,42,0.3705546636427216,-0.20345605987827597,0.622680057384084,0.25175096211975834,0.18635323251392572,0.32247378757054485
jepa_d32_noBN,jepa,32,test_b,4,z_dns,C_D,42,0.06785318715402677,-1.291752030091061,0.5182032883177269,0.2845428501154531,0.21168053939922896,0.36724460059055
jepa_d32_noBN,jepa,32,test_b,8,z_dns,C_D,42,0.7130167999249888,0.5779213466507094,0.7772166040034754,0.23033729481220838,0.16666882630498875,0.29912554393851926
jepa_d32_noBN,jepa,32,test_b,16,z_dns,C_D,42,0.643310331141657,0.4549407600982105,0.7785900601427295,0.24588974103200312,0.14584639024015741,0.3571190795356553
jepa_d32_noBN,jepa,32,test_b,32,z_dns,C_D,42,0.7221323502628486,0.5613844879939643,0.8498067525844964,0.21213961634074124,0.15299043789835254,0.28928978584104587
jepa_d32_noBN,jepa,32,test_b,64,z_dns,C_D,42,0.5606008310981145,0.31349096538812815,0.6421665423971298,0.0953523001094223,0.06379831775561298,0.1314107727890426
jepa_d32_noBN,jepa,32,test_b,1,z_dns,I_y,42,-0.6827585139437324,-1.9368297888478503,-0.01892373580761567,3.037336570075274,2.283675849846551,3.827349758579911
jepa_d32_noBN,jepa,32,test_b,4,z_dns,I_y,42,-1.1444119590642639,-2.307953398437572,-0.5054405892565451,3.4066361497906166,2.6864858594209147,4.212362201618426
jepa_d32_noBN,jepa,32,test_b,8,z_dns,I_y,42,-0.8196191784099867,-1.7846566643284483,-0.38225858321274636,3.5491554399016048,2.830873200936279,4.34026856036046
jepa_d32_noBN,jepa,32,test_b,16,z_dns,I_y,42,-0.19718565909577634,-0.7001591831537116,0.1794999960029802,2.9757669111798912,2.118722245267378,4.081856048079468
jepa_d32_noBN,jepa,32,test_b,32,z_dns,I_y,42,0.37865626446940315,-0.37973495693938225,0.6277831752015436,2.0140374732281545,1.7379284724250144,2.303276515839067
jepa_d32_noBN,jepa,32,test_b,64,z_dns,I_y,42,0.0352511589368284,-0.5849006843235914,0.20272931955789103,4.1601989751527295,2.8783511071614547,5.544915192503145
jepa_d32_noBN,jepa,32,test_b,1,z_dns,wake_enstrophy,42,0.8830421243799016,0.4543431462608973,0.9435411450453937,24.156775441897747,19.116482192365588,29.76627778295567
jepa_d32_noBN,jepa,32,test_b,4,z_dns,wake_enstrophy,42,0.8401446802884557,-0.03222310657726352,0.922677938397764,28.595536078623333,22.642586578874518,35.09113069104194
jepa_d32_noBN,jepa,32,test_b,8,z_dns,wake_enstrophy,42,0.6880554271242274,-2.1758269017373273,0.8469252034661934,41.14183397516243,31.776144448679513,51.7004277705321
jepa_d32_noBN,jepa,32,test_b,16,z_dns,wake_enstrophy,42,0.7359868745648326,-1.2153582772708225,0.8648388703565246,37.985836697703164,30.700485783332084,46.210213438037734
jepa_d32_noBN,jepa,32,test_b,32,z_dns,wake_enstrophy,42,0.8401540236045353,0.7229160894218928,0.9066592815644358,29.567772860311255,22.555570654852048,36.51581867321752
jepa_d32_noBN,jepa,32,test_b,64,z_dns,wake_enstrophy,42,0.4991323148081882,-0.7302896391471675,0.8924679075792762,34.35742539007339,22.333216609397592,51.881842432008355
jepa_d32_noBN,jepa,32,test_b,1,z_dns,circulation_pos,42,0.8313166236230588,0.6551692501292927,0.8871973781556624,0.5546441754762524,0.4324790859116372,0.6800632872954836
jepa_d32_noBN,jepa,32,test_b,4,z_dns,circulation_pos,42,0.8146543291547247,0.64334673286708,0.8815042857746024,0.6123647702609354,0.47749357090469746,0.7689885970993221
jepa_d32_noBN,jepa,32,test_b,8,z_dns,circulation_pos,42,0.5258708372841918,-0.02362349908369589,0.6986585350448727,1.0184554840719138,0.7567644068612571,1.3067471064157077
jepa_d32_noBN,jepa,32,test_b,16,z_dns,circulation_pos,42,0.5993744452274832,0.1063518349620663,0.7525037152317929,1.0837225823299685,0.8517522853048356,1.3503910463951128
jepa_d32_noBN,jepa,32,test_b,32,z_dns,circulation_pos,42,0.8400755509438572,0.7344983605239177,0.8955853557200872,0.7241557888340999,0.574407340372597,0.9084850912456354
jepa_d32_noBN,jepa,32,test_b,64,z_dns,circulation_pos,42,0.8299542358507935,0.6389022329460459,0.9060444367836772,0.6797092023913842,0.4955152894229973,0.8679222039488238
jepa_d32_noBN,jepa,32,test_b,1,z_dns,circulation_neg,42,0.768772053643938,0.6633954008679447,0.8545875778152842,0.848462205884909,0.5495865413944836,1.2674695212741318
jepa_d32_noBN,jepa,32,test_b,4,z_dns,circulation_neg,42,0.7535454565244957,0.5850616356500956,0.8220744238860679,1.0160510422791755,0.701691455416506,1.445596009192572
jepa_d32_noBN,jepa,32,test_b,8,z_dns,circulation_neg,42,0.7276309515382267,0.5215437053412836,0.7780400298622039,1.179259813760099,0.8335367875960727,1.628174486310227
jepa_d32_noBN,jepa,32,test_b,16,z_dns,circulation_neg,42,0.7721935798737021,0.6423088400035875,0.8508496323419191,1.0610637704218795,0.7410175909433778,1.4825522615013165
jepa_d32_noBN,jepa,32,test_b,32,z_dns,circulation_neg,42,0.8009936417962105,0.6040003984816255,0.8803904074602484,0.8172692573365128,0.6006416921641508,1.0611257327649792
jepa_d32_noBN,jepa,32,test_b,64,z_dns,circulation_neg,42,0.8258452531895853,0.6883111428288479,0.8851775183649305,0.8002796799007683,0.5787600564221281,1.0477010240510756
jepa_d32_noBN,jepa,32,test_b,1,z_markov,C_L,42,0.7337536060468022,0.4219121119106786,0.9063215288377866,0.40851972660622493,0.2949334346071084,0.551830501684327
jepa_d32_noBN,jepa,32,test_b,4,z_markov,C_L,42,0.8181036463706332,0.4515040340325757,0.8781720656730744,0.5517584676561471,0.4104090700266843,0.7052356515394214
jepa_d32_noBN,jepa,32,test_b,8,z_markov,C_L,42,0.8131172193364977,0.6682671072125933,0.8587244607696543,0.8311458913675661,0.573498357731145,1.111927680868145
jepa_d32_noBN,jepa,32,test_b,16,z_markov,C_L,42,0.7510627669890998,0.5708296243722358,0.9127613854392752,0.7740326584330065,0.4867412641272924,1.1214028350202956
jepa_d32_noBN,jepa,32,test_b,32,z_markov,C_L,42,0.4219620636691619,-0.0022650449749276745,0.7067516992017209,0.778387381132082,0.5170650297770161,1.1013049223000795
jepa_d32_noBN,jepa,32,test_b,64,z_markov,C_L,42,-2.7115928405300105,-10.311042356239659,-0.3858537092612539,0.7205255860321029,0.5060734794271637,0.9532982083365608
jepa_d32_noBN,jepa,32,test_b,1,z_markov,C_D,42,0.35430021228104336,-0.2397242212622899,0.6375085233284172,0.24662940552277288,0.17562335800100662,0.32298109473105946
jepa_d32_noBN,jepa,32,test_b,4,z_markov,C_D,42,0.2960516264786398,-0.37551431235375066,0.5664655205185227,0.23998307852130307,0.17482881570712927,0.3102801442132171
jepa_d32_noBN,jepa,32,test_b,8,z_markov,C_D,42,0.6762418481462432,0.5448211489267998,0.8002041086149063,0.2114304689366278,0.1420442345136619,0.29781072046164003
jepa_d32_noBN,jepa,32,test_b,16,z_markov,C_D,42,0.6480715231487763,0.5150799495216715,0.7750254510707806,0.24284624889941325,0.1431689694783841,0.36447439509679763
jepa_d32_noBN,jepa,32,test_b,32,z_markov,C_D,42,0.5434577217970789,0.3162339471269587,0.6899223385685637,0.2625561961856383,0.17840868320409786,0.35693134097499907
jepa_d32_noBN,jepa,32,test_b,64,z_markov,C_D,42,-0.48738864788979264,-4.28480412134557,0.4941108399573695,0.17890453971522635,0.12404509485783517,0.24192276847022648
jepa_d32_noBN,jepa,32,test_b,1,z_markov,I_y,42,-0.6539753960816377,-1.8314278901170051,0.02583199579917365,2.9821414800602937,2.2658738055147434,3.789714158687417
jepa_d32_noBN,jepa,32,test_b,4,z_markov,I_y,42,-0.9876145013528128,-2.03072426046397,-0.4387453025368007,3.185617683611965,2.434391284285742,4.003257571331769
jepa_d32_noBN,jepa,32,test_b,8,z_markov,I_y,42,-0.813299251248186,-1.5824809104309463,-0.5014763476214605,3.45262630484893,2.722623671791855,4.316763176120606
jepa_d32_noBN,jepa,32,test_b,16,z_markov,I_y,42,-0.08211996755379403,-0.5777673087770165,0.11432960760081717,2.9226375356869094,2.0974526604832535,3.940339825871404
jepa_d32_noBN,jepa,32,test_b,32,z_markov,I_y,42,0.2690348068077134,-0.4542844877528197,0.4912081901367566,2.098825553197836,1.7499582210869058,2.469221864736404
jepa_d32_noBN,jepa,32,test_b,64,z_markov,I_y,42,0.13033964612513316,-0.5142446153477226,0.30559610727957454,3.923392899522107,2.643881141818009,5.2999381073695355
jepa_d32_noBN,jepa,32,test_b,1,z_markov,wake_enstrophy,42,0.808769357153298,0.3096753628256685,0.8905622087327104,26.315423129187735,18.967077883108498,35.22721422016629
jepa_d32_noBN,jepa,32,test_b,4,z_markov,wake_enstrophy,42,0.6762790990642827,0.2841693636282018,0.8244553411299351,29.558794152866863,19.046303548583477,44.09357012549992
jepa_d32_noBN,jepa,32,test_b,8,z_markov,wake_enstrophy,42,0.5628998127474927,-0.3042127657491075,0.7609317149016576,35.18220465578787,22.713729386486747,52.25318740617197
jepa_d32_noBN,jepa,32,test_b,16,z_markov,wake_enstrophy,42,0.21381800711053123,-2.0293816048588873,0.5308835966988029,53.31165761173691,38.22192162848336,73.04902892611788
jepa_d32_noBN,jepa,32,test_b,32,z_markov,wake_enstrophy,42,0.7964476826750915,0.6594815851684531,0.8638723217842268,33.95931729614736,25.93807308240751,41.90777449524581
jepa_d32_noBN,jepa,32,test_b,64,z_markov,wake_enstrophy,42,0.025640409470423897,-1.1288949411279343,0.4459716839828211,65.12210851535603,48.89089745734363,81.58790474737357
jepa_d32_noBN,jepa,32,test_b,1,z_markov,circulation_pos,42,0.8036439114602496,0.67278538822536,0.8589439204618815,0.5716751138237944,0.44400706368356124,0.7244460789075812
jepa_d32_noBN,jepa,32,test_b,4,z_markov,circulation_pos,42,0.6877923180394612,0.48806838422763593,0.8376051887335437,0.6449329455232213,0.44639518692819086,0.9139610293643092
jepa_d32_noBN,jepa,32,test_b,8,z_markov,circulation_pos,42,0.4140430229937736,0.12950099850043026,0.6900454103033146,0.9489748731373071,0.6472056574797546,1.3361885485105283
jepa_d32_noBN,jepa,32,test_b,16,z_markov,circulation_pos,42,0.0873106264269532,-0.20393526390823152,0.47252137501004693,1.3527171960129185,0.9622288263715467,1.8878349437354622
jepa_d32_noBN,jepa,32,test_b,32,z_markov,circulation_pos,42,0.3700541713130603,0.02872068747536471,0.6060164493976662,1.4190645673079825,1.1170810842237104,1.752355861068267
jepa_d32_noBN,jepa,32,test_b,64,z_markov,circulation_pos,42,0.18203061978684987,-0.36085970223934105,0.48305698543844516,1.4320639940927187,1.0216942969034861,1.8474147741716342
jepa_d32_noBN,jepa,32,test_b,1,z_markov,circulation_neg,42,0.7268648916531547,0.6260419542362446,0.8370716114600568,0.927087029169789,0.5974548980109108,1.3688548905527937
jepa_d32_noBN,jepa,32,test_b,4,z_markov,circulation_neg,42,0.6605491240126116,0.5552290669747912,0.8025390746818248,1.073654632862048,0.6968072837366501,1.5922567694879841
jepa_d32_noBN,jepa,32,test_b,8,z_markov,circulation_neg,42,0.6043856469001634,0.5018146336976742,0.7738200436460734,1.232385700492823,0.789149183112537,1.85628299158135
jepa_d32_noBN,jepa,32,test_b,16,z_markov,circulation_neg,42,0.5518230482784143,0.41909634358151243,0.7326705752030637,1.3537006108866974,0.9127101586569664,1.9825608911177375
jepa_d32_noBN,jepa,32,test_b,32,z_markov,circulation_neg,42,0.585277053402498,0.30943466874385367,0.6984087032021056,1.2053493182616823,0.9089885983720697,1.5440559015304818
jepa_d32_noBN,jepa,32,test_b,64,z_markov,circulation_neg,42,0.34980645451292736,-0.19480881968810831,0.6006690972533562,1.5312833123599614,1.11025160238937,2.013807671224287
jepa_d32_noBN,jepa,32,test_b,1,z_full,C_L,42,0.741774371587727,0.40961636428605946,0.9185966800445786,0.3821287689545926,0.26278507460545497,0.5318303258458232
jepa_d32_noBN,jepa,32,test_b,4,z_full,C_L,42,0.8051366868194136,0.5441140630016281,0.8596405120358963,0.5224834971363617,0.3609524053798624,0.7056146078343392
jepa_d32_noBN,jepa,32,test_b,8,z_full,C_L,42,0.8732833015046908,0.7417827608436999,0.9149360209896067,0.7101387752683145,0.5076572556274165,0.9248891875567232
jepa_d32_noBN,jepa,32,test_b,16,z_full,C_L,42,0.76009416709875,0.5850381553376006,0.9042513865751338,0.7049463883717972,0.41550161659179,1.0556712607887826
jepa_d32_noBN,jepa,32,test_b,32,z_full,C_L,42,0.24282016732233225,-0.20391481556517085,0.6072375459567497,0.8490514827212879,0.5286977800459632,1.2100428828773881
jepa_d32_noBN,jepa,32,test_b,64,z_full,C_L,42,-0.6847245494480518,-2.9127370848971763,0.048495705398460986,0.5290455042119937,0.40526135900148696,0.6715849874225058
jepa_d32_noBN,jepa,32,test_b,1,z_full,C_D,42,0.40621968285778454,-0.09503849833642228,0.6561362322426794,0.2396377998346102,0.17132603441497474,0.3099446432365741
jepa_d32_noBN,jepa,32,test_b,4,z_full,C_D,42,0.28872603355011783,-0.38302925010325983,0.5341404067785582,0.24407641731754237,0.1772141889953849,0.31246453663091733
jepa_d32_noBN,jepa,32,test_b,8,z_full,C_D,42,0.6781705198675083,0.5523688579288754,0.7827521214006969,0.22134003755215964,0.14978583215055202,0.2980216869003538
jepa_d32_noBN,jepa,32,test_b,16,z_full,C_D,42,0.6092728326837844,0.4038959241754646,0.7515029241813567,0.27086867692307,0.17668647596137937,0.38674740548578024
jepa_d32_noBN,jepa,32,test_b,32,z_full,C_D,42,0.43776770447737157,0.1859771324485048,0.6072774551467051,0.29445820823066504,0.20088354468138567,0.40311102447029273
jepa_d32_noBN,jepa,32,test_b,64,z_full,C_D,42,0.3100869979279195,-0.8253095687632284,0.5150286061869573,0.14186161060875713,0.10882523839523639,0.17771040754671402
jepa_d32_noBN,jepa,32,test_b,1,z_full,I_y,42,-0.5972093075034977,-1.7693074638317332,0.062055455623863436,2.876482772227579,2.146316228057071,3.6528954816102277
jepa_d32_noBN,jepa,32,test_b,4,z_full,I_y,42,-0.9558310673109798,-2.000317134684302,-0.41226566106643114,3.174434329516205,2.4099232081330126,3.992750614996789
jepa_d32_noBN,jepa,32,test_b,8,z_full,I_y,42,-0.7519740746791526,-1.5570884663442381,-0.4314877652479145,3.3853357459023075,2.662985999736488,4.24219865929362
jepa_d32_noBN,jepa,32,test_b,16,z_full,I_y,42,0.05518920119456594,-0.4296527769135205,0.2735296127673076,2.819250539994256,2.053865451671925,3.7438755526023932
jepa_d32_noBN,jepa,32,test_b,32,z_full,I_y,42,0.35014014920786585,-0.5371590641956094,0.6449821403988036,1.901097789925016,1.5306132884780432,2.3015099816229023
jepa_d32_noBN,jepa,32,test_b,64,z_full,I_y,42,0.20843987448837809,-0.18646228228609688,0.3328545434435958,3.6950586250030257,2.5262730475392345,5.008463423509673
jepa_d32_noBN,jepa,32,test_b,1,z_full,wake_enstrophy,42,0.8201525404672333,0.32386554082494123,0.8956836543828504,27.01111430005517,19.928661120163056,34.78344950011306
jepa_d32_noBN,jepa,32,test_b,4,z_full,wake_enstrophy,42,0.6667031748543071,0.1856282341899132,0.8204553318727393,30.993540770836848,20.699723962496005,45.81434164267244
jepa_d32_noBN,jepa,32,test_b,8,z_full,wake_enstrophy,42,0.48245862267902073,-0.9468562803477696,0.6777441141413815,40.11262967045037,26.58246066130784,57.15504855920647
jepa_d32_noBN,jepa,32,test_b,16,z_full,wake_enstrophy,42,-0.022687866946028867,-2.8412384262086006,0.19297245187550133,60.784108621493075,42.88084152609246,84.16427612109743
jepa_d32_noBN,jepa,32,test_b,32,z_full,wake_enstrophy,42,0.5477353654301647,0.17274717314031632,0.7590783655517854,47.579968869180895,35.57775448837268,60.808944575604414
jepa_d32_noBN,jepa,32,test_b,64,z_full,wake_enstrophy,42,0.28438997757500695,-0.11430729980514577,0.4952203653566365,49.973891768475596,35.85731255917056,66.19455434667695
jepa_d32_noBN,jepa,32,test_b,1,z_full,circulation_pos,42,0.8155948988868563,0.6872040788987862,0.8625272328771254,0.5603528670159666,0.4351763353771289,0.6994299230235503
jepa_d32_noBN,jepa,32,test_b,4,z_full,circulation_pos,42,0.71304957944009,0.540623098131298,0.8397824124570856,0.6309589854749239,0.44097450720464376,0.8926047322944877
jepa_d32_noBN,jepa,32,test_b,8,z_full,circulation_pos,42,0.28770465063040274,-0.04215325732384234,0.5576685730658952,1.0867556890808814,0.7615732102408943,1.4771985746876708
jepa_d32_noBN,jepa,32,test_b,16,z_full,circulation_pos,42,-0.02830604556551619,-0.33251223773235283,0.4146887459058871,1.4460124929188372,1.0343503188694916,1.9820761485374216
jepa_d32_noBN,jepa,32,test_b,32,z_full,circulation_pos,42,0.5081750574053646,0.1386561426894333,0.7737149211254466,1.098281425979655,0.8063408632515972,1.476330845983759
jepa_d32_noBN,jepa,32,test_b,64,z_full,circulation_pos,42,0.48245285408377814,0.24319118231535924,0.6248254863181938,1.0841143239507596,0.7569265173018735,1.4463337244624714
jepa_d32_noBN,jepa,32,test_b,1,z_full,circulation_neg,42,0.7361916394293435,0.6336976713797616,0.8512749932798088,0.903872427641662,0.5752173255574891,1.3237323230254163
jepa_d32_noBN,jepa,32,test_b,4,z_full,circulation_neg,42,0.6707419930447471,0.5687109225606846,0.8047828648278913,1.1026544200112642,0.7236323710701916,1.5891156566461446
jepa_d32_noBN,jepa,32,test_b,8,z_full,circulation_neg,42,0.6028878953268026,0.4876669992405205,0.7704173848495833,1.2418915766308738,0.8072363422792452,1.8192777712393058
jepa_d32_noBN,jepa,32,test_b,16,z_full,circulation_neg,42,0.578641352895973,0.43839993173261604,0.8361687141964574,1.1434224008942262,0.6834378225245856,1.7952514503519608
jepa_d32_noBN,jepa,32,test_b,32,z_full,circulation_neg,42,0.7360941248851702,0.5380045964062856,0.8066705823769932,0.9611232212075274,0.7120541958336125,1.2201994168348147
jepa_d32_noBN,jepa,32,test_b,64,z_full,circulation_neg,42,0.4471015541425257,0.29987461188623005,0.5930813288360086,1.322852279158904,0.9086565726431974,1.8240921948984994
jepa_d32_noBN,jepa,32,test_c,1,z_dns,C_L,24,0.5761418023820454,0.1612695428318304,0.7535854584172992,1.2424120726028374,0.9405540968400081,1.5918547794409632
jepa_d32_noBN,jepa,32,test_c,4,z_dns,C_L,24,0.9354732626515331,0.8757629937501126,0.9641840965226679,0.5987160504668404,0.44477657056574604,0.7515210582002984
jepa_d32_noBN,jepa,32,test_c,8,z_dns,C_L,24,0.9104923884653656,0.8439091650947063,0.9439125507704306,0.9466750712026926,0.7206917210105077,1.1797552016304143
jepa_d32_noBN,jepa,32,test_c,16,z_dns,C_L,24,0.878326920745919,0.8061514112226257,0.9362927798996669,1.1609378852951375,0.7774174174522649,1.5943243801327942
jepa_d32_noBN,jepa,32,test_c,32,z_dns,C_L,24,-4.500441809641051,-11.013346214020787,-1.8829663907738616,1.231733972453692,0.8271699148811008,1.6278429511523649
jepa_d32_noBN,jepa,32,test_c,64,z_dns,C_L,24,0.2373612822851402,-0.7669223398853873,0.5834345894706268,0.2698280218146857,0.20473381787663095,0.33752808724966327
jepa_d32_noBN,jepa,32,test_c,1,z_dns,C_D,24,-8.154927301293855,-22.210417300605233,-3.666206872802362,0.8030600655919028,0.6155856818518384,0.9981215186876119
jepa_d32_noBN,jepa,32,test_c,4,z_dns,C_D,24,-13.644620071916888,-30.331869609359696,-7.405409086321837,0.9400984642427629,0.6938954575557532,1.1906210559887886
jepa_d32_noBN,jepa,32,test_c,8,z_dns,C_D,24,-10.652968886315998,-18.116912892892795,-6.998630840283302,0.9730406875313253,0.6882682697395078,1.271945104213038
jepa_d32_noBN,jepa,32,test_c,16,z_dns,C_D,24,-0.9181389268973441,-2.9728880561830384,0.43390883797808355,0.499005524165027,0.2791055689144557,0.8008578486515666
jepa_d32_noBN,jepa,32,test_c,32,z_dns,C_D,24,-6.25835939522524,-14.826174480363013,-2.32951463868985,0.2244620611537639,0.15540612037493423,0.2989099649177673
jepa_d32_noBN,jepa,32,test_c,64,z_dns,C_D,24,-2.332318893183729,-9.149197343033421,-0.434828611043473,0.08924014965016891,0.06672926699215531,0.11407283533218521
jepa_d32_noBN,jepa,32,test_c,1,z_dns,I_y,24,-1.7052713205878964,-3.303218147406937,-0.8014985715557328,3.083069659688546,2.382628454068714,3.8249815499684976
jepa_d32_noBN,jepa,32,test_c,4,z_dns,I_y,24,-1.7955148334538307,-4.135878290017539,-0.7590251598046863,2.6312938069079186,1.9865454720414697,3.2938597267340013
jepa_d32_noBN,jepa,32,test_c,8,z_dns,I_y,24,-6.378668987082527,-13.573977102963626,-3.5650978797792408,3.661392713858517,2.936207481374219,4.368520799388263
jepa_d32_noBN,jepa,32,test_c,16,z_dns,I_y,24,-12.466706744142668,-29.614153369697004,-7.278814649772584,4.553206422523666,3.839566733993218,5.315343108131122
jepa_d32_noBN,jepa,32,test_c,32,z_dns,I_y,24,-6.332024324471704,-14.779367382125685,-3.551103754171115,2.9942618913582755,2.1519078861888215,3.893258805411995
jepa_d32_noBN,jepa,32,test_c,64,z_dns,I_y,24,0.14247582396984093,-0.11958968692722284,0.2076295441303494,3.3797237781824343,1.9524283176952881,4.907161950066188
jepa_d32_noBN,jepa,32,test_c,1,z_dns,wake_enstrophy,24,-3.1323499487991464,-8.818106481457727,-0.9615817815427888,109.89991408424696,72.45818672116391,146.13107020204234
jepa_d32_noBN,jepa,32,test_c,4,z_dns,wake_enstrophy,24,-0.5525513018666652,-2.642217952471217,0.29187399485786636,84.51425161310368,56.407316433825855,114.41685483469357
jepa_d32_noBN,jepa,32,test_c,8,z_dns,wake_enstrophy,24,0.7367667635966101,0.4947522072128998,0.8425273521525063,69.73464703709594,56.63787264907494,82.83921048558283
jepa_d32_noBN,jepa,32,test_c,16,z_dns,wake_enstrophy,24,0.7395750517510548,0.5580469753515209,0.819596424866478,92.77695057889999,72.37740281786363,113.70668691024481
jepa_d32_noBN,jepa,32,test_c,32,z_dns,wake_enstrophy,24,0.8011577201935154,0.6725392036528137,0.8883463395258268,53.60131826974501,34.06528605087457,76.04670857373267
jepa_d32_noBN,jepa,32,test_c,64,z_dns,wake_enstrophy,24,0.9686153095625171,0.9377332525293401,0.9811940573277041,13.828105797977278,10.19222714956765,17.833592415384583
jepa_d32_noBN,jepa,32,test_c,1,z_dns,circulation_pos,24,-4.530091589878024,-10.555178498120238,-1.7664267898781842,2.241159595267502,1.403923076830512,3.160715860149913
jepa_d32_noBN,jepa,32,test_c,4,z_dns,circulation_pos,24,-3.3703318916740574,-9.773401289447545,-1.0086425085723278,2.195022010443673,1.45227735960635,2.9443156374509902
jepa_d32_noBN,jepa,32,test_c,8,z_dns,circulation_pos,24,-1.0454266764604574,-3.602060529332891,-0.16457887721070763,1.827963603473391,1.3489697161654852,2.3532346352555384
jepa_d32_noBN,jepa,32,test_c,16,z_dns,circulation_pos,24,0.572059454705751,0.05035894345663721,0.7989888099590176,0.9412051287566809,0.6575513916932054,1.2423751119077753
jepa_d32_noBN,jepa,32,test_c,32,z_dns,circulation_pos,24,0.6233501894037012,0.20877595482872838,0.7842913631365124,1.3593576128683547,0.9787230513425124,1.7463912889363773
jepa_d32_noBN,jepa,32,test_c,64,z_dns,circulation_pos,24,0.882215159641454,0.8125897199655948,0.9146782275720724,0.8701606620607079,0.7163253461298124,1.028665033323457
jepa_d32_noBN,jepa,32,test_c,1,z_dns,circulation_neg,24,-8.18173963708433,-18.678261855943255,-3.5164289079240083,1.4300928190238942,1.0542017087258044,1.8211482674600907
jepa_d32_noBN,jepa,32,test_c,4,z_dns,circulation_neg,24,-1.7558547127070003,-4.747960437529576,-0.598293533548779,1.3812518594729142,1.1367266970956327,1.6134694647240873
jepa_d32_noBN,jepa,32,test_c,8,z_dns,circulation_neg,24,0.17425972728243333,-0.7688787509209102,0.5808203241313059,1.222577562860951,0.9046218499448755,1.5559340258822385
jepa_d32_noBN,jepa,32,test_c,16,z_dns,circulation_neg,24,-0.050629296003516844,-0.8216533277890189,0.28928289551922687,1.9303641914513552,1.4777279023446739,2.371854009054196
jepa_d32_noBN,jepa,32,test_c,32,z_dns,circulation_neg,24,0.05311034630487621,-0.6893678301203725,0.3856943800762529,1.7244281881846852,1.2597692608376803,2.2168163705788695
jepa_d32_noBN,jepa,32,test_c,64,z_dns,circulation_neg,24,0.6470205132934614,0.2072221782003091,0.7809082799491287,0.7826980818722532,0.5939290032696881,0.9850138980700573
jepa_d32_noBN,jepa,32,test_c,1,z_markov,C_L,24,0.6895074031062813,0.39950534122935755,0.8434550185367871,0.983296038431361,0.6939507531888438,1.3050764060727227
jepa_d32_noBN,jepa,32,test_c,4,z_markov,C_L,24,0.8701615056570126,0.7882059607849895,0.9172744042695786,0.8100762480435568,0.5699784193319016,1.0598553977713365
jepa_d32_noBN,jepa,32,test_c,8,z_markov,C_L,24,0.5324819864161972,0.257041830207555,0.6637930181260345,2.099940399425511,1.5527375038379871,2.6671855295927758
jepa_d32_noBN,jepa,32,test_c,16,z_markov,C_L,24,0.731686111732458,0.5167192658063346,0.8184582287518932,1.90202319329014,1.3756992958945276,2.4621197117385574
jepa_d32_noBN,jepa,32,test_c,32,z_markov,C_L,24,-5.044140647591305,-11.325204051076502,-1.9559377511848788,1.281279261539576,0.8846626536174849,1.7217800758182906
jepa_d32_noBN,jepa,32,test_c,64,z_markov,C_L,24,-24.81189908003408,-72.66332311292706,-9.054781793742777,1.3462584702624987,0.8813117278133317,1.855381862334773
jepa_d32_noBN,jepa,32,test_c,1,z_markov,C_D,24,-8.104660127604673,-22.711365230010063,-3.6984412306854506,0.8006807131723228,0.6102234712398669,0.996295883642573
jepa_d32_noBN,jepa,32,test_c,4,z_markov,C_D,24,-11.03205313303059,-24.520875822385296,-5.567913480988576,0.8079368752018946,0.5622556183931435,1.0585991986750476
jepa_d32_noBN,jepa,32,test_c,8,z_markov,C_D,24,-7.204172962300618,-11.841218207931094,-4.305966975798445,0.7530017803338263,0.4863246944743599,1.0294060525671074
jepa_d32_noBN,jepa,32,test_c,16,z_markov,C_D,24,-1.2779580871532175,-3.8111643158010318,-0.0016617856819081192,0.6026337070732214,0.3658528187841929,0.8756409912173536
jepa_d32_noBN,jepa,32,test_c,32,z_markov,C_D,24,-5.320759979018191,-14.315849245057404,-1.4338125958090508,0.21276849900864023,0.15421413879078671,0.2895699351141038
jepa_d32_noBN,jepa,32,test_c,64,z_markov,C_D,24,-70.59403899248576,-202.75345541616224,-26.318696734589285,0.3598179915027997,0.23486934193400247,0.5099433412182551
jepa_d32_noBN,jepa,32,test_c,1,z_markov,I_y,24,-1.3885005905677845,-3.0409189039748505,-0.5448089495951596,2.8824615717399222,2.189466627912203,3.542094661266353
jepa_d32_noBN,jepa,32,test_c,4,z_markov,I_y,24,-1.24722348015736,-2.713542647661768,-0.5593910828452973,2.4302111365065215,1.8919163011336786,2.9698969704506335
jepa_d32_noBN,jepa,32,test_c,8,z_markov,I_y,24,-2.4947832320338468,-6.470840298915491,-0.7974852168163364,2.2354354053260868,1.6015763777999243,2.941325822084954
jepa_d32_noBN,jepa,32,test_c,16,z_markov,I_y,24,-6.185628961036363,-20.255519466961907,-2.6691856876337727,3.227304427437741,2.6131870696812416,3.8696643840650644
jepa_d32_noBN,jepa,32,test_c,32,z_markov,I_y,24,-1.096194045658085,-4.479734527776687,-0.1737667387097559,1.666436430975488,1.239072181790378,2.1074861646944103
jepa_d32_noBN,jepa,32,test_c,64,z_markov,I_y,24,-0.14668494586051373,-1.52551365666915,0.07545701969051859,4.46055878374156,2.959114245513382,5.999027206177516
jepa_d32_noBN,jepa,32,test_c,1,z_markov,wake_enstrophy,24,-1.8377757271204338,-5.5686974184799745,-0.33546364485989605,95.57452293794141,67.4059385403007,126.72621277663958
jepa_d32_noBN,jepa,32,test_c,4,z_markov,wake_enstrophy,24,0.5907129080618809,-0.04704001243201896,0.8242392133532369,46.92198302161529,34.25116296131095,61.505611687781986
jepa_d32_noBN,jepa,32,test_c,8,z_markov,wake_enstrophy,24,0.8298733792489179,0.7266664786164334,0.8942226430074746,51.09874452186458,38.58110658851746,66.10048365661957
jepa_d32_noBN,jepa,32,test_c,16,z_markov,wake_enstrophy,24,0.44604218272473706,0.2656055687699255,0.5311541727268526,140.76753181393488,116.99442443542267,168.4244104085772
jepa_d32_noBN,jepa,32,test_c,32,z_markov,wake_enstrophy,24,0.46406182603474333,0.16785221147885068,0.6501573115022099,97.3751298173911,68.76918167073673,129.14050732315042
jepa_d32_noBN,jepa,32,test_c,64,z_markov,wake_enstrophy,24,-4.199280101805831,-10.688358274933222,-1.994975989961304,209.52104435211217,186.2506332099427,233.89516251263078
jepa_d32_noBN,jepa,32,test_c,1,z_markov,circulation_pos,24,-3.272173415085838,-8.069978621938684,-1.0733266732575582,1.9939160210123716,1.242603982661267,2.7781353601177177
jepa_d32_noBN,jepa,32,test_c,4,z_markov,circulation_pos,24,-1.237645328309641,-4.256279709875748,-0.2731521828054754,1.8341155786844752,1.4978958672058345,2.1547567696880368
jepa_d32_noBN,jepa,32,test_c,8,z_markov,circulation_pos,24,0.202589120062036,-0.5373735207396589,0.48437306823525195,1.0742268787747284,0.7450644423906753,1.4371070410610811
jepa_d32_noBN,jepa,32,test_c,16,z_markov,circulation_pos,24,0.39041571321677604,0.04042741621219288,0.5955658127240041,1.1128350172254882,0.7834653863527896,1.4850794401529819
jepa_d32_noBN,jepa,32,test_c,32,z_markov,circulation_pos,24,0.16580825956622236,-0.697220816637342,0.4921814559097646,2.0293061327507993,1.49574080860306,2.6036952610868154
jepa_d32_noBN,jepa,32,test_c,64,z_markov,circulation_pos,24,-0.7878950651146337,-2.0805793195883453,-0.20614419170365275,3.401741957317173,2.7921306865694424,4.023882570399009
jepa_d32_noBN,jepa,32,test_c,1,z_markov,circulation_neg,24,-6.2502028662884515,-15.23249113362209,-2.5216727197874818,1.264126081361127,0.9170735287328167,1.6302334587126046
jepa_d32_noBN,jepa,32,test_c,4,z_markov,circulation_neg,24,-1.2654977049995821,-3.7113826842018165,-0.17147198485246673,1.1876546177927878,0.9229394979092825,1.4539945589369214
jepa_d32_noBN,jepa,32,test_c,8,z_markov,circulation_neg,24,-0.6543825134304679,-2.498831158975922,0.07450710410906326,1.8949800440311784,1.5047682115688408,2.228541261656764
jepa_d32_noBN,jepa,32,test_c,16,z_markov,circulation_neg,24,-1.1211359078497138,-2.6100145782424087,-0.4747985506011575,2.8814679946452024,2.3808554952697927,3.369368830749593
jepa_d32_noBN,jepa,32,test_c,32,z_markov,circulation_neg,24,-0.49279694801782736,-1.708208480899726,-0.027064701095857114,2.2311079186322065,1.7015539510062474,2.8020513519629304
jepa_d32_noBN,jepa,32,test_c,64,z_markov,circulation_neg,24,-0.7685914218707293,-3.378693282861193,0.04147398510185102,1.8616190616929487,1.5033489045402137,2.228176370667605
jepa_d32_noBN,jepa,32,test_c,1,z_full,C_L,24,0.604937601741922,0.14987269837558714,0.8136436379927076,1.042349241662701,0.6752883396564264,1.4531628718167828
jepa_d32_noBN,jepa,32,test_c,4,z_full,C_L,24,0.8581682106061211,0.7489452973040271,0.916008942651026,0.8312184160773767,0.560791827963645,1.0926806546921304
jepa_d32_noBN,jepa,32,test_c,8,z_full,C_L,24,0.7675343215463196,0.5477135516220359,0.8601881817141943,1.5601482503740591,1.234010088809389,1.8990143331785336
jepa_d32_noBN,jepa,32,test_c,16,z_full,C_L,24,0.7295112282631602,0.4359986152196694,0.8200295550930243,2.100291630932105,1.6625861527636172,2.5307369665827797
jepa_d32_noBN,jepa,32,test_c,32,z_full,C_L,24,-3.183121861023233,-6.486865918561933,-1.62363071229538,1.162077469734821,0.8517463960676167,1.4569107606789644
jepa_d32_noBN,jepa,32,test_c,64,z_full,C_L,24,-14.337658808319446,-42.5937960395027,-4.614574710435893,1.01202975695693,0.6190046277129675,1.4144338586602432
jepa_d32_noBN,jepa,32,test_c,1,z_full,C_D,24,-7.953462931507623,-21.361213020261914,-3.653542240713161,0.7920616119805169,0.6003748328743408,0.9867428336636401
jepa_d32_noBN,jepa,32,test_c,4,z_full,C_D,24,-13.230306166903619,-28.30915131826568,-7.231923110989275,0.9338869353210937,0.6961951861847474,1.1837441533650135
jepa_d32_noBN,jepa,32,test_c,8,z_full,C_D,24,-12.072981097893518,-19.428502125534223,-7.729291043662932,0.9848438794789791,0.6638071134277833,1.3337221372106203
jepa_d32_noBN,jepa,32,test_c,16,z_full,C_D,24,-2.131526283342708,-5.471067591559681,-0.33728251638000584,0.7415297334300351,0.48052889744224647,1.0266465696521143
jepa_d32_noBN,jepa,32,test_c,32,z_full,C_D,24,-8.966572819325295,-16.648472349576583,-4.879723053949883,0.26939997375056995,0.1891284071861807,0.3512381148107585
jepa_d32_noBN,jepa,32,test_c,64,z_full,C_D,24,-40.13657113858995,-118.28997116056469,-13.981855585999229,0.26857493089607165,0.16394828289414548,0.38303851999383626
jepa_d32_noBN,jepa,32,test_c,1,z_full,I_y,24,-1.8279590237748407,-3.807414832623375,-0.839073418101105,3.0803037847930574,2.27372444007544,3.8956708858511386
jepa_d32_noBN,jepa,32,test_c,4,z_full,I_y,24,-1.6895674209891234,-3.6905848306900286,-0.8281460225710104,2.6293170446949685,2.019672586800951,3.2249516786554944
jepa_d32_noBN,jepa,32,test_c,8,z_full,I_y,24,-3.4613220115452066,-9.175703473718889,-1.2844847530615926,2.4719628860062697,1.7374540607534998,3.2941568350942574
jepa_d32_noBN,jepa,32,test_c,16,z_full,I_y,24,-9.369196584437367,-33.75887395193959,-3.279269892847637,3.5710825427147417,2.6389603516310216,4.527677602506809
jepa_d32_noBN,jepa,32,test_c,32,z_full,I_y,24,-1.6498807333468206,-6.637714750733953,-0.26625650936497597,2.042391346673659,1.6905373777947117,2.421664393254677
jepa_d32_noBN,jepa,32,test_c,64,z_full,I_y,24,-0.39406967425932926,-1.7035697077076906,-0.07884841105902457,5.023638902732343,3.4182556265371606,6.76426931809758
jepa_d32_noBN,jepa,32,test_c,1,z_full,wake_enstrophy,24,-1.6237996996516824,-4.83699164824283,-0.31978733616808336,92.2276539122794,65.56030671092357,121.76661279848766
jepa_d32_noBN,jepa,32,test_c,4,z_full,wake_enstrophy,24,0.5228623690082408,-0.16179467398364267,0.7817588028777338,49.0201242488584,33.752989145611934,65.57490346845474
jepa_d32_noBN,jepa,32,test_c,8,z_full,wake_enstrophy,24,0.7115908429164751,0.4829763302138777,0.8257392188106035,66.66397736788443,49.69651633828628,85.40974434068457
jepa_d32_noBN,jepa,32,test_c,16,z_full,wake_enstrophy,24,0.24782562696240662,-0.2046992112323268,0.3917541780423849,165.8821965269312,137.03281686892865,191.46329165416765
jepa_d32_noBN,jepa,32,test_c,32,z_full,wake_enstrophy,24,-0.08516635463728828,-0.7281248024239779,0.20362271701298376,141.320700720411,101.5434531175197,179.80635637325705
jepa_d32_noBN,jepa,32,test_c,64,z_full,wake_enstrophy,24,-2.4885127230541446,-7.440552618141361,-0.8291689346651359,151.7373631259272,114.23372321004729,189.25744127465046
jepa_d32_noBN,jepa,32,test_c,1,z_full,circulation_pos,24,-2.9842988637126453,-7.3011885496992575,-0.8722412502715752,1.902081124872862,1.1393493668732768,2.680412406569423
jepa_d32_noBN,jepa,32,test_c,4,z_full,circulation_pos,24,-1.1585117386094996,-4.153653626188974,-0.13335782130998597,1.6538099577883056,1.213590793499292,2.0664424753129267
jepa_d32_noBN,jepa,32,test_c,8,z_full,circulation_pos,24,-0.11919516583072975,-1.0356791270471397,0.2027287426304807,1.4101578151067524,1.0912277862853739,1.7371651570707956
jepa_d32_noBN,jepa,32,test_c,16,z_full,circulation_pos,24,-0.2722049110240621,-1.0235440796204074,0.009794052578927258,1.874022492586964,1.5372773507112096,2.2239085606409272
jepa_d32_noBN,jepa,32,test_c,32,z_full,circulation_pos,24,-0.361961663080709,-1.700650597621909,0.18691181714589672,2.6549870420686976,1.985199200327967,3.3609799464570136
jepa_d32_noBN,jepa,32,test_c,64,z_full,circulation_pos,24,-0.8987745280771691,-2.3903683920579435,-0.3015773762260063,3.270086957990298,2.4745277317465044,4.031005672962882
jepa_d32_noBN,jepa,32,test_c,1,z_full,circulation_neg,24,-5.939911784141921,-14.121837027559335,-2.167929033901947,1.2115751422125889,0.8768010246182931,1.565866174209373
jepa_d32_noBN,jepa,32,test_c,4,z_full,circulation_neg,24,-0.9055185628447575,-2.7936819854994512,-0.07391427093036189,1.1072813253736304,0.8865379395096291,1.329378772575686
jepa_d32_noBN,jepa,32,test_c,8,z_full,circulation_neg,24,0.00870794689183585,-1.029408223824964,0.4494988927170315,1.4183774344754478,1.0889011338539938,1.7238505355959841
jepa_d32_noBN,jepa,32,test_c,16,z_full,circulation_neg,24,-0.21966125458350394,-1.0645770826097118,0.17419029985028422,2.060821882578146,1.5908838379099186,2.5800069607276925
jepa_d32_noBN,jepa,32,test_c,32,z_full,circulation_neg,24,-0.332804487496402,-1.311469942516411,0.11053650263553086,1.9966598209709636,1.428250087041798,2.578286289905173
jepa_d32_noBN,jepa,32,test_c,64,z_full,circulation_neg,24,-0.2641483955187387,-2.170239161703576,0.2950045675671665,1.4982080700086662,1.164644659288323,1.8969599232999992
jepa_d16_noBN,jepa,16,train,1,z_dns,C_L,226,0.9224679108607837,0.8949388689891499,0.9430786570762926,0.26492901380252115,0.23925929708949342,0.2908917677528774
jepa_d16_noBN,jepa,16,train,4,z_dns,C_L,226,0.949543842768065,0.9266324821272911,0.9630489576997572,0.27324514802192557,0.24271524210275,0.30710627571614785
jepa_d16_noBN,jepa,16,train,8,z_dns,C_L,226,0.9620625310887307,0.9504122101146161,0.9706114578884476,0.3644189134496562,0.31404210687832873,0.4177516386264366
jepa_d16_noBN,jepa,16,train,16,z_dns,C_L,226,0.9637040100037337,0.9547467430978936,0.9694062872580148,0.47055901948133366,0.41166735540348826,0.5337394709615964
jepa_d16_noBN,jepa,16,train,32,z_dns,C_L,226,0.9561951097126546,0.9362459661594565,0.9675409464369077,0.28284463103956275,0.2524075674025186,0.31324114393350455
jepa_d16_noBN,jepa,16,train,64,z_dns,C_L,226,0.7572625926061917,0.5923600099861249,0.8449906004015361,0.1890808255850706,0.17066948842852772,0.2090831871492359
jepa_d16_noBN,jepa,16,train,1,z_dns,C_D,226,0.5577355911092279,0.42380211119493294,0.6593268866451746,0.16518585207749586,0.14698575262433825,0.18570866176320527
jepa_d16_noBN,jepa,16,train,4,z_dns,C_D,226,0.06962732297810759,-0.42341096459385397,0.3892101979678211,0.16256021991511763,0.14031485141920816,0.18564431286810376
jepa_d16_noBN,jepa,16,train,8,z_dns,C_D,226,0.7166506395757426,0.5985210853329515,0.7998313892760425,0.15490683135328087,0.13230925461832518,0.17863953440180402
jepa_d16_noBN,jepa,16,train,16,z_dns,C_D,226,0.9106663973767058,0.8761072640929842,0.9384847081168718,0.14272781983003638,0.1250389728008553,0.16248636676815825
jepa_d16_noBN,jepa,16,train,32,z_dns,C_D,226,0.851611258869603,0.8174104704356023,0.8814464108627604,0.13362296121206182,0.11617229974738862,0.15405742804663847
jepa_d16_noBN,jepa,16,train,64,z_dns,C_D,226,0.45748596800240005,-0.00554363455669743,0.6710321286711786,0.06937048204981211,0.061978199160945296,0.07728748623465596
jepa_d16_noBN,jepa,16,train,1,z_dns,I_y,226,-0.6379122746851136,-1.0692985076532011,-0.3805344583314633,2.7094121157410487,2.427761694960946,2.997949824893644
jepa_d16_noBN,jepa,16,train,4,z_dns,I_y,226,-0.549721402762779,-0.8994258408228881,-0.36209172598613754,2.3741842337155887,2.11828917491178,2.637943026966955
jepa_d16_noBN,jepa,16,train,8,z_dns,I_y,226,-0.41741417583197804,-0.8190148472710889,-0.11523849966706624,2.0967521819508916,1.8775406262171455,2.3446045662682846
jepa_d16_noBN,jepa,16,train,16,z_dns,I_y,226,-0.12195277959398831,-0.6797996604270968,0.24131186440391772,1.6896725366963474,1.4915344064833795,1.9125317178663557
jepa_d16_noBN,jepa,16,train,32,z_dns,I_y,226,0.2635069317230798,-0.023070480957708812,0.46968265893331906,1.5657563519690807,1.3947517327544676,1.7480984487498918
jepa_d16_noBN,jepa,16,train,64,z_dns,I_y,226,0.16934822726614307,0.12585393450657392,0.2033714160480336,3.504346679372153,2.94578673409944,4.111335854401369
jepa_d16_noBN,jepa,16,train,1,z_dns,wake_enstrophy,226,0.07072648328519193,-0.3739116794441029,0.3122907771266178,49.96486043162571,44.98477231448977,54.9653250067707
jepa_d16_noBN,jepa,16,train,4,z_dns,wake_enstrophy,226,0.16254047212458855,-0.16348133013456298,0.37546168443033595,46.47003228148216,41.7707774997686,51.50281686562047
jepa_d16_noBN,jepa,16,train,8,z_dns,wake_enstrophy,226,0.4452413380975666,0.20769658632393756,0.598410742885286,45.05825700876811,40.12868795916956,50.10433196938683
jepa_d16_noBN,jepa,16,train,16,z_dns,wake_enstrophy,226,0.7210703526112672,0.6102643077893997,0.8184531283191089,39.43000777333216,34.27366098327914,46.20187024665546
jepa_d16_noBN,jepa,16,train,32,z_dns,wake_enstrophy,226,0.8086553316365234,0.7711866179644838,0.8384851310906477,48.427135811020094,41.891457575217856,56.29691780255055
jepa_d16_noBN,jepa,16,train,64,z_dns,wake_enstrophy,226,0.8223811579736514,0.7353156020422338,0.8715899261953362,33.556186809254484,30.0791618626926,37.80570207347851
jepa_d16_noBN,jepa,16,train,1,z_dns,circulation_pos,226,0.12741996741218964,-0.27929914241318377,0.3563604055740761,1.0761327662349718,0.9758420091979344,1.1768639035244581
jepa_d16_noBN,jepa,16,train,4,z_dns,circulation_pos,226,0.24840262884474962,-0.04472758865157136,0.4156747159509369,1.1194680000773625,1.0191168027729616,1.2310002752231157
jepa_d16_noBN,jepa,16,train,8,z_dns,circulation_pos,226,0.41286416409955895,0.17594751362679434,0.554579725959691,1.1531341564791249,1.0366777036463313,1.2692175756278976
jepa_d16_noBN,jepa,16,train,16,z_dns,circulation_pos,226,0.7669735969920778,0.6495009284327148,0.8369532760227416,0.9055514489964772,0.8041012801964766,1.0120710373639235
jepa_d16_noBN,jepa,16,train,32,z_dns,circulation_pos,226,0.7820643430077532,0.7205997652697259,0.8242942429672864,1.0700344894821856,0.934631600030498,1.2074604351942086
jepa_d16_noBN,jepa,16,train,64,z_dns,circulation_pos,226,0.8253430843978902,0.7445479149907366,0.8757808295133005,0.8643538400751725,0.7782499324978432,0.9615857069818026
jepa_d16_noBN,jepa,16,train,1,z_dns,circulation_neg,226,0.4116388322688105,0.1051801660178547,0.5592424282998356,0.9018873421211615,0.8151272252350165,0.9944628255441744
jepa_d16_noBN,jepa,16,train,4,z_dns,circulation_neg,226,0.3946892187806006,0.12902122399336946,0.5453788250804551,0.9729872537813243,0.8781631711056332,1.0832922870787183
jepa_d16_noBN,jepa,16,train,8,z_dns,circulation_neg,226,0.487703693603333,0.27303335471973467,0.6126342843303678,1.0173453515852442,0.9210069625215237,1.1233231896334965
jepa_d16_noBN,jepa,16,train,16,z_dns,circulation_neg,226,0.7303016507872222,0.6520141003966947,0.7880014282933051,0.8457897228115753,0.743068696899948,0.9483463316444457
jepa_d16_noBN,jepa,16,train,32,z_dns,circulation_neg,226,0.7998207957175257,0.7490193940879802,0.833797449812119,1.012497165018384,0.9170370131366329,1.1036171900618432
jepa_d16_noBN,jepa,16,train,64,z_dns,circulation_neg,226,0.8295165364674711,0.7858589007156442,0.8596020309569057,0.8254076840477779,0.7266002745027551,0.9259441092198089
jepa_d16_noBN,jepa,16,train,1,z_markov,C_L,226,0.9110305727194972,0.881655916565298,0.9338115026887163,0.2834099442577808,0.2544933131793495,0.3123145696042653
jepa_d16_noBN,jepa,16,train,4,z_markov,C_L,226,0.9280946578819375,0.8830082451996718,0.9562091938340369,0.3026245211234348,0.26172654906470766,0.34789649523382876
jepa_d16_noBN,jepa,16,train,8,z_markov,C_L,226,0.9360436477791261,0.923325081549554,0.9474012158122743,0.480211014878552,0.4160093681685387,0.551325478931936
jepa_d16_noBN,jepa,16,train,16,z_markov,C_L,226,0.8897081003135774,0.8629696408712404,0.911153458221751,0.675166269221547,0.5549125197099375,0.7966594064541764
jepa_d16_noBN,jepa,16,train,32,z_markov,C_L,226,0.7865033104111794,0.6847529684498982,0.8500655137815324,0.555016774145426,0.48311685247140596,0.6345019053357729
jepa_d16_noBN,jepa,16,train,64,z_markov,C_L,226,-3.7397210939216796,-6.013610425019264,-2.2331612868037407,0.674567168763472,0.5731773375170585,0.7817707346449017
jepa_d16_noBN,jepa,16,train,1,z_markov,C_D,226,0.5737212226659638,0.44636020211192273,0.6740510971936405,0.1620147425531437,0.14368382801232374,0.18190656732494317
jepa_d16_noBN,jepa,16,train,4,z_markov,C_D,226,0.07310877519425452,-0.43036641908915635,0.38892268483194775,0.15963004175652154,0.1378969180667915,0.1848503408542926
jepa_d16_noBN,jepa,16,train,8,z_markov,C_D,226,0.7881911818232046,0.7029434783334328,0.849232376896725,0.13653964336501515,0.11690281851275083,0.1556888619190472
jepa_d16_noBN,jepa,16,train,16,z_markov,C_D,226,0.8589234751140725,0.8140430168977864,0.8980444990517472,0.16648485135642274,0.14292990915004689,0.19454797197084797
jepa_d16_noBN,jepa,16,train,32,z_markov,C_D,226,0.7043940329797163,0.6357303989706882,0.7679096920980968,0.17534136434368194,0.14853087549861502,0.20553672689110827
jepa_d16_noBN,jepa,16,train,64,z_markov,C_D,226,-3.935722671959172,-8.799585470032977,-1.4364017680878556,0.17932224843077335,0.15359123539293534,0.2057074834722622
jepa_d16_noBN,jepa,16,train,1,z_markov,I_y,226,-0.6314324715018,-1.0558181268605649,-0.3835299930408428,2.703758202309663,2.410586391763054,2.9865607652697896
jepa_d16_noBN,jepa,16,train,4,z_markov,I_y,226,-0.5172510590608577,-0.8229011132244957,-0.3209284816680048,2.360559101082924,2.108206196331685,2.6325184688919907
jepa_d16_noBN,jepa,16,train,8,z_markov,I_y,226,-0.4128153028977546,-0.7417465103219084,-0.17563354133609532,2.164184105618007,1.9483737746705787,2.405990098558249
jepa_d16_noBN,jepa,16,train,16,z_markov,I_y,226,0.03827370046260514,-0.3217136685788423,0.27941445465978487,1.699591024785133,1.518858805784063,1.8705195503924437
jepa_d16_noBN,jepa,16,train,32,z_markov,I_y,226,0.2938377471311274,0.03715131502162535,0.4579290892591899,1.499901479672096,1.3332985488284768,1.6807603532688706
jepa_d16_noBN,jepa,16,train,64,z_markov,I_y,226,0.3082432747921121,0.25274141231045305,0.35203775520751435,3.3586245161155475,2.848911676564553,3.91348258935263
jepa_d16_noBN,jepa,16,train,1,z_markov,wake_enstrophy,226,0.05659649396981081,-0.3733994499298278,0.3202830116912028,49.89632373176305,44.84101557075131,55.44444310078693
jepa_d16_noBN,jepa,16,train,4,z_markov,wake_enstrophy,226,0.2044877442104336,-0.09273412133824481,0.4012058596070108,44.54137396251264,39.72547386798198,49.714183295990836
jepa_d16_noBN,jepa,16,train,8,z_markov,wake_enstrophy,226,0.4206172061292016,0.1989472663406525,0.5604878004173712,44.524752226370055,39.49585951692123,50.26256915616796
jepa_d16_noBN,jepa,16,train,16,z_markov,wake_enstrophy,226,0.700481744304066,0.5814608842779628,0.8264458884673297,37.104090201147066,31.352907544547765,44.349446678297774
jepa_d16_noBN,jepa,16,train,32,z_markov,wake_enstrophy,226,0.6064991932214421,0.5554388613286654,0.6522107616351782,62.98632929889772,51.53482090251293,74.84386172430482
jepa_d16_noBN,jepa,16,train,64,z_markov,wake_enstrophy,226,0.4462955783461524,-0.010983049604459397,0.6654915965039807,57.9255072054565,50.69861409420497,65.01766047687492
jepa_d16_noBN,jepa,16,train,1,z_markov,circulation_pos,226,0.11714297403386964,-0.2933866399339872,0.3451934053549821,1.0761932396339522,0.9795360669466966,1.1852606739623237
jepa_d16_noBN,jepa,16,train,4,z_markov,circulation_pos,226,0.2894943545508589,0.01348587023766118,0.45304415913766444,1.0813193953074216,0.9753645493367344,1.1909308112175376
jepa_d16_noBN,jepa,16,train,8,z_markov,circulation_pos,226,0.4102032554429561,0.19372326013888308,0.5400365348511356,1.1303031589329717,1.0168721699245127,1.2533575462034463
jepa_d16_noBN,jepa,16,train,16,z_markov,circulation_pos,226,0.6366464838380678,0.4975206226487108,0.7273069554237783,1.1015783159720258,0.9687373172360152,1.2367516420933964
jepa_d16_noBN,jepa,16,train,32,z_markov,circulation_pos,226,0.6104253751844351,0.5250782024159691,0.6680684217251348,1.3680158522518395,1.1802805660706028,1.5774080463706235
jepa_d16_noBN,jepa,16,train,64,z_markov,circulation_pos,226,0.5274152080339449,0.2938742502948028,0.6729459118565967,1.3665418909551421,1.2130160934327137,1.5212367036486505
jepa_d16_noBN,jepa,16,train,1,z_markov,circulation_neg,226,0.4016945182392547,0.0834187405715336,0.5538252996995906,0.9148609877620922,0.8263690553555793,1.0133352715077568
jepa_d16_noBN,jepa,16,train,4,z_markov,circulation_neg,226,0.39104459694325633,0.11537849501807808,0.529031264873253,0.9871083329803754,0.8904362265555896,1.0898848878462724
jepa_d16_noBN,jepa,16,train,8,z_markov,circulation_neg,226,0.4709180070412464,0.24130864936263113,0.5975842895524965,1.022555201938858,0.922757914575242,1.1371629008902413
jepa_d16_noBN,jepa,16,train,16,z_markov,circulation_neg,226,0.6562903108688649,0.5615391487835183,0.7171917666927994,0.9803116892959528,0.8720412013934428,1.0912806279043488
jepa_d16_noBN,jepa,16,train,32,z_markov,circulation_neg,226,0.6234970503492512,0.54708718827119,0.6863209368608538,1.1986177879710564,1.0441702096841439,1.356656370133853
jepa_d16_noBN,jepa,16,train,64,z_markov,circulation_neg,226,0.5095288857918934,0.3407567703122525,0.621659851069559,1.3600829744965632,1.1889289730948691,1.533886230713349
jepa_d16_noBN,jepa,16,train,1,z_full,C_L,226,0.9169911432745741,0.8869561289641565,0.9389658484471352,0.2753204918098198,0.24848313343681197,0.3024299023176102
jepa_d16_noBN,jepa,16,train,4,z_full,C_L,226,0.9461091031410036,0.9179594024021719,0.9613673782634428,0.2885807676616504,0.2557175924914892,0.3210413858843999
jepa_d16_noBN,jepa,16,train,8,z_full,C_L,226,0.9656362929208063,0.9552515572301057,0.9732987545125407,0.34832955479798106,0.3021967807850366,0.39837261908873745
jepa_d16_noBN,jepa,16,train,16,z_full,C_L,226,0.9606762977165613,0.9524724468926441,0.9669434625436029,0.4488539535370028,0.38545364841253277,0.5190856033543034
jepa_d16_noBN,jepa,16,train,32,z_full,C_L,226,0.9070601721932889,0.86102655536285,0.9307642887321781,0.40440927590722925,0.3594740744962086,0.4498396630207538
jepa_d16_noBN,jepa,16,train,64,z_full,C_L,226,-1.2117742160311495,-2.64628765169335,-0.3047170244296456,0.44261395348896804,0.37330628697352275,0.5222419397030884
jepa_d16_noBN,jepa,16,train,1,z_full,C_D,226,0.5617261777409976,0.4283894624319746,0.6684658271296482,0.16384516158234003,0.1448731638311619,0.18407005865091217
jepa_d16_noBN,jepa,16,train,4,z_full,C_D,226,0.08255411927213185,-0.40895514903233426,0.3883470318385246,0.1608950978339164,0.1383929727857575,0.1839810652680215
jepa_d16_noBN,jepa,16,train,8,z_full,C_D,226,0.7285562377267778,0.6075151412478403,0.8077521681653503,0.1492016534741715,0.12713237705660965,0.17314987456317865
jepa_d16_noBN,jepa,16,train,16,z_full,C_D,226,0.9095540052314655,0.8739409376679526,0.9372822596925682,0.14217946190342876,0.12424061703193827,0.16324052935635266
jepa_d16_noBN,jepa,16,train,32,z_full,C_D,226,0.8291299792426778,0.7916448827871697,0.8646500417058658,0.13955003229359605,0.12106457421005837,0.16342436916000624
jepa_d16_noBN,jepa,16,train,64,z_full,C_D,226,-1.5388793553492395,-4.413147654400995,-0.22132808284956107,0.13151254497209852,0.11390093277113511,0.15069499904335618
jepa_d16_noBN,jepa,16,train,1,z_full,I_y,226,-0.6449625215051775,-1.1094407752447808,-0.396801659389401,2.7137809841613594,2.4270551310342854,3.0275754157372714
jepa_d16_noBN,jepa,16,train,4,z_full,I_y,226,-0.5547822810586063,-0.8790183835710936,-0.356142867948785,2.384929034334007,2.121722540369532,2.663398060632385
jepa_d16_noBN,jepa,16,train,8,z_full,I_y,226,-0.4082138369619348,-0.7905384461154701,-0.12145184764535885,2.1012788596823637,1.8733370204364037,2.3433492681954267
jepa_d16_noBN,jepa,16,train,16,z_full,I_y,226,-0.05148096288698878,-0.5532414139129962,0.2854671086602029,1.6330039907879237,1.4318340687822397,1.8383163998173255
jepa_d16_noBN,jepa,16,train,32,z_full,I_y,226,0.34000905256800373,0.08608993114815922,0.5104782789596799,1.4988305914476192,1.3374635543363678,1.6751244108241234
jepa_d16_noBN,jepa,16,train,64,z_full,I_y,226,0.21862121671142465,0.17474532801937762,0.25639784038957886,3.4966409412207944,2.9533002235800367,4.095644992266817
jepa_d16_noBN,jepa,16,train,1,z_full,wake_enstrophy,226,0.0839078181390549,-0.3216415201806489,0.34246313219176006,49.68229701728566,44.91023586722446,54.81237036431442
jepa_d16_noBN,jepa,16,train,4,z_full,wake_enstrophy,226,0.17029377303659765,-0.1647825273872714,0.3724219820288475,46.42163649225269,41.296040299394804,51.48537342556627
jepa_d16_noBN,jepa,16,train,8,z_full,wake_enstrophy,226,0.4325777465848286,0.21073694688972308,0.5708562757568522,45.175242967915075,40.01100770770731,50.626297895060794
jepa_d16_noBN,jepa,16,train,16,z_full,wake_enstrophy,226,0.7319901657919745,0.6289955012339025,0.8373348351401534,37.76125124026529,32.434708149314915,44.06543163851017
jepa_d16_noBN,jepa,16,train,32,z_full,wake_enstrophy,226,0.7801953528348159,0.7427723660803534,0.8180806235089891,47.6132889107544,39.45193353570738,56.55439103642465
jepa_d16_noBN,jepa,16,train,64,z_full,wake_enstrophy,226,0.687341463278182,0.4491206806685438,0.8075496700075742,43.74365055603287,38.30996568377132,49.17557776679227
jepa_d16_noBN,jepa,16,train,1,z_full,circulation_pos,226,0.1428038487324058,-0.2516640579815899,0.3539556611164862,1.0616331729821626,0.9625274442715264,1.1637073060530045
jepa_d16_noBN,jepa,16,train,4,z_full,circulation_pos,226,0.2538453140138134,-0.033570429421212564,0.4166853662253101,1.109728978712673,1.0031974418677008,1.2192193946852832
jepa_d16_noBN,jepa,16,train,8,z_full,circulation_pos,226,0.41131176459177154,0.17084301895664997,0.5529786466454487,1.1490827353822646,1.036240300577233,1.2694669360550277
jepa_d16_noBN,jepa,16,train,16,z_full,circulation_pos,226,0.7645705275656158,0.649125954497223,0.8336086010037768,0.9001594361813701,0.7956665514318388,1.0018535996540674
jepa_d16_noBN,jepa,16,train,32,z_full,circulation_pos,226,0.7665284963473327,0.7095932997115936,0.811504805246992,1.0377354709290572,0.8901453366562518,1.1895767735693275
jepa_d16_noBN,jepa,16,train,64,z_full,circulation_pos,226,0.7068803887289927,0.5719620348915838,0.7977796639635208,1.055932963064685,0.9343230834101873,1.1878084691482276
jepa_d16_noBN,jepa,16,train,1,z_full,circulation_neg,226,0.42430426248781383,0.13434114441072548,0.5660893770795223,0.8959231507957688,0.804854741361883,0.9939840485632372
jepa_d16_noBN,jepa,16,train,4,z_full,circulation_neg,226,0.4058349006019484,0.11720854415168049,0.5469361821233905,0.9602317492301125,0.8645891230552516,1.0678893830639133
jepa_d16_noBN,jepa,16,train,8,z_full,circulation_neg,226,0.487207267956811,0.2814961489324302,0.598834206557573,1.0097009309780338,0.9093243398450866,1.114520041936169
jepa_d16_noBN,jepa,16,train,16,z_full,circulation_neg,226,0.7265721869410225,0.6473198661397351,0.7800406535074885,0.8458183846321936,0.7411523676342188,0.9439368336044135
jepa_d16_noBN,jepa,16,train,32,z_full,circulation_neg,226,0.7841238502996389,0.735008951695889,0.8205855832845579,0.9924769527201843,0.889861828635977,1.0938854424020286
jepa_d16_noBN,jepa,16,train,64,z_full,circulation_neg,226,0.6927311218309136,0.6046429891031044,0.7591333995244242,1.0683444734904848,0.935396847966134,1.2030795561173715
jepa_d16_noBN,jepa,16,test_a,1,z_dns,C_L,86,nan,0.8244542941532883,0.9460785723641032,nan,0.2670767776559529,0.37222834146260014
jepa_d16_noBN,jepa,16,test_a,4,z_dns,C_L,86,nan,0.8697389382498065,0.960668091046415,nan,0.2701915382796518,0.3858925902907915
jepa_d16_noBN,jepa,16,test_a,8,z_dns,C_L,86,nan,0.9279813239510727,0.9651532711634625,nan,0.317558780664921,0.5181897331743871
jepa_d16_noBN,jepa,16,test_a,16,z_dns,C_L,86,nan,0.9129523195751439,0.9661874821565288,nan,0.39491125114409775,0.6513172680558287
jepa_d16_noBN,jepa,16,test_a,32,z_dns,C_L,86,nan,0.8259643157369053,0.9322434447667781,nan,0.29375963724360216,0.46401701849470445
jepa_d16_noBN,jepa,16,test_a,64,z_dns,C_L,86,nan,0.09798153700273235,0.5683077415038148,nan,0.2237479502541364,0.3824413961618947
jepa_d16_noBN,jepa,16,test_a,1,z_dns,C_D,86,nan,0.3485901171896897,0.7463927556961558,nan,0.14106082722514718,0.20144421817790786
jepa_d16_noBN,jepa,16,test_a,4,z_dns,C_D,86,nan,-0.24454531216694045,0.5493335890748784,nan,0.13269361858331477,0.20141139340757194
jepa_d16_noBN,jepa,16,test_a,8,z_dns,C_D,86,nan,0.3387154540706338,0.825770969912159,nan,0.11971588586779594,0.1844196352688953
jepa_d16_noBN,jepa,16,test_a,16,z_dns,C_D,86,nan,0.8430958879313362,0.939007811236188,nan,0.12174610252015552,0.17071831409929894
jepa_d16_noBN,jepa,16,test_a,32,z_dns,C_D,86,nan,0.6545389079806871,0.9093718654818005,nan,0.12199751979250321,0.17746076315890008
jepa_d16_noBN,jepa,16,test_a,64,z_dns,C_D,86,nan,-1.0267495924009797,0.4032511413399094,nan,0.0712299356314915,0.12500536089976771
jepa_d16_noBN,jepa,16,test_a,1,z_dns,I_y,86,-0.8682487270718395,-1.602300974115445,-0.42402529001450606,2.797656382316523,2.373345885061834,3.222630379727741
jepa_d16_noBN,jepa,16,test_a,4,z_dns,I_y,86,-0.5102562252620761,-0.9272019877203967,-0.25107603814048596,2.4604429512512773,2.116390679598242,2.81679314134061
jepa_d16_noBN,jepa,16,test_a,8,z_dns,I_y,86,-0.2412955528942109,-0.763947419721045,0.04022675153497066,2.2802689376417358,1.9560524294694213,2.6243385141915843
jepa_d16_noBN,jepa,16,test_a,16,z_dns,I_y,86,0.09039914920120629,-0.60353407441303,0.47325939959569163,1.7824912702619238,1.4772067015175574,2.106758982736748
jepa_d16_noBN,jepa,16,test_a,32,z_dns,I_y,86,0.14709862801452478,-0.3889426059402874,0.46656195593199623,1.6054163433129909,1.2928519017960949,1.9653916214073455
jepa_d16_noBN,jepa,16,test_a,64,z_dns,I_y,86,0.15742637144565408,0.06105459818317472,0.22768005482035364,3.2747169898431947,2.4352300512648846,4.184492713073364
jepa_d16_noBN,jepa,16,test_a,1,z_dns,wake_enstrophy,86,0.5765556618873983,0.43199366723766464,0.7270546400589372,42.555566764074406,31.857709185843103,58.429946813023044
jepa_d16_noBN,jepa,16,test_a,4,z_dns,wake_enstrophy,86,0.6311952228711075,0.4280619174004028,0.7177936794320283,39.74853576047839,30.94838150007995,50.34291445679234
jepa_d16_noBN,jepa,16,test_a,8,z_dns,wake_enstrophy,86,0.4352920453968988,0.2840200497541906,0.7171093925014724,45.462245913458844,33.65689346176004,62.18787299771147
jepa_d16_noBN,jepa,16,test_a,16,z_dns,wake_enstrophy,86,0.8658807129689646,0.7217458122810689,0.9311074367383799,36.39058236100902,30.226061975041542,44.18772983326011
jepa_d16_noBN,jepa,16,test_a,32,z_dns,wake_enstrophy,86,0.767136261538608,0.7057504568729173,0.842704957748671,53.05667227836477,38.27980325337499,72.02347866658793
jepa_d16_noBN,jepa,16,test_a,64,z_dns,wake_enstrophy,86,0.8134901776509939,0.6835407762226403,0.8767684550312483,34.261476556751596,26.732670568703092,44.40620182365222
jepa_d16_noBN,jepa,16,test_a,1,z_dns,circulation_pos,86,0.6066171592775893,0.24809210710241164,0.7294107587130841,1.0255101286230899,0.8662135615497778,1.2037035849439428
jepa_d16_noBN,jepa,16,test_a,4,z_dns,circulation_pos,86,0.5817297584916654,0.23172865957226882,0.7023010294505548,1.0439698570505196,0.8530831922163062,1.2600983377965516
jepa_d16_noBN,jepa,16,test_a,8,z_dns,circulation_pos,86,0.5616079902413484,0.2892956288969827,0.667109289288717,1.2263123737869828,1.017211004589187,1.4526165896662022
jepa_d16_noBN,jepa,16,test_a,16,z_dns,circulation_pos,86,0.8230358406309926,0.6353384815031032,0.8944173904305782,0.9437550204714014,0.7932124736045871,1.1039645818827146
jepa_d16_noBN,jepa,16,test_a,32,z_dns,circulation_pos,86,0.8045138246430509,0.7317603961946065,0.8486488126099548,1.1016067471133109,0.8625923951608989,1.359545072830833
jepa_d16_noBN,jepa,16,test_a,64,z_dns,circulation_pos,86,0.8061013953687846,0.7125583825238293,0.8729712629772408,0.9300617740631084,0.7529087927286509,1.165871612180506
jepa_d16_noBN,jepa,16,test_a,1,z_dns,circulation_neg,86,0.7753059102564164,0.5754169815965563,0.8506285087845183,0.7393267429236006,0.6235694472876623,0.8676351069188146
jepa_d16_noBN,jepa,16,test_a,4,z_dns,circulation_neg,86,0.7168276573204542,0.5438296504290752,0.7872936124050814,0.8749179395945296,0.7471572504196101,1.0143450431367653
jepa_d16_noBN,jepa,16,test_a,8,z_dns,circulation_neg,86,0.6380648454641195,0.4644127499207978,0.7236949668407548,0.9994163415708733,0.8297074462824544,1.1732020350915882
jepa_d16_noBN,jepa,16,test_a,16,z_dns,circulation_neg,86,0.7688526863634295,0.6627621767743517,0.8419540052568749,0.8957921182002468,0.7265685666946259,1.0829116586957366
jepa_d16_noBN,jepa,16,test_a,32,z_dns,circulation_neg,86,0.7810970565102345,0.7083810741510072,0.8244191572901092,1.1044994382903948,0.9247321743002741,1.303272706396468
jepa_d16_noBN,jepa,16,test_a,64,z_dns,circulation_neg,86,0.7991375126983271,0.7430540901132613,0.8454075720237982,0.84155208655669,0.6520563817273127,1.0772529088785168
jepa_d16_noBN,jepa,16,test_a,1,z_markov,C_L,86,nan,0.8046452153465181,0.9309163117389324,nan,0.3051835801939723,0.41365666749308766
jepa_d16_noBN,jepa,16,test_a,4,z_markov,C_L,86,nan,0.799488859106682,0.9476123854335724,nan,0.31369099958506597,0.45586152879776465
jepa_d16_noBN,jepa,16,test_a,8,z_markov,C_L,86,nan,0.8396941619749941,0.9320835944853059,nan,0.48785167853918904,0.7359069265252297
jepa_d16_noBN,jepa,16,test_a,16,z_markov,C_L,86,nan,0.7602865819275705,0.9084722345739611,nan,0.623557442335507,1.0484387935776638
jepa_d16_noBN,jepa,16,test_a,32,z_markov,C_L,86,nan,-0.05408374018477024,0.7864562311609213,nan,0.5566855075379501,0.8757146318774272
jepa_d16_noBN,jepa,16,test_a,64,z_markov,C_L,86,nan,-4.5862609624596455,0.028225519804462168,nan,0.5220558281144814,0.7652532323270494
jepa_d16_noBN,jepa,16,test_a,1,z_markov,C_D,86,nan,0.36996053450901095,0.78051546836339,nan,0.13522451548008751,0.20223231335927286
jepa_d16_noBN,jepa,16,test_a,4,z_markov,C_D,86,nan,-0.30006738459876975,0.5812554564179011,nan,0.13467185666542678,0.19750403942208591
jepa_d16_noBN,jepa,16,test_a,8,z_markov,C_D,86,nan,0.46418774436030585,0.8547332995749299,nan,0.12567710674402266,0.19335315370384715
jepa_d16_noBN,jepa,16,test_a,16,z_markov,C_D,86,nan,0.6712341186982104,0.8639692996872499,nan,0.15724596269406585,0.2552884243535262
jepa_d16_noBN,jepa,16,test_a,32,z_markov,C_D,86,nan,0.24616313600820997,0.7634250141785899,nan,0.13081255662823946,0.21538094204093466
jepa_d16_noBN,jepa,16,test_a,64,z_markov,C_D,86,nan,-8.67119850252936,0.5845745538172896,nan,0.13251617053333375,0.19267590545614338
jepa_d16_noBN,jepa,16,test_a,1,z_markov,I_y,86,-0.8727834768135896,-1.6144915074589392,-0.4438013564831126,2.8010342274927567,2.411529313808536,3.2278637727641555
jepa_d16_noBN,jepa,16,test_a,4,z_markov,I_y,86,-0.4889868816813525,-0.8694785513237431,-0.25786392365370814,2.4398803344429805,2.1032710548748628,2.831780913227481
jepa_d16_noBN,jepa,16,test_a,8,z_markov,I_y,86,-0.27611640548671623,-0.6986922826294846,-0.0518785910408517,2.3333290085273,2.0160592345319825,2.682905154908549
jepa_d16_noBN,jepa,16,test_a,16,z_markov,I_y,86,0.1693532372371681,-0.32553344565027864,0.40460070433813594,1.8360798104836242,1.5553177584512963,2.1339684758275728
jepa_d16_noBN,jepa,16,test_a,32,z_markov,I_y,86,0.17338601670813014,-0.26145615304430214,0.43031514133670945,1.6569576017623489,1.3751073864350671,1.9729355987497796
jepa_d16_noBN,jepa,16,test_a,64,z_markov,I_y,86,0.26871702526639185,0.12032086621568873,0.3547682771916966,3.2045742309627134,2.5050233805316804,4.023790423179743
jepa_d16_noBN,jepa,16,test_a,1,z_markov,wake_enstrophy,86,0.5309142393045352,0.4105610279909611,0.6916986590097821,43.54204608102785,31.860031649298637,59.65324271830461
jepa_d16_noBN,jepa,16,test_a,4,z_markov,wake_enstrophy,86,0.5683812325321245,0.3891275185304369,0.6692319579176451,40.035451547993034,30.068741720239363,52.51795972110647
jepa_d16_noBN,jepa,16,test_a,8,z_markov,wake_enstrophy,86,0.34200264558853755,0.16389438504520282,0.6629453904731561,47.65874505006678,35.19656450131278,65.3079497758983
jepa_d16_noBN,jepa,16,test_a,16,z_markov,wake_enstrophy,86,0.6344107307980491,0.25409892702549725,0.7681652184262141,47.5600102087425,35.51949159900296,60.94737591708499
jepa_d16_noBN,jepa,16,test_a,32,z_markov,wake_enstrophy,86,0.5361365242721248,0.30260546679757877,0.6223962370648864,70.4634875759773,49.261867250822064,98.42154110601741
jepa_d16_noBN,jepa,16,test_a,64,z_markov,wake_enstrophy,86,0.5024872552525822,-0.8536066855977573,0.7586116561708535,63.8688500342243,51.13705958506874,78.21870874561816
jepa_d16_noBN,jepa,16,test_a,1,z_markov,circulation_pos,86,0.5797562992041843,0.21304092186777301,0.6978262746367009,1.0300098073866926,0.8485134423475229,1.2222412956636204
jepa_d16_noBN,jepa,16,test_a,4,z_markov,circulation_pos,86,0.5590628136025337,0.29467045677693904,0.6536514741813004,1.0784176018401346,0.888498017237601,1.297727927322256
jepa_d16_noBN,jepa,16,test_a,8,z_markov,circulation_pos,86,0.4986688137941365,0.2493841639173718,0.6030944523745081,1.2680110165341385,1.035827937712174,1.5339564759749982
jepa_d16_noBN,jepa,16,test_a,16,z_markov,circulation_pos,86,0.5328236541056162,0.10106843251874835,0.7220885423782957,1.3243088910590495,1.0450474806939822,1.6598493465316642
jepa_d16_noBN,jepa,16,test_a,32,z_markov,circulation_pos,86,0.5589334461502848,0.25376780442259966,0.6920651362498269,1.5750848990573223,1.2027909578519052,2.0106131458168774
jepa_d16_noBN,jepa,16,test_a,64,z_markov,circulation_pos,86,0.5204103589020195,-0.19880132394703354,0.7477586786476685,1.4698350411162633,1.1703522255925147,1.8046817885900814
jepa_d16_noBN,jepa,16,test_a,1,z_markov,circulation_neg,86,0.762467988244302,0.5750537106086834,0.8378227152079355,0.7731077290339539,0.6562311924388468,0.9016598205967779
jepa_d16_noBN,jepa,16,test_a,4,z_markov,circulation_neg,86,0.6614998916348837,0.44373097917932597,0.7554784060020809,0.9191352019024231,0.7712482188422274,1.0861486436749797
jepa_d16_noBN,jepa,16,test_a,8,z_markov,circulation_neg,86,0.5632868410873995,0.35851407767943255,0.6828743116216719,1.0524065075685258,0.8585470344234439,1.246922615028962
jepa_d16_noBN,jepa,16,test_a,16,z_markov,circulation_neg,86,0.5830941749370553,0.30387397690763257,0.7513643639094941,1.1995249629596776,0.9815037477128308,1.4429147635607162
jepa_d16_noBN,jepa,16,test_a,32,z_markov,circulation_neg,86,0.631287910791511,0.44862859553551415,0.7400896446000882,1.2864750330329988,1.0212940585729533,1.5886158049269066
jepa_d16_noBN,jepa,16,test_a,64,z_markov,circulation_neg,86,0.43853526731575077,-0.13020455826361052,0.6117325752623138,1.444482576689547,1.1137650679426154,1.8142972356519422
jepa_d16_noBN,jepa,16,test_a,1,z_full,C_L,86,nan,0.8074148891153946,0.930615082568988,nan,0.28981844844046206,0.38989805609078426
jepa_d16_noBN,jepa,16,test_a,4,z_full,C_L,86,nan,0.8203986596212536,0.9437170853782073,nan,0.31815706778080444,0.45775789248356397
jepa_d16_noBN,jepa,16,test_a,8,z_full,C_L,86,nan,0.9108191991870977,0.9673389312926687,nan,0.33472049642112683,0.5348889505196979
jepa_d16_noBN,jepa,16,test_a,16,z_full,C_L,86,nan,0.9132138270806843,0.9618088755089772,nan,0.3661623168554231,0.6255845802953768
jepa_d16_noBN,jepa,16,test_a,32,z_full,C_L,86,nan,0.6209272124873588,0.8693011568082726,nan,0.3284208220248992,0.6397572934779131
jepa_d16_noBN,jepa,16,test_a,64,z_full,C_L,86,nan,-0.49905441931060657,0.7108258687804294,nan,0.2477670686953193,0.3724539957542237
jepa_d16_noBN,jepa,16,test_a,1,z_full,C_D,86,nan,0.3982947868334199,0.7734397993025474,nan,0.14061695494972157,0.20474496845165902
jepa_d16_noBN,jepa,16,test_a,4,z_full,C_D,86,nan,-0.41209771084348196,0.5310528167744182,nan,0.13724123346760084,0.21157933077628452
jepa_d16_noBN,jepa,16,test_a,8,z_full,C_D,86,nan,0.28732293907524786,0.8213433073788885,nan,0.13978727745775843,0.21392084154562352
jepa_d16_noBN,jepa,16,test_a,16,z_full,C_D,86,nan,0.7738805692086493,0.910274885070922,nan,0.13629361890592334,0.2134476412072317
jepa_d16_noBN,jepa,16,test_a,32,z_full,C_D,86,nan,0.6951861856314722,0.8499796624432008,nan,0.11406095460429877,0.181374626367422
jepa_d16_noBN,jepa,16,test_a,64,z_full,C_D,86,nan,-2.137051982989019,0.8183635144851156,nan,0.08542132262143874,0.12582603998518552
jepa_d16_noBN,jepa,16,test_a,1,z_full,I_y,86,-0.8852099669563358,-1.6099833534415606,-0.42920324294801065,2.791690419073137,2.3860266573504525,3.262448494720015
jepa_d16_noBN,jepa,16,test_a,4,z_full,I_y,86,-0.5083315849035916,-0.9451328576841105,-0.25095471131740715,2.4711588807868186,2.125061471363702,2.837405915523147
jepa_d16_noBN,jepa,16,test_a,8,z_full,I_y,86,-0.15521506235475302,-0.6069252527879253,0.08020317126351106,2.2100840215631745,1.9034361720834005,2.5362225099230646
jepa_d16_noBN,jepa,16,test_a,16,z_full,I_y,86,0.004347437953675981,-0.6701429614538275,0.36944291394489076,1.8839155511893404,1.547306856867366,2.238362831365571
jepa_d16_noBN,jepa,16,test_a,32,z_full,I_y,86,0.13193516399613836,-0.35613395608808585,0.4244951830988672,1.6451226122315867,1.3391629212687084,2.005175641272487
jepa_d16_noBN,jepa,16,test_a,64,z_full,I_y,86,0.20860993377515435,0.11474627788701454,0.27607703780209697,3.2594009489460203,2.500477624233869,4.14274475975753
jepa_d16_noBN,jepa,16,test_a,1,z_full,wake_enstrophy,86,0.521979864156706,0.4154196683013195,0.6781008516854723,43.77290110838264,31.943422819129488,61.39616500808058
jepa_d16_noBN,jepa,16,test_a,4,z_full,wake_enstrophy,86,0.5594989143705709,0.3679845005924168,0.6549585435311134,41.180415255647276,31.224946927163902,53.040456973278175
jepa_d16_noBN,jepa,16,test_a,8,z_full,wake_enstrophy,86,0.3704998571670237,0.1953296605115624,0.6843973111951115,47.90781016119393,35.938756271004635,64.70967946129544
jepa_d16_noBN,jepa,16,test_a,16,z_full,wake_enstrophy,86,0.6875901095405177,0.13593534940100685,0.8637806811262125,44.08408415920309,33.0932217884269,58.34394041383605
jepa_d16_noBN,jepa,16,test_a,32,z_full,wake_enstrophy,86,0.6381486620778669,0.3361054924713203,0.7666420728694172,60.189975334782346,40.8386908110689,82.84082490265955
jepa_d16_noBN,jepa,16,test_a,64,z_full,wake_enstrophy,86,0.6561061476649186,-0.18700163704518186,0.8266009887363865,45.57568574396211,34.017418411400364,59.3717037515174
jepa_d16_noBN,jepa,16,test_a,1,z_full,circulation_pos,86,0.5653214079665043,0.24466016381926886,0.6843158262960094,1.0408273226470208,0.8696285662074084,1.2454956202400957
jepa_d16_noBN,jepa,16,test_a,4,z_full,circulation_pos,86,0.5318919063038162,0.27156390354421484,0.636479607325714,1.0975728922534498,0.8869670515997725,1.3339458415383894
jepa_d16_noBN,jepa,16,test_a,8,z_full,circulation_pos,86,0.5245319153043819,0.20978665881360975,0.6346330989724932,1.2793713609465127,1.0595793186292917,1.5320678504535556
jepa_d16_noBN,jepa,16,test_a,16,z_full,circulation_pos,86,0.6143382144847543,0.041324745028893384,0.8419160947457425,1.1107023934903255,0.8607027976919145,1.4331929751638688
jepa_d16_noBN,jepa,16,test_a,32,z_full,circulation_pos,86,0.64749885767318,0.26874474895820627,0.7898286621595474,1.3535750422624693,1.0204343833403664,1.7520068380191505
jepa_d16_noBN,jepa,16,test_a,64,z_full,circulation_pos,86,0.5933469568433565,-0.0028371995728388244,0.7969807914799056,1.231062322434245,0.9346770928984098,1.5638851120586434
jepa_d16_noBN,jepa,16,test_a,1,z_full,circulation_neg,86,0.7616428793227618,0.5660740940997201,0.841113727861733,0.7724189762623831,0.6513305426921904,0.9035286043402355
jepa_d16_noBN,jepa,16,test_a,4,z_full,circulation_neg,86,0.6680271977921719,0.4702871539451083,0.7621618217972702,0.9050076983355574,0.757556546580589,1.0626306821309788
jepa_d16_noBN,jepa,16,test_a,8,z_full,circulation_neg,86,0.5795343227074754,0.39388657110994574,0.6813154556199122,1.0397358019689267,0.8481115783983343,1.2420654678771368
jepa_d16_noBN,jepa,16,test_a,16,z_full,circulation_neg,86,0.6261540036447157,0.30542031940385017,0.8131247102842142,1.0453288124349476,0.8281491463812057,1.3066052951768317
jepa_d16_noBN,jepa,16,test_a,32,z_full,circulation_neg,86,0.7002114421748098,0.4783120970401896,0.8173188378809986,1.1336133337349459,0.9050093796888993,1.415668741024152
jepa_d16_noBN,jepa,16,test_a,64,z_full,circulation_neg,86,0.5919484411121307,0.21090036438949256,0.7229168076360198,1.1911695621528693,0.8969552785386662,1.5293589617857102
jepa_d16_noBN,jepa,16,test_b,1,z_dns,C_L,42,0.7825785775068683,0.6260658183823772,0.9129375817191248,0.35699784727769157,0.24425827195989508,0.4985608629395848
jepa_d16_noBN,jepa,16,test_b,4,z_dns,C_L,42,0.886555260175283,0.6689973726040551,0.9329462995136503,0.42752439028749234,0.31222022898634344,0.5573269129011141
jepa_d16_noBN,jepa,16,test_b,8,z_dns,C_L,42,0.9580936197864481,0.9067836721593826,0.9703031704580046,0.443420983106489,0.33666301613464733,0.558168281047007
jepa_d16_noBN,jepa,16,test_b,16,z_dns,C_L,42,0.8537046376318065,0.7412758035831738,0.9450170294249789,0.6270741234553369,0.4230627388200839,0.8905826132273927
jepa_d16_noBN,jepa,16,test_b,32,z_dns,C_L,42,0.741294827363947,0.4308779087563654,0.8804253956461313,0.5260425276746067,0.34989408543230527,0.7277590544128585
jepa_d16_noBN,jepa,16,test_b,64,z_dns,C_L,42,-0.18868865586931016,-0.5214848249175511,0.27788942083740764,0.3320345390794192,0.2105673744501076,0.49519616196755967
jepa_d16_noBN,jepa,16,test_b,1,z_dns,C_D,42,0.3165883740777129,-0.14781246966040046,0.5222756304590553,0.26703268889772863,0.2014939902286563,0.33703135347280416
jepa_d16_noBN,jepa,16,test_b,4,z_dns,C_D,42,0.1397948719728329,-0.7879283209830753,0.42860486136795956,0.2760748838174992,0.2072078322721674,0.35585460815407566
jepa_d16_noBN,jepa,16,test_b,8,z_dns,C_D,42,0.662538224796086,0.509093297171162,0.7352781851742375,0.23770671575702426,0.16370706949173933,0.3169624745667396
jepa_d16_noBN,jepa,16,test_b,16,z_dns,C_D,42,0.6361637543202019,0.4771728352147163,0.7716206762926676,0.2669066582417984,0.172806217391314,0.3798465977445168
jepa_d16_noBN,jepa,16,test_b,32,z_dns,C_D,42,0.7601061804821289,0.5866973504629417,0.8426765331502516,0.21430812269078903,0.15876652675400302,0.2828218658438702
jepa_d16_noBN,jepa,16,test_b,64,z_dns,C_D,42,0.40592558857288885,0.056701761717909284,0.5262836408723945,0.11191661037349176,0.07581295241135981,0.1555311042622463
jepa_d16_noBN,jepa,16,test_b,1,z_dns,I_y,42,-0.6845518303969089,-1.7924059505787466,-0.04531892046733096,3.1814624751226197,2.5172665837831185,3.905109622804518
jepa_d16_noBN,jepa,16,test_b,4,z_dns,I_y,42,-0.8924633881411883,-1.7889102521185203,-0.4126745296739519,3.1560660098843223,2.4307083069286617,3.9263482950495177
jepa_d16_noBN,jepa,16,test_b,8,z_dns,I_y,42,-0.6696924073297459,-1.5241406217963769,-0.31081252815827826,3.2698491419858624,2.5390677928001875,4.098504354445827
jepa_d16_noBN,jepa,16,test_b,16,z_dns,I_y,42,-0.14760796411686816,-0.661206834743568,0.2876006278299941,2.8826102171512136,2.042663165515093,4.00704921496778
jepa_d16_noBN,jepa,16,test_b,32,z_dns,I_y,42,0.4113932802041853,-0.4328664134741521,0.683314491663631,1.777298041097755,1.406112637888024,2.1738940828935784
jepa_d16_noBN,jepa,16,test_b,64,z_dns,I_y,42,0.06054547179559666,-0.5424821110060666,0.24124679852720826,3.966163544757208,2.6265568016231793,5.4663563395023145
jepa_d16_noBN,jepa,16,test_b,1,z_dns,wake_enstrophy,42,0.638559326105739,-0.9466480948458667,0.8323788316982688,41.488021476256776,32.161055542685396,51.306414860163535
jepa_d16_noBN,jepa,16,test_b,4,z_dns,wake_enstrophy,42,0.6589595204252567,-1.0470208794381892,0.8183296211224589,37.64451644895022,27.133269318724068,49.5712167277072
jepa_d16_noBN,jepa,16,test_b,8,z_dns,wake_enstrophy,42,0.7127429595836385,-1.3640930663315074,0.8231963891228987,35.62226311618698,26.061761481845384,47.176836290907644
jepa_d16_noBN,jepa,16,test_b,16,z_dns,wake_enstrophy,42,0.5474311577091708,-2.1810768067850717,0.7538157004936741,50.08974919106326,40.52571714735554,60.01603531378439
jepa_d16_noBN,jepa,16,test_b,32,z_dns,wake_enstrophy,42,0.6441974360027634,0.3172356998115072,0.840216129538158,39.460876887539115,27.708929174193695,52.82665206151529
jepa_d16_noBN,jepa,16,test_b,64,z_dns,wake_enstrophy,42,0.7168403693715211,0.5220069774437208,0.7909929154035394,35.67286899045685,27.454280251894737,44.63541890652377
jepa_d16_noBN,jepa,16,test_b,1,z_dns,circulation_pos,42,0.49172486285367534,-0.29547840768460626,0.7237596678900179,1.0046445667627961,0.8030070779885229,1.191417287469865
jepa_d16_noBN,jepa,16,test_b,4,z_dns,circulation_pos,42,0.5369754970914213,0.03071878793139043,0.7243527492451928,1.0174659404194148,0.816967239616752,1.2447310320066751
jepa_d16_noBN,jepa,16,test_b,8,z_dns,circulation_pos,42,0.4675101447569462,-0.14079179629744626,0.6442221818270879,1.200755815239702,0.984077614146604,1.452169924595456
jepa_d16_noBN,jepa,16,test_b,16,z_dns,circulation_pos,42,0.6587438384348614,0.39131153835102006,0.7516963234359983,0.9393408456747206,0.6988718469221773,1.1982363394598925
jepa_d16_noBN,jepa,16,test_b,32,z_dns,circulation_pos,42,0.6281034798118299,0.3965029608859695,0.7655952285373545,1.0540733930403938,0.8093676727953266,1.3143697020923353
jepa_d16_noBN,jepa,16,test_b,64,z_dns,circulation_pos,42,0.7267911832179259,0.5834339484945926,0.8259294755739999,0.8831282022911314,0.6636550638184207,1.125101244895096
jepa_d16_noBN,jepa,16,test_b,1,z_dns,circulation_neg,42,0.63649457675007,-0.01239075283694672,0.740843310583301,1.3504826970517154,1.0063216306094385,1.7689126659857313
jepa_d16_noBN,jepa,16,test_b,4,z_dns,circulation_neg,42,0.6086452887231456,-0.14668272496336368,0.6995166323606803,1.4546912333735365,1.0893612131268233,1.8845398796548616
jepa_d16_noBN,jepa,16,test_b,8,z_dns,circulation_neg,42,0.6046805085965653,-0.013505418092117805,0.7058457439009141,1.4899417205181034,1.0705739834251904,1.9939836942877809
jepa_d16_noBN,jepa,16,test_b,16,z_dns,circulation_neg,42,0.611152683876677,0.3456326364984168,0.7683971085566027,1.32222572463894,0.8877307616537576,1.8590288042982819
jepa_d16_noBN,jepa,16,test_b,32,z_dns,circulation_neg,42,0.7089962646719559,0.339793414507192,0.8148278238031669,1.1730684003600318,0.9799053254393747,1.3732312676287008
jepa_d16_noBN,jepa,16,test_b,64,z_dns,circulation_neg,42,0.8408276306388733,0.782964247283542,0.8933905016554577,0.6997352980516246,0.4779475518599925,0.9680504926216968
jepa_d16_noBN,jepa,16,test_b,1,z_markov,C_L,42,0.7165427504022079,0.44066994320566416,0.8643081361138104,0.45128569464540047,0.33551454364346966,0.6080148121284036
jepa_d16_noBN,jepa,16,test_b,4,z_markov,C_L,42,0.7214804516639022,0.3587911391636356,0.807665714399324,0.6566504204479571,0.4641803257645383,0.8645164744095155
jepa_d16_noBN,jepa,16,test_b,8,z_markov,C_L,42,0.8124810354307466,0.6356418372010143,0.8690398748293717,0.7795689211558761,0.5066548258854412,1.0806751097183607
jepa_d16_noBN,jepa,16,test_b,16,z_markov,C_L,42,0.6417041053273511,0.4256498347065508,0.842369280943613,0.936005441520288,0.6133662661800531,1.3570507026852592
jepa_d16_noBN,jepa,16,test_b,32,z_markov,C_L,42,0.35570994159808933,-0.13887331437731965,0.7907570361237221,0.7083005395682429,0.4326882781686816,1.0853620742287644
jepa_d16_noBN,jepa,16,test_b,64,z_markov,C_L,42,-3.787944009978979,-13.355282270872033,-0.9264201244413929,0.8838954878061879,0.6791741318333769,1.1137961087297568
jepa_d16_noBN,jepa,16,test_b,1,z_markov,C_D,42,0.3627988579458854,-0.14078486994461628,0.5762450547708748,0.25426341134198427,0.19004003237195893,0.32463337057397157
jepa_d16_noBN,jepa,16,test_b,4,z_markov,C_D,42,0.2249416090761004,-0.30162823915656023,0.46838728497273224,0.24349431437581873,0.17367045743508208,0.3214059310801933
jepa_d16_noBN,jepa,16,test_b,8,z_markov,C_D,42,0.5564327584869548,0.367251557053124,0.7342733545158092,0.23169030984663705,0.14740506190973304,0.33272016451681263
jepa_d16_noBN,jepa,16,test_b,16,z_markov,C_D,42,0.4646303466349432,0.2538264164111163,0.6484382572097328,0.3123228881675038,0.18796366029767814,0.45457092944189487
jepa_d16_noBN,jepa,16,test_b,32,z_markov,C_D,42,0.5119121353849586,0.2566673600853104,0.6335144903374791,0.2771988994344162,0.1891216427639608,0.37409228818553153
jepa_d16_noBN,jepa,16,test_b,64,z_markov,C_D,42,-1.3839715567396116,-7.796533016957088,-0.04630948894889022,0.2422364059847866,0.1711878115160283,0.3183819510702176
jepa_d16_noBN,jepa,16,test_b,1,z_markov,I_y,42,-0.7042727851613866,-1.9249520582077302,-0.04250957214899298,3.113962512419863,2.410560122503462,3.831084914312767
jepa_d16_noBN,jepa,16,test_b,4,z_markov,I_y,42,-0.8163828799806205,-1.6743549404139166,-0.2681498427768217,2.9709550647350516,2.267460186996071,3.803684225822764
jepa_d16_noBN,jepa,16,test_b,8,z_markov,I_y,42,-0.5657119023550943,-1.0903470131713828,-0.2836320745205526,3.1040448958216404,2.3978793084237084,3.8960984060876167
jepa_d16_noBN,jepa,16,test_b,16,z_markov,I_y,42,0.0023999179903132495,-0.5039571862626749,0.17899775978970395,2.7243555951995373,1.8947040388382637,3.708066497228635
jepa_d16_noBN,jepa,16,test_b,32,z_markov,I_y,42,0.3980644826890317,-0.2647436547816849,0.5988445039239921,1.8599911441146473,1.5200159522138907,2.2250088002446997
jepa_d16_noBN,jepa,16,test_b,64,z_markov,I_y,42,0.173134704185818,-0.40145200628005484,0.3327819536863944,3.6881806596889146,2.4708973579247746,5.094077523971981
jepa_d16_noBN,jepa,16,test_b,1,z_markov,wake_enstrophy,42,0.5862343442505686,-1.2964952195159751,0.7742332270098196,43.82625483076957,34.213770722757644,54.77940003267318
jepa_d16_noBN,jepa,16,test_b,4,z_markov,wake_enstrophy,42,0.5085140229838564,-1.1060840479466332,0.6876550651009075,43.47305030305521,31.14499786981526,57.7612275478513
jepa_d16_noBN,jepa,16,test_b,8,z_markov,wake_enstrophy,42,0.5064813164186845,-1.4657325010933973,0.6746189434091536,40.23819917259327,26.286486468614974,56.97395744793396
jepa_d16_noBN,jepa,16,test_b,16,z_markov,wake_enstrophy,42,0.26476439594659285,-1.4909480725408215,0.4684275170590178,53.36011475651846,38.75939325693918,71.5640258482838
jepa_d16_noBN,jepa,16,test_b,32,z_markov,wake_enstrophy,42,0.6334184445874849,0.34866047417211593,0.7848310381167318,41.82676345419844,30.90663074194956,54.082852275528914
jepa_d16_noBN,jepa,16,test_b,64,z_markov,wake_enstrophy,42,0.07989361265645956,-1.1954678437855781,0.5247709179601318,60.55865713097742,44.25849435823388,77.8242203413525
jepa_d16_noBN,jepa,16,test_b,1,z_markov,circulation_pos,42,0.4370215058382315,-0.28752994755981226,0.6676593147061411,1.058212657545475,0.854118206834427,1.2676462298166442
jepa_d16_noBN,jepa,16,test_b,4,z_markov,circulation_pos,42,0.46302518277483584,-0.03566877696384156,0.631581039463571,1.0554408675062532,0.8309147128282839,1.3063607966669455
jepa_d16_noBN,jepa,16,test_b,8,z_markov,circulation_pos,42,0.4146259151453948,0.0770769544835016,0.5831509709656112,1.1160683804092133,0.8420879773862401,1.4580263081363767
jepa_d16_noBN,jepa,16,test_b,16,z_markov,circulation_pos,42,0.2498746706713113,0.03903485411169311,0.5277976889369081,1.2646261741421394,0.9025732012171767,1.749249807506377
jepa_d16_noBN,jepa,16,test_b,32,z_markov,circulation_pos,42,0.4672822128948484,0.22987996396685512,0.6357250539701255,1.2538127301694217,0.9536704897294849,1.5712879091822383
jepa_d16_noBN,jepa,16,test_b,64,z_markov,circulation_pos,42,0.32850981735929385,-0.17806236745083348,0.5668555883878813,1.3356974727860123,0.9643483968074581,1.7074303201627592
jepa_d16_noBN,jepa,16,test_b,1,z_markov,circulation_neg,42,0.6281293168402938,0.016133230866593278,0.7406370373060925,1.3223062051821093,0.9621702022187892,1.7531352747467872
jepa_d16_noBN,jepa,16,test_b,4,z_markov,circulation_neg,42,0.5649315613499477,0.12218757598740483,0.6775912316808248,1.4726838872532657,1.0758320409673585,1.9901054789776893
jepa_d16_noBN,jepa,16,test_b,8,z_markov,circulation_neg,42,0.5281845933922118,0.11957911478088552,0.6463872346987563,1.501647796617132,1.0207113353487134,2.132170070459455
jepa_d16_noBN,jepa,16,test_b,16,z_markov,circulation_neg,42,0.5569462720878084,0.43465588644634967,0.7394670135199549,1.3046651568900982,0.8302666587663771,1.9245836857813081
jepa_d16_noBN,jepa,16,test_b,32,z_markov,circulation_neg,42,0.7224401690320623,0.5133349921105402,0.8120794962072705,0.975458470633542,0.7175795657782188,1.2509281612854672
jepa_d16_noBN,jepa,16,test_b,64,z_markov,circulation_neg,42,0.4036574617336255,-0.05547757472932551,0.6219619018717333,1.4606952119562142,1.0306700154810098,1.924119893241309
jepa_d16_noBN,jepa,16,test_b,1,z_full,C_L,42,0.7287151887757608,0.4756285414016734,0.8620526556436027,0.4561385629587607,0.3442465335905777,0.5931974984871946
jepa_d16_noBN,jepa,16,test_b,4,z_full,C_L,42,0.7721612035976892,0.27316232860395756,0.8573047568466573,0.6196034153125913,0.4591664072198933,0.7949517638639735
jepa_d16_noBN,jepa,16,test_b,8,z_full,C_L,42,0.8846248882152733,0.7390329466612519,0.9260042454275099,0.6659901173961205,0.47151367179135056,0.8950327809718106
jepa_d16_noBN,jepa,16,test_b,16,z_full,C_L,42,0.6930486588305687,0.4620254456779817,0.9081863573351355,0.8338708240997079,0.518304094902436,1.23744448249655
jepa_d16_noBN,jepa,16,test_b,32,z_full,C_L,42,0.2966647108762176,-0.08978890486293283,0.6091794066065387,0.8429790138570442,0.5588890900890622,1.1822587271762097
jepa_d16_noBN,jepa,16,test_b,64,z_full,C_L,42,-0.8824754417776961,-3.9141294729865397,-0.15754486194270798,0.4968724025268496,0.3504513946604106,0.6690408980588037
jepa_d16_noBN,jepa,16,test_b,1,z_full,C_D,42,0.3508671460092545,-0.18760550406741458,0.5904204003450142,0.25657211511726735,0.19252577652838457,0.3349444873339023
jepa_d16_noBN,jepa,16,test_b,4,z_full,C_D,42,0.20013098399661688,-0.5077604651733479,0.5412070119567998,0.24031639290428283,0.1684529551313502,0.32198921651484114
jepa_d16_noBN,jepa,16,test_b,8,z_full,C_D,42,0.6050733114502556,0.475190226508835,0.7197083870266634,0.23604989536426452,0.1559605660002526,0.32881378316849336
jepa_d16_noBN,jepa,16,test_b,16,z_full,C_D,42,0.49738912577151917,0.3173314322455336,0.670319727414029,0.31381882014442164,0.19814494157252363,0.4436285507469808
jepa_d16_noBN,jepa,16,test_b,32,z_full,C_D,42,0.4225705688914384,0.1871750422622049,0.6678423356572679,0.2656979819971571,0.16753919602623837,0.37955372131116805
jepa_d16_noBN,jepa,16,test_b,64,z_full,C_D,42,-0.3155113893759771,-1.8899546913850913,0.01526414833532795,0.16222191109818795,0.10883030024568148,0.2216662537193772
jepa_d16_noBN,jepa,16,test_b,1,z_full,I_y,42,-0.70399557677273,-1.8690057821071688,-0.0868382027576192,3.105767304988114,2.3815532805142663,3.890432699026831
jepa_d16_noBN,jepa,16,test_b,4,z_full,I_y,42,-0.8701097472248498,-1.754771382523721,-0.25114267660397255,2.975053626090408,2.267423248391695,3.826038372760078
jepa_d16_noBN,jepa,16,test_b,8,z_full,I_y,42,-0.5478461052636632,-1.0747616849357133,-0.21093589770072496,3.098136552356754,2.433680887879039,3.9768004429763995
jepa_d16_noBN,jepa,16,test_b,16,z_full,I_y,42,0.04303289260306742,-0.40920008429667454,0.26665693426456977,2.695327313795396,1.906062051173171,3.6737440746979986
jepa_d16_noBN,jepa,16,test_b,32,z_full,I_y,42,0.44956044275098095,-0.1557237416374421,0.656038180242357,1.724856303033714,1.3850090777579684,2.1029265192334448
jepa_d16_noBN,jepa,16,test_b,64,z_full,I_y,42,0.10879575639263384,-0.326396100144851,0.2203663969186404,3.88991822520484,2.6862099029185167,5.317050914634425
jepa_d16_noBN,jepa,16,test_b,1,z_full,wake_enstrophy,42,0.6093081536892203,-0.8933220187360924,0.7975173877411478,42.37839604014931,32.69842301056184,52.974664493646834
jepa_d16_noBN,jepa,16,test_b,4,z_full,wake_enstrophy,42,0.548746946383456,-1.2911813422529437,0.7391438131157726,42.455496822537874,30.792335619931134,56.514134959392955
jepa_d16_noBN,jepa,16,test_b,8,z_full,wake_enstrophy,42,0.4429403019340902,-1.5125699934587662,0.6546246763317902,43.21795354113694,29.04360160223877,61.16312764381347
jepa_d16_noBN,jepa,16,test_b,16,z_full,wake_enstrophy,42,-0.03186007069404462,-2.7448793532149764,0.20104309128255216,59.771149991608524,40.93271527925742,83.00783847259724
jepa_d16_noBN,jepa,16,test_b,32,z_full,wake_enstrophy,42,0.27231031731677147,-0.4132145542128694,0.64904442795859,54.114846383648846,36.91255959548425,72.93259109304003
jepa_d16_noBN,jepa,16,test_b,64,z_full,wake_enstrophy,42,0.18123009555960135,-0.2245400457358135,0.3880287101120031,54.9663449965018,39.64189017874407,72.60698456623874
jepa_d16_noBN,jepa,16,test_b,1,z_full,circulation_pos,42,0.47603209197525975,-0.26936193604964515,0.6977558875690726,1.0049674599618532,0.8010289469937839,1.2102494516870628
jepa_d16_noBN,jepa,16,test_b,4,z_full,circulation_pos,42,0.5179301543205991,0.043440517320646306,0.6795180865193974,1.0102041977147358,0.7901514310882406,1.252371841380418
jepa_d16_noBN,jepa,16,test_b,8,z_full,circulation_pos,42,0.40377572949018914,0.11434171880943733,0.6137237121123322,1.1280289854315857,0.859406612517891,1.4691731572878215
jepa_d16_noBN,jepa,16,test_b,16,z_full,circulation_pos,42,0.20919370765223722,-0.06724529632447329,0.5895297917051215,1.161179559126212,0.7843849201979097,1.6671108109586765
jepa_d16_noBN,jepa,16,test_b,32,z_full,circulation_pos,42,0.6305655609290506,0.4522899864314748,0.7434432619763426,1.0787478896092046,0.8462436674917965,1.3490323387187426
jepa_d16_noBN,jepa,16,test_b,64,z_full,circulation_pos,42,0.40155993921279276,0.18344249749474614,0.5744783624260199,1.1969639651428785,0.8538200343217958,1.6145811840938025
jepa_d16_noBN,jepa,16,test_b,1,z_full,circulation_neg,42,0.643347909314229,0.03196766155184493,0.749233647553376,1.2931367135341287,0.951747491214732,1.717272584793192
jepa_d16_noBN,jepa,16,test_b,4,z_full,circulation_neg,42,0.5905761500693687,0.03921289965655906,0.6934544136631386,1.4265431580822496,1.0418692554345355,1.9065259552204852
jepa_d16_noBN,jepa,16,test_b,8,z_full,circulation_neg,42,0.5299629661739598,0.23438407264663635,0.6562950999996454,1.4543606638224484,0.9593024072023423,2.0544810104918954
jepa_d16_noBN,jepa,16,test_b,16,z_full,circulation_neg,42,0.496872106421544,0.36005355335042505,0.7234264303612283,1.3200761282233948,0.7996376802040976,1.9970162280270338
jepa_d16_noBN,jepa,16,test_b,32,z_full,circulation_neg,42,0.6912129088741299,0.3812205822543436,0.8591738775261486,1.028911613416696,0.7775909670976513,1.3236232283559655
jepa_d16_noBN,jepa,16,test_b,64,z_full,circulation_neg,42,0.3327184555309243,0.05711910572987449,0.5532289772570231,1.40042357956393,0.9344244299158215,1.9559578067711552
jepa_d16_noBN,jepa,16,test_c,1,z_dns,C_L,24,0.6933191962867202,0.3096935237026813,0.8213063293000471,1.0529172619649065,0.7932568672491834,1.3303337210508075
jepa_d16_noBN,jepa,16,test_c,4,z_dns,C_L,24,0.8867302370420966,0.8229548392839582,0.9258902871667462,0.7564899171004527,0.5472685482426184,0.9872631952905662
jepa_d16_noBN,jepa,16,test_c,8,z_dns,C_L,24,0.8383945087213651,0.710697973437865,0.8881407539509849,1.3589635503773974,1.1165781941362947,1.602210425478131
jepa_d16_noBN,jepa,16,test_c,16,z_dns,C_L,24,0.8712095934633071,0.8064733477106021,0.9220254573319546,1.2116978901843118,0.7984664589854895,1.6852655395731593
jepa_d16_noBN,jepa,16,test_c,32,z_dns,C_L,24,-3.9151373316578892,-10.298788548994958,-1.4582189033376576,1.1418648445021546,0.7564675942404144,1.525664713838742
jepa_d16_noBN,jepa,16,test_c,64,z_dns,C_L,24,0.2397666914874339,-0.8816127207811651,0.6366663063469692,0.2553639954590341,0.18324499710107975,0.3331942205845187
jepa_d16_noBN,jepa,16,test_c,1,z_dns,C_D,24,-9.541322117017371,-23.4789102791996,-4.845226085478056,0.8877816634834227,0.6974710947160646,1.0984796920297815
jepa_d16_noBN,jepa,16,test_c,4,z_dns,C_D,24,-15.536538005410055,-31.973677882424745,-8.87191771848513,1.050839890104512,0.8204518195964526,1.3018544224310433
jepa_d16_noBN,jepa,16,test_c,8,z_dns,C_D,24,-14.333993121907987,-22.6488125605962,-9.499183576650983,1.1643337323022742,0.879698138728969,1.4710168940090103
jepa_d16_noBN,jepa,16,test_c,16,z_dns,C_D,24,-1.7142915937874363,-4.690648271865643,-0.02927251846671913,0.6584850092156502,0.40596852893024954,0.9557019981760595
jepa_d16_noBN,jepa,16,test_c,32,z_dns,C_D,24,-9.237541148204256,-23.264495646709832,-3.20289530559668,0.24594477666655346,0.15229140737829056,0.34854108405711093
jepa_d16_noBN,jepa,16,test_c,64,z_dns,C_D,24,-4.099840817985249,-14.440532646287949,-1.339507728776296,0.11397216066372214,0.08698100468085422,0.14113248215515414
jepa_d16_noBN,jepa,16,test_c,1,z_dns,I_y,24,-1.2825235573624418,-3.1794195863154644,-0.35218160696518735,2.7109290679383,2.019155315641065,3.430595732571198
jepa_d16_noBN,jepa,16,test_c,4,z_dns,I_y,24,-4.133522458035748,-8.583471540052358,-2.134170689660819,3.680304627427726,2.8422866534633995,4.480395762255789
jepa_d16_noBN,jepa,16,test_c,8,z_dns,I_y,24,-13.690836540071592,-26.303761316033427,-8.519100746445114,5.349588248710002,4.52412884611729,6.131541761872949
jepa_d16_noBN,jepa,16,test_c,16,z_dns,I_y,24,-19.81562824558666,-53.677460954266564,-11.182365900080724,5.786575763492919,5.034255669225851,6.585682929254575
jepa_d16_noBN,jepa,16,test_c,32,z_dns,I_y,24,-3.067470448529149,-7.22644424885185,-1.5260199975924795,2.136229936680387,1.460575858712817,2.854492012091852
jepa_d16_noBN,jepa,16,test_c,64,z_dns,I_y,24,-0.03458257172055923,-0.5749997620912793,0.03157863819765063,3.7004634098096703,2.054241754037466,5.489833747125656
jepa_d16_noBN,jepa,16,test_c,1,z_dns,wake_enstrophy,24,-0.13089721457567616,-1.2585206060004177,0.3321533060298816,67.00499804697354,53.460396274187254,80.90580273706827
jepa_d16_noBN,jepa,16,test_c,4,z_dns,wake_enstrophy,24,0.4920623784934576,-0.28252346620717356,0.7545288344796904,53.962369499170734,40.61536957373925,67.64294234675387
jepa_d16_noBN,jepa,16,test_c,8,z_dns,wake_enstrophy,24,0.866269277995685,0.7982750729894309,0.9234548719483887,42.23720188308127,29.069457899764,57.35701023089481
jepa_d16_noBN,jepa,16,test_c,16,z_dns,wake_enstrophy,24,0.5150085264551905,0.35055737698556005,0.5947721381440034,129.73019400918471,105.2043804095336,155.7313542317842
jepa_d16_noBN,jepa,16,test_c,32,z_dns,wake_enstrophy,24,0.7131947431584063,0.535674229695884,0.8477434563622863,64.51377439779507,41.94348946558223,91.20678462878668
jepa_d16_noBN,jepa,16,test_c,64,z_dns,wake_enstrophy,24,0.8430088361539297,0.6733906036178003,0.9103906033338763,31.015442414940836,22.616016550075212,39.93297810444082
jepa_d16_noBN,jepa,16,test_c,1,z_dns,circulation_pos,24,-0.819769258415125,-1.8802295932542954,-0.29800546317282817,1.6282517553657831,1.300877132599607,1.9451317131931007
jepa_d16_noBN,jepa,16,test_c,4,z_dns,circulation_pos,24,-1.9156889638712693,-5.883931114510771,-0.7452753902525893,2.082733573550382,1.686267662298195,2.4688972632307054
jepa_d16_noBN,jepa,16,test_c,8,z_dns,circulation_pos,24,0.112130508024186,-1.0772498642332151,0.5054023610086725,1.2824071781536266,1.0193286907153076,1.5565387495811065
jepa_d16_noBN,jepa,16,test_c,16,z_dns,circulation_pos,24,0.7802369012615397,0.5424993420233338,0.9207050185641248,0.5972157430156428,0.3807254463516598,0.868582902861978
jepa_d16_noBN,jepa,16,test_c,32,z_dns,circulation_pos,24,0.7315417160111077,0.44326077704805483,0.8506291896537326,1.1563699478561154,0.8498188225307844,1.4844232785818174
jepa_d16_noBN,jepa,16,test_c,64,z_dns,circulation_pos,24,0.9105701222296383,0.8275130457821933,0.951348133964437,0.6956893461257424,0.5056771751109799,0.875455464680906
jepa_d16_noBN,jepa,16,test_c,1,z_dns,circulation_neg,24,-5.106547989450014,-10.177874541310587,-2.071591513788947,1.1051570990811281,0.7730043080264335,1.487691959382851
jepa_d16_noBN,jepa,16,test_c,4,z_dns,circulation_neg,24,-5.993423250239833,-13.641897164321056,-2.4734601591127197,1.8585212592963571,1.2754349858197456,2.446223624528502
jepa_d16_noBN,jepa,16,test_c,8,z_dns,circulation_neg,24,-2.8854649347473305,-7.562080220949487,-1.0352446619956328,2.9045797290273048,2.358057898329032,3.4552808359291594
jepa_d16_noBN,jepa,16,test_c,16,z_dns,circulation_neg,24,-1.498527514040298,-3.843654953998807,-0.568925517475459,3.2548549782357594,2.830728359403816,3.6655973679783944
jepa_d16_noBN,jepa,16,test_c,32,z_dns,circulation_neg,24,0.09757419367339037,-0.8157491892353436,0.4821287965196838,1.775322366325889,1.3819935902817986,2.173900490831014
jepa_d16_noBN,jepa,16,test_c,64,z_dns,circulation_neg,24,0.5216369736264262,-0.27952007130331075,0.7565850555087299,0.8965150309734816,0.6625110446644508,1.1398364185567693
jepa_d16_noBN,jepa,16,test_c,1,z_markov,C_L,24,0.6894831011285809,0.3609229805269164,0.8188930852853539,1.0383163823925343,0.7649539843301556,1.3308087187159685
jepa_d16_noBN,jepa,16,test_c,4,z_markov,C_L,24,0.788037907822098,0.6632638522964347,0.8746879009593814,1.0414388985804672,0.7492842186876741,1.3747949112229962
jepa_d16_noBN,jepa,16,test_c,8,z_markov,C_L,24,0.6221380656087304,0.40861247043311005,0.7344059306590345,1.8342468087093267,1.3541810075407799,2.3496865647139273
jepa_d16_noBN,jepa,16,test_c,16,z_markov,C_L,24,0.7019961087053221,0.3049180703623481,0.859482942525805,1.8599107298528768,1.2132863261558633,2.5368493059806467
jepa_d16_noBN,jepa,16,test_c,32,z_markov,C_L,24,-21.636619071247164,-46.943336795010225,-11.50686854689966,2.5031999539883016,1.6884389741711938,3.3057962799327716
jepa_d16_noBN,jepa,16,test_c,64,z_markov,C_L,24,-6.338511971107404,-15.861052042397404,-2.901861145855769,0.7664067553270688,0.5373093207530895,1.0197985490199055
jepa_d16_noBN,jepa,16,test_c,1,z_markov,C_D,24,-9.168788527864402,-25.532802931416256,-4.635186378405235,0.8782225456637808,0.696821763088034,1.0589433872057181
jepa_d16_noBN,jepa,16,test_c,4,z_markov,C_D,24,-15.157567510191512,-29.142667992516504,-8.885339701937902,1.058824893049354,0.8404904941189058,1.2877604915575587
jepa_d16_noBN,jepa,16,test_c,8,z_markov,C_D,24,-11.985400849961556,-19.324435552980404,-7.836938806301212,1.0462921143785382,0.7713097950714908,1.342711992494348
jepa_d16_noBN,jepa,16,test_c,16,z_markov,C_D,24,-2.459116972006771,-6.797725708569869,-0.5351850625174837,0.7560305681494318,0.4545391266589696,1.1041148340105755
jepa_d16_noBN,jepa,16,test_c,32,z_markov,C_D,24,-36.02319386723474,-78.42695675670821,-18.044221042715353,0.5426011338849744,0.3916531820486002,0.6925938309355917
jepa_d16_noBN,jepa,16,test_c,64,z_markov,C_D,24,-20.524956998536645,-50.95880030037115,-10.246545582143659,0.2160615713401489,0.15087324931242968,0.2821635600201463
jepa_d16_noBN,jepa,16,test_c,1,z_markov,I_y,24,-1.173077390036097,-2.950732276885316,-0.34870937326701823,2.674829126439056,2.0096042048526352,3.377546859950653
jepa_d16_noBN,jepa,16,test_c,4,z_markov,I_y,24,-3.920509524583741,-8.135921542326901,-1.8851251182974158,3.443459946781841,2.5927355745991814,4.29537059332538
jepa_d16_noBN,jepa,16,test_c,8,z_markov,I_y,24,-9.187440480803751,-17.294088896668804,-5.949688025875521,4.237335349645652,3.4077824372061234,5.111156236875329
jepa_d16_noBN,jepa,16,test_c,16,z_markov,I_y,24,-17.063679042956196,-48.98474970976386,-8.433480979066594,5.310419661607092,4.507424479672525,6.144525019122603
jepa_d16_noBN,jepa,16,test_c,32,z_markov,I_y,24,-6.273912070983476,-20.258567040172547,-2.1133056338720086,3.1369899377135124,2.3897979103457683,3.9510470521536885
jepa_d16_noBN,jepa,16,test_c,64,z_markov,I_y,24,-0.146603753033284,-0.6042868544997658,0.14120978799280706,3.5583867965835743,1.907273407116314,5.538687412807587
jepa_d16_noBN,jepa,16,test_c,1,z_markov,wake_enstrophy,24,-0.038150731017587036,-1.027018575762872,0.3855567975492074,63.20512862328754,49.75947105063773,77.43614555806504
jepa_d16_noBN,jepa,16,test_c,4,z_markov,wake_enstrophy,24,0.2689937989761684,-0.5226197577503621,0.6150377850224832,59.70563622504249,42.287179120925884,80.4834166711596
jepa_d16_noBN,jepa,16,test_c,8,z_markov,wake_enstrophy,24,0.044043006561967024,-0.49432282056736787,0.351019652142278,115.85271855393135,79.8798487881031,152.94066501108387
jepa_d16_noBN,jepa,16,test_c,16,z_markov,wake_enstrophy,24,-0.48916266106997197,-0.9832207963362156,-0.20244487403978548,225.1825872961133,180.39362148723345,271.1562447391359
jepa_d16_noBN,jepa,16,test_c,32,z_markov,wake_enstrophy,24,-0.1579858840012074,-0.6796020876436771,0.03288239029471279,157.229666237953,123.610178054774,193.0719001146229
jepa_d16_noBN,jepa,16,test_c,64,z_markov,wake_enstrophy,24,-5.772139988332648,-14.012484146007957,-2.5624836929576995,216.52311385497487,168.2618563903555,264.5474964331054
jepa_d16_noBN,jepa,16,test_c,1,z_markov,circulation_pos,24,-0.612148566118353,-1.5405092053712615,-0.14647126565185234,1.4894960035259253,1.165351330696214,1.8228531622786377
jepa_d16_noBN,jepa,16,test_c,4,z_markov,circulation_pos,24,-0.8890475530069308,-3.269251761309297,0.00018038017026743397,1.4417536827811641,0.9842008391525745,1.9354975499935168
jepa_d16_noBN,jepa,16,test_c,8,z_markov,circulation_pos,24,-0.47201790035819857,-2.377562881643196,0.14779796865976264,1.6078559432817796,1.2266359886977503,2.0001421058530133
jepa_d16_noBN,jepa,16,test_c,16,z_markov,circulation_pos,24,-1.3094314019226623,-2.6735835202546583,-0.5059697385010894,2.2205885771842726,1.5851495453843372,2.9494900096688688
jepa_d16_noBN,jepa,16,test_c,32,z_markov,circulation_pos,24,-0.14029753362922137,-0.8818988723027557,0.15359494242382593,2.5417860811411646,2.040889256656118,3.087563803107938
jepa_d16_noBN,jepa,16,test_c,64,z_markov,circulation_pos,24,-2.294800333416991,-4.893260729274445,-1.1684857227346472,4.280384768525818,3.201246668484098,5.350569986361771
jepa_d16_noBN,jepa,16,test_c,1,z_markov,circulation_neg,24,-5.060518018626602,-9.45557197011201,-2.524931345635707,1.1320450153729897,0.8086623556560838,1.5057712779100414
jepa_d16_noBN,jepa,16,test_c,4,z_markov,circulation_neg,24,-5.6258986770660515,-11.972179641955044,-2.8299559033084716,2.051994022651059,1.6421813595199506,2.488061427902715
jepa_d16_noBN,jepa,16,test_c,8,z_markov,circulation_neg,24,-3.082959937086051,-6.941777144053776,-1.5235071540796528,3.0503822910985057,2.5347339150249213,3.5389007001113533
jepa_d16_noBN,jepa,16,test_c,16,z_markov,circulation_neg,24,-2.3187662051697475,-4.730741107231866,-1.2277411829792133,3.318823021530124,2.484966850835013,4.226699377642012
jepa_d16_noBN,jepa,16,test_c,32,z_markov,circulation_neg,24,-0.7949881383406632,-2.2253063431475457,-0.10811701783717993,2.377137353035733,1.7536803940977008,3.0386364246747557
jepa_d16_noBN,jepa,16,test_c,64,z_markov,circulation_neg,24,-1.3167112224406616,-4.33934522942548,-0.4076330713019454,2.1373267046543467,1.7148848707895852,2.537782087824843
jepa_d16_noBN,jepa,16,test_c,1,z_full,C_L,24,0.6694461295366256,0.33201774973724224,0.8155897763079959,1.0510650703575817,0.7614847236116247,1.3617754913644866
jepa_d16_noBN,jepa,16,test_c,4,z_full,C_L,24,0.8004881161154089,0.6506105074774996,0.8665514439033583,1.0395664569879626,0.7617249751484702,1.3122612328416923
jepa_d16_noBN,jepa,16,test_c,8,z_full,C_L,24,0.7741848828427809,0.5866460445787914,0.8576545165575231,1.5165453435177092,1.1653509288891226,1.8560592394230335
jepa_d16_noBN,jepa,16,test_c,16,z_full,C_L,24,0.7593333571175844,0.6527107736732026,0.8352525432350063,1.6948830915291133,1.1319782631836577,2.3270687217690766
jepa_d16_noBN,jepa,16,test_c,32,z_full,C_L,24,-2.3855389793357404,-6.144416888260627,-0.6761447110033835,0.9346527177745232,0.6184025702787632,1.2924114997589353
jepa_d16_noBN,jepa,16,test_c,64,z_full,C_L,24,-31.94932067600861,-80.94865582499529,-15.292088649928266,1.64856510764604,1.1705498334049953,2.151728563833248
jepa_d16_noBN,jepa,16,test_c,1,z_full,C_D,24,-9.209851729830225,-23.782067991306313,-4.513241631034257,0.8801335010293779,0.7114669494542681,1.0670021446183267
jepa_d16_noBN,jepa,16,test_c,4,z_full,C_D,24,-16.731092534275902,-34.871288562839595,-10.134873887279666,1.1165718905371498,0.8877808781271295,1.3453718461430757
jepa_d16_noBN,jepa,16,test_c,8,z_full,C_D,24,-14.738170392485582,-23.86229336288743,-9.750852902234941,1.1620412352919385,0.8400490192330653,1.4730933661568655
jepa_d16_noBN,jepa,16,test_c,16,z_full,C_D,24,-1.5648277760206022,-4.32594023356812,0.018856439529697164,0.6339734232275247,0.38712924906788165,0.9501818678677157
jepa_d16_noBN,jepa,16,test_c,32,z_full,C_D,24,-9.195026138932615,-21.25904480348383,-3.27540778224395,0.2573443232790867,0.17338469404408194,0.3482565874711044
jepa_d16_noBN,jepa,16,test_c,64,z_full,C_D,24,-94.05635350271851,-228.62186694874853,-46.23986424488396,0.4738966956939474,0.35629667225981027,0.603748150307139
jepa_d16_noBN,jepa,16,test_c,1,z_full,I_y,24,-1.1166147046109947,-2.7046141989291472,-0.32280475009755794,2.6068277750528086,1.9489011484553047,3.3253824673425636
jepa_d16_noBN,jepa,16,test_c,4,z_full,I_y,24,-3.9427408376417006,-8.11146479991101,-2.13610402275074,3.547004517384439,2.6952332617561536,4.406265239858476
jepa_d16_noBN,jepa,16,test_c,8,z_full,I_y,24,-10.17959349107213,-18.928445835885107,-6.615263233858858,4.492156475752899,3.6151536630234617,5.319780256023966
jepa_d16_noBN,jepa,16,test_c,16,z_full,I_y,24,-13.747332720998093,-42.236793018606996,-6.06101919217078,4.818542535428482,4.155090749754592,5.546030869347555
jepa_d16_noBN,jepa,16,test_c,32,z_full,I_y,24,-2.5975801331869364,-8.017731162332929,-1.0823009527351317,2.437636203833611,2.095178381034581,2.7881058166249573
jepa_d16_noBN,jepa,16,test_c,64,z_full,I_y,24,0.098477192091319,-0.8559600366271056,0.23637652228607642,3.774136551948095,2.346688608323012,5.228900119938062
jepa_d16_noBN,jepa,16,test_c,1,z_full,wake_enstrophy,24,-0.08324834121915203,-1.252319971430622,0.3641962250332292,61.67782392084322,46.7464064902323,77.48470200192733
jepa_d16_noBN,jepa,16,test_c,4,z_full,wake_enstrophy,24,0.1317602499259477,-0.6937474908328553,0.5082822335404785,67.8482430876517,49.24010551864831,89.4798192056301
jepa_d16_noBN,jepa,16,test_c,8,z_full,wake_enstrophy,24,0.0442437204542383,-0.44788256019676165,0.34351950411594845,119.52436952087702,88.6477786623054,153.21309393168792
jepa_d16_noBN,jepa,16,test_c,16,z_full,wake_enstrophy,24,-0.31762388636471095,-0.7795725385650829,-0.11764038020885964,214.13117495143806,176.68879732669606,255.0693331097021
jepa_d16_noBN,jepa,16,test_c,32,z_full,wake_enstrophy,24,-0.2690328887377409,-0.816157198862878,-0.0740968519990329,160.53086947940818,121.8454075724899,200.6792431632775
jepa_d16_noBN,jepa,16,test_c,64,z_full,wake_enstrophy,24,-0.6097819560688467,-2.4754917728100536,0.029945224468754524,102.32578407792836,76.26679190642437,127.89161148517988
jepa_d16_noBN,jepa,16,test_c,1,z_full,circulation_pos,24,-0.38836158348276295,-1.1938605542331613,-0.024955425901200305,1.3440631637829148,1.0226343552881128,1.674291582706758
jepa_d16_noBN,jepa,16,test_c,4,z_full,circulation_pos,24,-0.5909981302880114,-2.5269291375168406,0.21432229283733154,1.2919385187774972,0.8827884356577489,1.7396171501793698
jepa_d16_noBN,jepa,16,test_c,8,z_full,circulation_pos,24,0.13525201146883037,-1.0254166256851915,0.521457517187926,1.2552314630825256,0.9980152640318077,1.524858111999446
jepa_d16_noBN,jepa,16,test_c,16,z_full,circulation_pos,24,-0.6016231097589984,-1.575859935202287,-0.09626891177621423,1.9109001951305098,1.4356242364860077,2.4542147173714284
jepa_d16_noBN,jepa,16,test_c,32,z_full,circulation_pos,24,-0.18048699661614465,-1.138535687948415,0.18584894930039597,2.425668385749793,1.8009200386387403,3.1030197759243
jepa_d16_noBN,jepa,16,test_c,64,z_full,circulation_pos,24,0.04236695976781868,-0.5091925288371466,0.2310705060393821,2.3366003487237204,1.7711532422917389,2.88350552729964
jepa_d16_noBN,jepa,16,test_c,1,z_full,circulation_neg,24,-5.583532280072467,-9.300826481892795,-3.398899186074274,1.2038248791043984,0.8756462004703169,1.569830272019527
jepa_d16_noBN,jepa,16,test_c,4,z_full,circulation_neg,24,-6.419623286135898,-12.79046508969846,-3.4930737722327545,2.230497050958318,1.812418203288783,2.6451420671646786
jepa_d16_noBN,jepa,16,test_c,8,z_full,circulation_neg,24,-3.2032367109483886,-7.028731699292886,-1.6283934513105598,3.1341664140814878,2.6292185659252953,3.58429045366901
jepa_d16_noBN,jepa,16,test_c,16,z_full,circulation_neg,24,-2.2360958236666453,-4.75740043401569,-1.2240634803316992,3.438069718746713,2.7268389991659574,4.138300250487241
jepa_d16_noBN,jepa,16,test_c,32,z_full,circulation_neg,24,-0.45819387749674134,-1.565826263336737,0.06195752373888106,2.0786110540322897,1.510762426096086,2.7509989876081526
jepa_d16_noBN,jepa,16,test_c,64,z_full,circulation_neg,24,-0.5822065986153646,-1.561097625548962,0.051276763620413376,1.5471727082756255,1.1027782330598437,2.055884488750882
fukami_d3_noBN,fukami,3,test_b,1,z_dns,C_L,42,-0.5895493674686894,-1.7741047143999191,0.020849489997195287,1.2638872865760111,1.0262085237636382,1.506550286324393
fukami_d3_noBN,fukami,3,test_b,4,z_dns,C_L,42,0.6506804692644934,0.004876650097243546,0.7573741931456897,0.842229258330153,0.6733248238463775,1.0255223459834957
fukami_d3_noBN,fukami,3,test_b,8,z_dns,C_L,42,0.5303401265204619,0.37310133549657976,0.5823078363087852,1.190915479997794,0.7538491495081129,1.6738917160729014
fukami_d3_noBN,fukami,3,test_b,16,z_dns,C_L,42,0.5904825684735148,0.35705664747408755,0.7722604187803169,1.0744932479551825,0.7257428444621744,1.5008185110069787
fukami_d3_noBN,fukami,3,test_b,32,z_dns,C_L,42,0.11160527346018945,-0.26009731023392735,0.45416126847402627,0.941566203274675,0.6293562346666478,1.3214428910762932
fukami_d3_noBN,fukami,3,test_b,64,z_dns,C_L,42,-0.7854693602068414,-1.352839195922061,0.02468346539076621,0.4203084932886818,0.28246501492606857,0.6102010637031208
fukami_d3_noBN,fukami,3,test_b,1,z_dns,C_D,42,-1.060104157777901,-3.0655877210103553,-0.1428516928477584,0.44651551855374194,0.32667272390997126,0.5824792019371339
fukami_d3_noBN,fukami,3,test_b,4,z_dns,C_D,42,-0.6810425897959309,-2.1694967319355714,-0.08091107200925982,0.3736021680621961,0.2759972452699352,0.4913149422074366
fukami_d3_noBN,fukami,3,test_b,8,z_dns,C_D,42,0.16042462857430695,-0.16338891991493557,0.46820908662884336,0.30671894987143744,0.18175447283261364,0.44427032006769435
fukami_d3_noBN,fukami,3,test_b,16,z_dns,C_D,42,0.19033133678288394,-0.05503537635430296,0.42150458514304856,0.38412672583567264,0.2357303798221948,0.5429707006929169
fukami_d3_noBN,fukami,3,test_b,32,z_dns,C_D,42,0.19619854124157832,-0.03343809448709997,0.36930933196540816,0.33172450089797584,0.2223215726609442,0.4653103091844496
fukami_d3_noBN,fukami,3,test_b,64,z_dns,C_D,42,-0.09733990542240223,-0.43844883617077707,0.12192452079185602,0.1495786121230521,0.10156889826672526,0.20783583525610932
fukami_d3_noBN,fukami,3,test_b,1,z_dns,I_y,42,-0.6090313624065748,-1.6075387976985551,-0.028826279993234297,2.7832814205267615,2.0314590939730737,3.592196157402829
fukami_d3_noBN,fukami,3,test_b,4,z_dns,I_y,42,-0.5422443244830881,-1.170654216206101,-0.09895052935939787,2.4888318534196574,1.7904990079685663,3.3637634198453346
fukami_d3_noBN,fukami,3,test_b,8,z_dns,I_y,42,-0.34808592053803156,-0.8667476735729054,0.11575195964330671,2.5851922351351297,1.858259599924543,3.44182519254527
fukami_d3_noBN,fukami,3,test_b,16,z_dns,I_y,42,-0.054353394370366015,-0.5114177698954671,0.45619010463195325,2.3269328857314173,1.4627949176815465,3.456929688491557
fukami_d3_noBN,fukami,3,test_b,32,z_dns,I_y,42,0.22007570002874366,0.0003146850105143423,0.3358901708652676,1.5997210258909285,1.0434840778709542,2.1925199237253437
fukami_d3_noBN,fukami,3,test_b,64,z_dns,I_y,42,-0.05716734561737158,-0.3965793370436281,0.0033756270239647867,4.140394077090151,2.7452874660895317,5.6541305102165555
fukami_d3_noBN,fukami,3,test_b,1,z_dns,wake_enstrophy,42,-0.11376520550707125,-2.01519552640672,0.060578802886092374,64.99680129820713,47.704622435534425,86.55160224300245
fukami_d3_noBN,fukami,3,test_b,4,z_dns,wake_enstrophy,42,-0.11674093305863265,-3.0283371760231357,0.05805837532469301,65.47596035320957,46.79681898775601,87.79250782201464
fukami_d3_noBN,fukami,3,test_b,8,z_dns,wake_enstrophy,42,-0.15990505793327148,-5.14014678242851,0.046909201945137334,68.42433907059065,48.971762665013195,93.33282060015927
fukami_d3_noBN,fukami,3,test_b,16,z_dns,wake_enstrophy,42,0.05883990393232297,-1.560656535712618,0.1394328936987471,51.70045892155376,33.191821814935686,74.2549807695001
fukami_d3_noBN,fukami,3,test_b,32,z_dns,wake_enstrophy,42,-0.0036248044101294674,-0.20558577900903935,0.09541622321195153,75.10369074859926,58.70296002364338,93.92785371938196
fukami_d3_noBN,fukami,3,test_b,64,z_dns,wake_enstrophy,42,-0.018815327897618417,-0.18476930034482286,0.09692038752561907,61.61862355404969,45.08860768284066,81.09389424563767
fukami_d3_noBN,fukami,3,test_b,1,z_dns,circulation_pos,42,-0.48798320810284657,-2.040397817578057,-0.007510445344082789,1.7943252778916627,1.5047848427489416,2.1080615478153795
fukami_d3_noBN,fukami,3,test_b,4,z_dns,circulation_pos,42,-0.047415097757038005,-0.8377484780175674,0.1875478756439367,1.59372748944735,1.3236683075516944,1.9024676854644742
fukami_d3_noBN,fukami,3,test_b,8,z_dns,circulation_pos,42,0.21298345677785402,-0.3133253406653237,0.33117067049912785,1.3777687569441563,1.0821214987683316,1.7106316364856842
fukami_d3_noBN,fukami,3,test_b,16,z_dns,circulation_pos,42,0.37231003920305705,0.20719021511816185,0.6154190483998195,1.1100568734054181,0.7720231954684402,1.5483850430897093
fukami_d3_noBN,fukami,3,test_b,32,z_dns,circulation_pos,42,-0.22220758529572682,-0.5577938654848325,0.007493340238172828,1.8439236146842768,1.3764358413900528,2.3536785158604863
fukami_d3_noBN,fukami,3,test_b,64,z_dns,circulation_pos,42,0.0702673947864142,-0.13748871313862515,0.23129376189484172,1.6017176196228302,1.2015225137788537,2.049497151575813
fukami_d3_noBN,fukami,3,test_b,1,z_dns,circulation_neg,42,-0.02073606550097762,-0.7699776092529669,0.002721923076836134,2.017202278520313,1.3815090454964345,2.7941301476543674
fukami_d3_noBN,fukami,3,test_b,4,z_dns,circulation_neg,42,-0.016513464988859194,-0.5894463860139616,-0.0015398487457102172,1.9711413288258597,1.256274787761073,2.8903345313905167
fukami_d3_noBN,fukami,3,test_b,8,z_dns,circulation_neg,42,-0.0124674347580358,-0.27157677635000815,-0.0030406775905611636,1.9128558098306192,1.1468828118222214,2.8182644014595994
fukami_d3_noBN,fukami,3,test_b,16,z_dns,circulation_neg,42,-0.03538630616146898,-0.16641937920733563,-0.00042084671831017035,1.8855489806786243,1.1149097318822878,2.91118200757639
fukami_d3_noBN,fukami,3,test_b,32,z_dns,circulation_neg,42,-0.22737114906581213,-0.5608015099790236,-0.04973019029704724,1.9363753822704637,1.4063427090756042,2.5948855430232407
fukami_d3_noBN,fukami,3,test_b,64,z_dns,circulation_neg,42,-0.1853092542237278,-0.4497515033659633,-0.026383856437326155,1.955108533942626,1.3511874873322343,2.6407763952256484
fukami_d3_noBN,fukami,3,test_b,1,z_markov,C_L,42,-0.7256837848738702,-1.8251847635309724,-0.08059436809366619,1.3047700778219362,1.0570465365010593,1.5769217308437524
fukami_d3_noBN,fukami,3,test_b,4,z_markov,C_L,42,0.7708405325838565,0.11056179809208264,0.8722442233935394,0.7054733499487136,0.5827466688886811,0.8423535352125859
fukami_d3_noBN,fukami,3,test_b,8,z_markov,C_L,42,0.6950631743370286,0.5017542633356097,0.7489055950246726,1.0237021969029547,0.6877032305407725,1.3908740673989588
fukami_d3_noBN,fukami,3,test_b,16,z_markov,C_L,42,0.6321342692213041,0.35880544309248247,0.8557874675271817,0.9720769670317098,0.6455474948080943,1.394070295678769
fukami_d3_noBN,fukami,3,test_b,32,z_markov,C_L,42,0.2532969410685346,-0.09430247886349995,0.5371690064475249,0.9064374767635812,0.6120016101276088,1.2603081597351837
fukami_d3_noBN,fukami,3,test_b,64,z_markov,C_L,42,-0.9439849088800016,-2.4462949375882794,-0.4593760563480255,0.4637484534544514,0.2993722157257949,0.6511628239555175
fukami_d3_noBN,fukami,3,test_b,1,z_markov,C_D,42,-1.2018693798501778,-3.3265570197981833,-0.20420695582945847,0.4524183744299346,0.3260101508491169,0.5989085688753046
fukami_d3_noBN,fukami,3,test_b,4,z_markov,C_D,42,-0.7301251731327851,-2.1996511462145283,-0.10732534306213602,0.3803011463808949,0.27878877494126447,0.4917437863785138
fukami_d3_noBN,fukami,3,test_b,8,z_markov,C_D,42,0.20256809428978906,-0.11722218200524186,0.4927638254764461,0.3011593682574296,0.1815031773277051,0.4450091475419744
fukami_d3_noBN,fukami,3,test_b,16,z_markov,C_D,42,0.22582718798727153,-0.034037142113148476,0.49258449266772103,0.3553974977816005,0.21640701897043138,0.526707294075106
fukami_d3_noBN,fukami,3,test_b,32,z_markov,C_D,42,0.2819152815365842,0.1124082449362792,0.4339358088182379,0.2844800997355349,0.1705160590385929,0.4143439495861506
fukami_d3_noBN,fukami,3,test_b,64,z_markov,C_D,42,-0.21677393843122084,-0.7596367992127944,0.010668483985259842,0.15349891397675747,0.10364819328275604,0.2170379259209696
fukami_d3_noBN,fukami,3,test_b,1,z_markov,I_y,42,-0.7317699333119494,-1.8820031154576604,-0.06678397880960113,2.8624534298048907,2.076982884060826,3.7570179994265622
fukami_d3_noBN,fukami,3,test_b,4,z_markov,I_y,42,-0.6541855356581929,-1.527403802415011,-0.11745508109965781,2.5428476313096646,1.7523375926764748,3.390846905856574
fukami_d3_noBN,fukami,3,test_b,8,z_markov,I_y,42,-0.22307666703828022,-0.6308845849205182,0.0345202241368887,2.5889008213106495,1.893009952636583,3.3754823998952603
fukami_d3_noBN,fukami,3,test_b,16,z_markov,I_y,42,0.11516826233593958,-0.13170403076401505,0.3649502760592983,2.267444867565873,1.4398906075716622,3.2821823435321864
fukami_d3_noBN,fukami,3,test_b,32,z_markov,I_y,42,0.3365002338635309,0.1671338540117644,0.5212816577769736,1.4214007592898186,0.9317255392288231,2.019746447875184
fukami_d3_noBN,fukami,3,test_b,64,z_markov,I_y,42,-0.026071603005551003,-0.35242167512876554,0.025176273375449025,4.044344114229086,2.6536696190043503,5.592272976114191
fukami_d3_noBN,fukami,3,test_b,1,z_markov,wake_enstrophy,42,-0.14803151845618712,-2.0810196994304344,0.009882980465240238,65.51404131423362,47.24038230376555,86.12627607843099
fukami_d3_noBN,fukami,3,test_b,4,z_markov,wake_enstrophy,42,-0.2024369340083778,-3.120422539564032,-0.02614294670966095,68.29640586707589,48.07773009754446,92.58962968150861
fukami_d3_noBN,fukami,3,test_b,8,z_markov,wake_enstrophy,42,-0.319550558308882,-5.912341195497918,-0.06893089019311367,73.10577104278184,52.11254013733274,97.61194923485114
fukami_d3_noBN,fukami,3,test_b,16,z_markov,wake_enstrophy,42,-0.08152814882710047,-1.5054871633917253,-0.006522712835985043,55.71647000716278,35.65412166220022,80.57369007829612
fukami_d3_noBN,fukami,3,test_b,32,z_markov,wake_enstrophy,42,0.13993859523955632,-0.06052920794880719,0.26005361752521283,68.80509310573859,53.67206763915728,85.28031770205348
fukami_d3_noBN,fukami,3,test_b,64,z_markov,wake_enstrophy,42,0.04126834808396607,-0.12243426135050736,0.12501817174590493,59.0712626875834,43.10725593993729,79.53670765528503
fukami_d3_noBN,fukami,3,test_b,1,z_markov,circulation_pos,42,-0.5221365759513179,-2.041544496081295,-0.08378389720007558,1.81407174801412,1.527180316887583,2.1210295617421897
fukami_d3_noBN,fukami,3,test_b,4,z_markov,circulation_pos,42,-0.16086164046791862,-1.0914445105711623,0.07172094389095832,1.681091532166938,1.3942034579446165,1.9722976125867824
fukami_d3_noBN,fukami,3,test_b,8,z_markov,circulation_pos,42,0.032028576052418045,-0.5093498236094034,0.15818680278861844,1.5098317319542278,1.1912560417856701,1.917827857330495
fukami_d3_noBN,fukami,3,test_b,16,z_markov,circulation_pos,42,0.2576240007474001,-0.011533006611991258,0.6923215533557739,1.1174180560663287,0.7494393114978156,1.6126972521019751
fukami_d3_noBN,fukami,3,test_b,32,z_markov,circulation_pos,42,-0.025808277951600456,-0.3703963939662277,0.2120324684993414,1.7298456431185307,1.3001900301402256,2.171659776947116
fukami_d3_noBN,fukami,3,test_b,64,z_markov,circulation_pos,42,0.04380012482273088,-0.15401843687449002,0.1517769281439444,1.5354384374671057,1.1171426463435017,2.020005318112477
fukami_d3_noBN,fukami,3,test_b,1,z_markov,circulation_neg,42,-0.02284732416642754,-0.6676876844068592,-0.00021403272156076132,2.0131960332781764,1.3718948745995125,2.7914135959730895
fukami_d3_noBN,fukami,3,test_b,4,z_markov,circulation_neg,42,-0.020103928108756053,-0.6373652610704812,-0.006993210179868859,1.97300180512941,1.2774946248829258,2.8229670444753254
fukami_d3_noBN,fukami,3,test_b,8,z_markov,circulation_neg,42,-0.019630655849093737,-0.3365100914767643,-0.010353405143197611,1.9195079200675045,1.160530969645846,2.8723182948235944
fukami_d3_noBN,fukami,3,test_b,16,z_markov,circulation_neg,42,-0.047552655083875406,-0.18425217285705556,-0.00506286065461373,1.8757078710210093,1.1284236888967052,2.8850173897112144
fukami_d3_noBN,fukami,3,test_b,32,z_markov,circulation_neg,42,-0.23436131554514428,-0.555618118220401,-0.044662814558414164,1.935440005019864,1.3810891327649004,2.553305907688973
fukami_d3_noBN,fukami,3,test_b,64,z_markov,circulation_neg,42,-0.19071995691169974,-0.4319111718591875,-0.038276295430309054,1.9541280922706112,1.3551006094805413,2.6816782164791815
fukami_d3_noBN,fukami,3,test_b,1,z_full,C_L,42,-0.7161859169835181,-1.9276704560561009,-0.05449163989560662,1.288676756161002,1.0427292645219242,1.5485018009183313
fukami_d3_noBN,fukami,3,test_b,4,z_full,C_L,42,0.7879118587319154,0.22416038404251892,0.8942920835989557,0.6390623955603368,0.49484492175785,0.8026540586198855
fukami_d3_noBN,fukami,3,test_b,8,z_full,C_L,42,0.6369235923915249,0.517218327108106,0.6823413162549274,1.083191895998332,0.7170576679341479,1.5094831412752425
fukami_d3_noBN,fukami,3,test_b,16,z_full,C_L,42,0.5883288149138896,0.3144997997546541,0.8032963791661126,1.0874018875805094,0.7413496179386854,1.5054766709820886
fukami_d3_noBN,fukami,3,test_b,32,z_full,C_L,42,0.20709372336420828,-0.029585413235819414,0.3731221946513633,0.9360887139855414,0.6175152743731744,1.2895976740223765
fukami_d3_noBN,fukami,3,test_b,64,z_full,C_L,42,-0.5496536439300843,-1.3674726648038475,-0.2546289706624104,0.4444633824958424,0.31696842264403086,0.6137631729173587
fukami_d3_noBN,fukami,3,test_b,1,z_full,C_D,42,-1.163100478177713,-3.233390117141722,-0.1753538421242656,0.4465880454198218,0.3093298417363404,0.5888029625915165
fukami_d3_noBN,fukami,3,test_b,4,z_full,C_D,42,-0.6270587909433734,-2.3484876723704677,-0.038607699843124454,0.36363215247987163,0.259027671950648,0.47766365453716525
fukami_d3_noBN,fukami,3,test_b,8,z_full,C_D,42,0.23597473224111387,-0.054347502300975195,0.5034613443974971,0.29619577936179864,0.17882006233982797,0.43496680974115537
fukami_d3_noBN,fukami,3,test_b,16,z_full,C_D,42,0.19507419755554822,-0.05045429005245948,0.4662145794255066,0.37596811136100095,0.23618292857093084,0.5533509672394262
fukami_d3_noBN,fukami,3,test_b,32,z_full,C_D,42,0.15279837000940344,-0.00023996726093518657,0.2522193025853034,0.32929041427443634,0.20956665991910134,0.4632047793611523
fukami_d3_noBN,fukami,3,test_b,64,z_full,C_D,42,-0.2349237511795763,-0.5727469383209304,-0.11743991105953173,0.16222026601709458,0.1135494935420729,0.22367337355442884
fukami_d3_noBN,fukami,3,test_b,1,z_full,I_y,42,-0.7263320437738983,-1.8508467422906625,-0.09302716313650271,2.869706444413091,2.123155555636534,3.697079456620701
fukami_d3_noBN,fukami,3,test_b,4,z_full,I_y,42,-0.6819649877813494,-1.587223817491995,-0.17378722651980438,2.6080821230327693,1.8195672322484608,3.4939749885957814
fukami_d3_noBN,fukami,3,test_b,8,z_full,I_y,42,-0.15360233849451776,-0.5414774107415753,0.11521396341769682,2.489036511348994,1.8204754462561934,3.2293652641108426
fukami_d3_noBN,fukami,3,test_b,16,z_full,I_y,42,0.1548384664276271,-0.06954351851315822,0.386903797372987,2.2969151091576645,1.5129002559458828,3.2773062356174716
fukami_d3_noBN,fukami,3,test_b,32,z_full,I_y,42,0.11404006692370483,-0.0202880482813452,0.19422839386229818,1.6544540257224833,1.0755149081118924,2.3151666612225257
fukami_d3_noBN,fukami,3,test_b,64,z_full,I_y,42,-0.05963326388928647,-0.39908097087055117,-0.0050577566505279545,4.117076797701754,2.748302937166878,5.778821780913694
fukami_d3_noBN,fukami,3,test_b,1,z_full,wake_enstrophy,42,-0.1599469368852704,-2.163318007439297,0.011161203460613533,65.59672316045403,47.62164489746779,88.6556284707156
fukami_d3_noBN,fukami,3,test_b,4,z_full,wake_enstrophy,42,-0.2405424553777733,-3.35598366450563,-0.04011792406827858,68.8783054450618,49.03835166710413,94.4800623825609
fukami_d3_noBN,fukami,3,test_b,8,z_full,wake_enstrophy,42,-0.3016294339725831,-5.65072109155009,-0.07501392148251579,71.42724149288377,51.0872566951252,96.13114862048437
fukami_d3_noBN,fukami,3,test_b,16,z_full,wake_enstrophy,42,-0.07243895443099047,-1.4191259490060015,0.02325555942584509,53.77536766996931,34.044101605772944,79.88271004023956
fukami_d3_noBN,fukami,3,test_b,32,z_full,wake_enstrophy,42,-0.013585219240357382,-0.22440653616604778,0.09630791781417937,74.25858248284226,57.705586895195594,93.34059967229496
fukami_d3_noBN,fukami,3,test_b,64,z_full,wake_enstrophy,42,-0.02047340908959905,-0.17680134223023722,0.02717930284054651,61.951821648022374,46.00752955791742,82.07962552909365
fukami_d3_noBN,fukami,3,test_b,1,z_full,circulation_pos,42,-0.5428427002343434,-2.1057975494036967,-0.07728433761245111,1.8148014264443793,1.5137536516677899,2.1283957801758224
fukami_d3_noBN,fukami,3,test_b,4,z_full,circulation_pos,42,-0.20234454654957412,-1.138529447834744,0.027735431721528026,1.7001226767029505,1.4108308879046545,2.032872010711344
fukami_d3_noBN,fukami,3,test_b,8,z_full,circulation_pos,42,0.059025832381161325,-0.37637851524676635,0.18966284282292054,1.4704546830928034,1.1224561411328204,1.8675553207289561
fukami_d3_noBN,fukami,3,test_b,16,z_full,circulation_pos,42,0.22065394053837506,-0.06319104320612384,0.6352572803628918,1.183331016000296,0.8161334365843514,1.670353817610649
fukami_d3_noBN,fukami,3,test_b,32,z_full,circulation_pos,42,-0.22551061168641806,-0.6251394197101706,0.0220204143922827,1.8724104090129496,1.409595245987023,2.366218160601161
fukami_d3_noBN,fukami,3,test_b,64,z_full,circulation_pos,42,-0.016095085672177767,-0.18293811266750817,0.05084301874978233,1.619161450778692,1.1860606929085695,2.130877944366284
fukami_d3_noBN,fukami,3,test_b,1,z_full,circulation_neg,42,-0.02328739009512293,-0.768454282446126,-0.001189664275015512,2.014738978987538,1.379822468753922,2.813140482239972
fukami_d3_noBN,fukami,3,test_b,4,z_full,circulation_neg,42,-0.02237775266022579,-0.5250382014184901,-0.009313858247913162,1.9805672160843026,1.2655215453129802,2.804391700932123
fukami_d3_noBN,fukami,3,test_b,8,z_full,circulation_neg,42,-0.019792880096632492,-0.4146907720591028,-0.009753798986825995,1.9173636637605391,1.1301505670180398,2.8570281951461554
fukami_d3_noBN,fukami,3,test_b,16,z_full,circulation_neg,42,-0.0455824471576467,-0.17912626746036212,-0.007777250905294674,1.8832844474084858,1.111116397265537,2.8174965707296287
fukami_d3_noBN,fukami,3,test_b,32,z_full,circulation_neg,42,-0.2432492808027178,-0.5745769037451681,-0.06391334814080564,1.942518517120904,1.3958556645650386,2.5904147726926245
fukami_d3_noBN,fukami,3,test_b,64,z_full,circulation_neg,42,-0.19559621676452976,-0.4450623605608251,-0.036777180840376206,1.957258565026824,1.3412911044183606,2.6601928096508645
fukami_d3_noBN,fukami,3,test_c,1,z_dns,C_L,24,-1.1412418339856676,-3.2573307979874127,-0.3259704061616419,2.9800247398579187,2.4095470655889852,3.57647212589864
fukami_d3_noBN,fukami,3,test_c,4,z_dns,C_L,24,0.7185024441710057,0.2833130068639945,0.904028241282407,1.0838356729213787,0.725947021066011,1.5378508827663904
fukami_d3_noBN,fukami,3,test_c,8,z_dns,C_L,24,0.30467789275064394,-0.09907550447587947,0.5090170869409055,2.641252013418829,2.0506952723921263,3.27070264884182
fukami_d3_noBN,fukami,3,test_c,16,z_dns,C_L,24,0.1103768267748384,-0.2286818306446115,0.29556430691292174,3.172996966757895,2.0563371117356377,4.38489633495625
fukami_d3_noBN,fukami,3,test_c,32,z_dns,C_L,24,-0.1981234363181621,-0.7950958701299251,0.16808577561726656,0.6231406399500157,0.4643203969853972,0.7910088961081623
fukami_d3_noBN,fukami,3,test_c,64,z_dns,C_L,24,-1.5225340553692148,-4.87185149504385,-0.42376869412689533,0.515235596911051,0.4108432127880663,0.6223676474075693
fukami_d3_noBN,fukami,3,test_c,1,z_dns,C_D,24,-19.30618009230466,-47.41453319234588,-10.83751755585795,1.3244011627461094,1.1445389192329176,1.4986317998881327
fukami_d3_noBN,fukami,3,test_c,4,z_dns,C_D,24,-16.21867593289092,-33.6583115116124,-9.685853409267589,1.07536089878586,0.8482731990167184,1.3236296924801008
fukami_d3_noBN,fukami,3,test_c,8,z_dns,C_D,24,-4.521667715478582,-8.563100057287032,-2.7560108042417757,0.6599864855066828,0.4525500172608097,0.8676658686993053
fukami_d3_noBN,fukami,3,test_c,16,z_dns,C_D,24,-0.04701446291698752,-0.598874991911592,0.34410592412868884,0.4050690494038709,0.2529060796236141,0.6051822539947337
fukami_d3_noBN,fukami,3,test_c,32,z_dns,C_D,24,-0.75939314121739,-1.9768873837519716,0.07464725306341866,0.10557799514451842,0.07009869421961247,0.14462805311712046
fukami_d3_noBN,fukami,3,test_c,64,z_dns,C_D,24,-1.7153183345947913,-5.696092540050519,-0.5679301572660778,0.08809743329070807,0.0717539102650699,0.10342973359354493
fukami_d3_noBN,fukami,3,test_c,1,z_dns,I_y,24,-4.558455849354537,-8.494680303776898,-2.6927905438391226,4.505862891797015,3.5585083862312654,5.4219640848403445
fukami_d3_noBN,fukami,3,test_c,4,z_dns,I_y,24,-9.438636799612548,-16.84617158144581,-5.8159374316921655,4.954359305793388,3.6217200683734982,6.309716339897849
fukami_d3_noBN,fukami,3,test_c,8,z_dns,I_y,24,-11.331898006846782,-23.46776651870068,-5.831398940871698,4.220357052683789,3.0135689373434666,5.54856628202925
fukami_d3_noBN,fukami,3,test_c,16,z_dns,I_y,24,-5.704955537358077,-18.938492027928763,-1.7298587920373178,2.628419391901127,1.7740096835106671,3.567209739677457
fukami_d3_noBN,fukami,3,test_c,32,z_dns,I_y,24,-0.14454598596413937,-0.6921514804153935,0.03298538623355898,1.1290544164275476,0.7899112149988015,1.5144094944728284
fukami_d3_noBN,fukami,3,test_c,64,z_dns,I_y,24,0.011936827261206817,-0.23677308803987232,0.023658638423719635,3.5558326764874564,2.0316195859448416,5.1901351082783975
fukami_d3_noBN,fukami,3,test_c,1,z_dns,wake_enstrophy,24,0.16143872662458192,-0.8167666459550926,0.5865973259024796,49.19982034576901,32.981018260466804,66.4703717434221
fukami_d3_noBN,fukami,3,test_c,4,z_dns,wake_enstrophy,24,-1.007861647229404,-2.6617502415439804,-0.32993608804930735,105.40299127847929,76.53254595166037,133.78613157945406
fukami_d3_noBN,fukami,3,test_c,8,z_dns,wake_enstrophy,24,-1.100571209798343,-2.494439589559316,-0.491188956734377,164.82288289684544,109.39085834235848,224.30508625083982
fukami_d3_noBN,fukami,3,test_c,16,z_dns,wake_enstrophy,24,-1.4555810877198403,-2.6376806344576416,-0.8425561256153347,224.45010517010044,134.8755442588426,322.3278954869544
fukami_d3_noBN,fukami,3,test_c,32,z_dns,wake_enstrophy,24,-2.198645072736731,-4.630484148425492,-1.2747876142374202,246.7645689352486,180.34006521687914,313.3864120659145
fukami_d3_noBN,fukami,3,test_c,64,z_dns,wake_enstrophy,24,0.013153938705409818,-0.23075916690116813,0.03853980874906811,81.52305526818849,64.80608628224574,101.4675273496601
fukami_d3_noBN,fukami,3,test_c,1,z_dns,circulation_pos,24,-0.28572436559738934,-1.5310897613218704,0.28580061736004087,1.3117290450607906,0.9928748945965316,1.6308346322045402
fukami_d3_noBN,fukami,3,test_c,4,z_dns,circulation_pos,24,0.12919725607657728,-1.348731810876668,0.5625141206656608,1.0846724316358065,0.8322178699661175,1.3307937075905836
fukami_d3_noBN,fukami,3,test_c,8,z_dns,circulation_pos,24,-1.740220986039878,-5.9429663433649065,-0.19799969872565873,1.9836844110960978,1.3650896946671096,2.655528426510296
fukami_d3_noBN,fukami,3,test_c,16,z_dns,circulation_pos,24,-6.398720176894963,-12.882115477113683,-4.035308502868032,4.234870141519029,3.200383388764151,5.300947381604534
fukami_d3_noBN,fukami,3,test_c,32,z_dns,circulation_pos,24,-5.217133619251655,-11.812539523034266,-2.9962868685514623,6.163199477468086,5.023275130408462,7.2677433096533415
fukami_d3_noBN,fukami,3,test_c,64,z_dns,circulation_pos,24,-0.023709668718780996,-0.4322580966580794,0.04102917050150728,2.5098631104300244,1.998522503440485,3.0045277192555964
fukami_d3_noBN,fukami,3,test_c,1,z_dns,circulation_neg,24,-0.7526082612986995,-1.9204636098064916,-0.09639300827090004,0.6045928181879324,0.43013793249198873,0.7986540988800368
fukami_d3_noBN,fukami,3,test_c,4,z_dns,circulation_neg,24,-2.195126150887798,-5.3289768367278185,-1.0729257299451556,1.299159001229137,0.9321168308883843,1.7140882909540618
fukami_d3_noBN,fukami,3,test_c,8,z_dns,circulation_neg,24,-3.5124084788218077,-7.556824102289439,-1.9511705052191282,3.0102173977643325,2.327015938898206,3.709363420447726
fukami_d3_noBN,fukami,3,test_c,16,z_dns,circulation_neg,24,-5.610907057648557,-10.244125718366684,-3.6441317116151817,5.082493228544938,4.220073992647638,6.002359154379199
fukami_d3_noBN,fukami,3,test_c,32,z_dns,circulation_neg,24,-6.08444736519794,-11.26315827529508,-3.9033736427487025,5.293863041961145,4.447060066676296,6.154312230291653
fukami_d3_noBN,fukami,3,test_c,64,z_dns,circulation_neg,24,-1.4770584255788823,-2.77877473645371,-0.8744050725468605,1.9351780815064152,1.3444826920865032,2.5677567740693332
fukami_d3_noBN,fukami,3,test_c,1,z_markov,C_L,24,-1.1394420646983554,-3.2844203993778116,-0.2636896843635064,2.9150498307429977,2.289229084462071,3.551866931711515
fukami_d3_noBN,fukami,3,test_c,4,z_markov,C_L,24,0.6191896725931962,0.1548153402790923,0.8414857111999122,1.307165479208691,0.8815237585015779,1.7798239448262174
fukami_d3_noBN,fukami,3,test_c,8,z_markov,C_L,24,0.31431363109647104,-0.04522013522253614,0.5072722337589609,2.673319131372033,2.124874903019478,3.3071954647521355
fukami_d3_noBN,fukami,3,test_c,16,z_markov,C_L,24,0.34869504526035966,0.1212132789243712,0.47447094615334645,2.8443626260053247,1.9698693937389467,3.7991936679766423
fukami_d3_noBN,fukami,3,test_c,32,z_markov,C_L,24,-16.30195915072363,-33.708131331186515,-9.767396215383103,2.3153680800025582,1.7087319621075263,2.959033598211919
fukami_d3_noBN,fukami,3,test_c,64,z_markov,C_L,24,-10.397689053924424,-28.339079751584922,-4.436486479504994,0.996846317939362,0.7194394481075304,1.297130785485683
fukami_d3_noBN,fukami,3,test_c,1,z_markov,C_D,24,-18.665896784984298,-47.81875775860595,-10.561065507121587,1.2926228903757042,1.0926758142719342,1.4728458422669892
fukami_d3_noBN,fukami,3,test_c,4,z_markov,C_D,24,-14.494030214080563,-30.686619473223256,-8.517878357315217,0.9950869656313911,0.740147815497009,1.2263983241338277
fukami_d3_noBN,fukami,3,test_c,8,z_markov,C_D,24,-4.69671527868609,-8.865872818581826,-2.5913777228970085,0.6650475346486905,0.45528268805761485,0.8768918079247292
fukami_d3_noBN,fukami,3,test_c,16,z_markov,C_D,24,-0.06762229821905952,-0.9781940242288406,0.4913134270517959,0.4156155585773538,0.2697498574153254,0.6100090564618678
fukami_d3_noBN,fukami,3,test_c,32,z_markov,C_D,24,-19.166524622347858,-33.45152730365184,-11.084950464499656,0.4168094797514256,0.3246811154337148,0.5212615191014447
fukami_d3_noBN,fukami,3,test_c,64,z_markov,C_D,24,-18.956812407066266,-54.95829414896049,-6.473393235916574,0.18640413423825652,0.11719736435043035,0.26402229065172117
fukami_d3_noBN,fukami,3,test_c,1,z_markov,I_y,24,-4.96251802528292,-9.224820307514037,-2.8950692633142983,4.604258499238707,3.608274261603714,5.631073110617468
fukami_d3_noBN,fukami,3,test_c,4,z_markov,I_y,24,-10.026432287241697,-19.157965700097463,-5.43243873850734,4.990399969004983,3.6262887427658153,6.463825389795253
fukami_d3_noBN,fukami,3,test_c,8,z_markov,I_y,24,-13.828060159614244,-29.773151539388632,-6.804220560627743,4.629940434850823,3.336186742644407,6.035283599311321
fukami_d3_noBN,fukami,3,test_c,16,z_markov,I_y,24,-12.569672664635135,-39.55494457740619,-5.279334765405861,3.9241973544499573,2.7537744665347788,5.176178812945154
fukami_d3_noBN,fukami,3,test_c,32,z_markov,I_y,24,-6.582548375859966,-19.54274116181344,-2.775999341609989,3.1785400791656246,2.387905672066713,3.9788196373932823
fukami_d3_noBN,fukami,3,test_c,64,z_markov,I_y,24,0.220205392919959,-0.21982027256979833,0.4333239283008237,3.0718565708274332,1.6700039554575532,4.646743205223557
fukami_d3_noBN,fukami,3,test_c,1,z_markov,wake_enstrophy,24,0.10663954392503139,-0.9882914589443774,0.6277415044658076,48.5603305441687,31.599786050818388,67.97212902012724
fukami_d3_noBN,fukami,3,test_c,4,z_markov,wake_enstrophy,24,-1.2081049818271596,-3.1424278825784353,-0.4154543516404907,111.08086100069487,81.73882367063304,140.47335945693257
fukami_d3_noBN,fukami,3,test_c,8,z_markov,wake_enstrophy,24,-1.2930842922804069,-2.6691691517687897,-0.6571717754727872,176.62860389677408,119.97584411067123,233.70857575757933
fukami_d3_noBN,fukami,3,test_c,16,z_markov,wake_enstrophy,24,-1.5342145064835666,-2.7994571649719178,-0.9031505861935455,233.61746132435522,143.27895332074436,337.425265211228
fukami_d3_noBN,fukami,3,test_c,32,z_markov,wake_enstrophy,24,-2.1066321024142742,-4.397494185823142,-1.205097198718973,238.96922804777856,169.1054579322935,310.4240107044176
fukami_d3_noBN,fukami,3,test_c,64,z_markov,wake_enstrophy,24,-0.02593746458678159,-0.2945499213445531,0.10715303381841373,80.93164529608514,62.25235519467882,103.46064884517946
fukami_d3_noBN,fukami,3,test_c,1,z_markov,circulation_pos,24,-0.2610730061095756,-1.6740683063061663,0.3587372864634985,1.2672073609689625,0.9543234823869224,1.5876004308494944
fukami_d3_noBN,fukami,3,test_c,4,z_markov,circulation_pos,24,-0.11529880762765532,-2.1945111207910863,0.47882135904165757,1.2050161238934611,0.9117889482453416,1.521990044812153
fukami_d3_noBN,fukami,3,test_c,8,z_markov,circulation_pos,24,-2.6025003248509684,-8.30099498718669,-0.6238861528125549,2.3122164844920605,1.5822613693091707,3.033864847952585
fukami_d3_noBN,fukami,3,test_c,16,z_markov,circulation_pos,24,-6.576015795053985,-12.801749119492495,-4.005872254476118,4.051766134190899,2.861333201732459,5.251326923313791
fukami_d3_noBN,fukami,3,test_c,32,z_markov,circulation_pos,24,-5.114026878665226,-11.802697339267482,-2.8400955982781415,5.762110340378755,4.351028959887945,7.028990219805591
fukami_d3_noBN,fukami,3,test_c,64,z_markov,circulation_pos,24,-0.042912607571405026,-0.3885308359264769,0.07713641183107603,2.499683393051496,1.9505970936244714,3.0190449721236163
fukami_d3_noBN,fukami,3,test_c,1,z_markov,circulation_neg,24,-0.7830065444133258,-1.95182029437826,-0.11961497583450528,0.6093409782620526,0.4401784249494801,0.7904393477511488
fukami_d3_noBN,fukami,3,test_c,4,z_markov,circulation_neg,24,-2.25920173830874,-5.0890825047512145,-1.061619460656105,1.3195630165995127,0.9471119724004031,1.7024871830050892
fukami_d3_noBN,fukami,3,test_c,8,z_markov,circulation_neg,24,-3.511686424682898,-7.833287081389793,-1.908721029414316,2.9879435337636426,2.241700356919948,3.6971181525411456
fukami_d3_noBN,fukami,3,test_c,16,z_markov,circulation_neg,24,-5.570071994526829,-10.375890316492967,-3.6469237799288488,5.031895321525429,4.1039715334359785,5.978385337846085
fukami_d3_noBN,fukami,3,test_c,32,z_markov,circulation_neg,24,-5.82185117647582,-11.32996203121941,-3.633582538710735,5.1543722702382455,4.308891021130788,6.027060598916765
fukami_d3_noBN,fukami,3,test_c,64,z_markov,circulation_neg,24,-1.4015951089554441,-2.671561930017236,-0.8157020281615589,1.895033110693588,1.3156324644834092,2.4909150558335744
fukami_d3_noBN,fukami,3,test_c,1,z_full,C_L,24,-1.225317212074032,-3.586618265550961,-0.2791427896120354,2.970092891388687,2.3284603561119037,3.6305428566765894
fukami_d3_noBN,fukami,3,test_c,4,z_full,C_L,24,0.6409654934575948,0.18925934255544555,0.8512303381021628,1.2577308669827414,0.8472354927764902,1.7501943006603158
fukami_d3_noBN,fukami,3,test_c,8,z_full,C_L,24,0.30861460764582116,-0.08056635181427894,0.5156840750969763,2.6946306517628575,2.1245083544650605,3.279443517557444
fukami_d3_noBN,fukami,3,test_c,16,z_full,C_L,24,0.19303764499855713,-0.15751559323659997,0.4560307762460989,2.8168177143787094,1.7150814772397787,4.068233865876303
fukami_d3_noBN,fukami,3,test_c,32,z_full,C_L,24,-9.39648675830311,-21.637411413672023,-4.202861744217299,1.6443610238929776,1.0497206246839332,2.256301188804591
fukami_d3_noBN,fukami,3,test_c,64,z_full,C_L,24,-47.60476084243537,-114.11970446924184,-21.274659258190447,1.9341450567825882,1.2952179846580545,2.582213013228926
fukami_d3_noBN,fukami,3,test_c,1,z_full,C_D,24,-18.21343850062836,-42.80896412970282,-10.366411695259286,1.2913964356102061,1.1228605627874135,1.4566475239723533
fukami_d3_noBN,fukami,3,test_c,4,z_full,C_D,24,-13.458629026757658,-27.017412930165523,-8.065642253821954,0.9898213516539807,0.7748921905140901,1.2091285450895797
fukami_d3_noBN,fukami,3,test_c,8,z_full,C_D,24,-4.192209587597208,-8.092484103304669,-2.2468217970830033,0.6462993723834682,0.46249846198481237,0.8510947836318644
fukami_d3_noBN,fukami,3,test_c,16,z_full,C_D,24,-0.16831918560170522,-0.9125345973440214,0.408849920114035,0.39466236990811643,0.22516749240740933,0.5992074387098455
fukami_d3_noBN,fukami,3,test_c,32,z_full,C_D,24,-7.904399847873419,-17.747016671417292,-3.837505223682775,0.2631414486973924,0.19423906145948563,0.33420867676648597
fukami_d3_noBN,fukami,3,test_c,64,z_full,C_D,24,-121.88270399641748,-300.62467244568484,-50.7427653559748,0.4467652114519079,0.2693659840888034,0.6437123785152363
fukami_d3_noBN,fukami,3,test_c,1,z_full,I_y,24,-4.735196548150707,-8.862871573468631,-2.9770790113105408,4.639320720034332,3.7471862725910667,5.517621225307495
fukami_d3_noBN,fukami,3,test_c,4,z_full,I_y,24,-9.861121347399365,-18.280361820946826,-5.698971230866125,5.168594810571509,3.8981632971352966,6.576490628345037
fukami_d3_noBN,fukami,3,test_c,8,z_full,I_y,24,-12.221156849437664,-30.37152225133316,-4.7680351106810885,4.055752944852329,2.6984684748657455,5.5077872918609785
fukami_d3_noBN,fukami,3,test_c,16,z_full,I_y,24,-9.77696331841939,-35.2227098942341,-3.238380372505888,3.3829154736412677,2.2883062090010284,4.493094290595606
fukami_d3_noBN,fukami,3,test_c,32,z_full,I_y,24,-3.048304181466303,-8.8533001399684,-1.3338891444575023,2.2330966153768035,1.5918393057824605,2.8950747994698554
fukami_d3_noBN,fukami,3,test_c,64,z_full,I_y,24,0.21244077966546138,-1.4270894153544096,0.7907606603675474,3.0613112207358846,1.7653080710067612,4.709637315339828
fukami_d3_noBN,fukami,3,test_c,1,z_full,wake_enstrophy,24,0.09803155629495686,-0.9076243571427494,0.5949305213723023,49.65848127786224,32.15043022561067,69.74192651509189
fukami_d3_noBN,fukami,3,test_c,4,z_full,wake_enstrophy,24,-1.1562841433752893,-3.0848759365043548,-0.45384398847892055,115.6003443942853,91.85781963450968,143.88797093867825
fukami_d3_noBN,fukami,3,test_c,8,z_full,wake_enstrophy,24,-1.1366235764830863,-2.377952857486553,-0.537341113229376,171.52269390537538,118.13197617087434,227.48635281925758
fukami_d3_noBN,fukami,3,test_c,16,z_full,wake_enstrophy,24,-1.3906373280769317,-2.4714203746830585,-0.8013613805649392,228.79802223753305,139.469536721764,318.27760862189734
fukami_d3_noBN,fukami,3,test_c,32,z_full,wake_enstrophy,24,-2.1314938358470408,-4.241724064909379,-1.2057322910158184,240.25769642538467,170.83838687953636,306.814191844551
fukami_d3_noBN,fukami,3,test_c,64,z_full,wake_enstrophy,24,0.12879583079092505,-0.1423615304692813,0.2989680731810535,72.16878235750598,53.514359725188804,94.80312372753184
fukami_d3_noBN,fukami,3,test_c,1,z_full,circulation_pos,24,-0.44905724532070646,-1.8482263763697946,0.18770038744703563,1.4025303541409493,1.07511010297381,1.7199177743593952
fukami_d3_noBN,fukami,3,test_c,4,z_full,circulation_pos,24,-0.20829149772798994,-2.0688281529564536,0.3990057275721853,1.291004444285699,0.9954939277353718,1.5855767313594258
fukami_d3_noBN,fukami,3,test_c,8,z_full,circulation_pos,24,-1.82334126231834,-6.580056348322282,-0.3043786329836076,2.055857759150337,1.4416590279377168,2.6679983898617845
fukami_d3_noBN,fukami,3,test_c,16,z_full,circulation_pos,24,-5.922045188603194,-12.530921076705981,-3.6924695829964347,4.02118175254212,3.0316110325578736,5.009967182837658
fukami_d3_noBN,fukami,3,test_c,32,z_full,circulation_pos,24,-4.819181501984972,-10.908269332327452,-2.6742055793113892,5.651759089703848,4.350996930338016,6.905209217842875
fukami_d3_noBN,fukami,3,test_c,64,z_full,circulation_pos,24,0.13008396316418913,-0.1962014030150999,0.26688292461490115,2.2630893079060246,1.7372647687596459,2.765898016138824
fukami_d3_noBN,fukami,3,test_c,1,z_full,circulation_neg,24,-0.7163186775997412,-1.850738209698425,-0.08198959145193441,0.6046583748038389,0.4382585976857009,0.7987626014145444
fukami_d3_noBN,fukami,3,test_c,4,z_full,circulation_neg,24,-2.065357545232443,-4.820522052030046,-0.9644705505240831,1.2665154303449488,0.8958178339224963,1.6407165599419278
fukami_d3_noBN,fukami,3,test_c,8,z_full,circulation_neg,24,-3.4432214178004967,-7.447293096713112,-1.8707981672425218,2.9662008083652602,2.260793900209518,3.68143436183058
fukami_d3_noBN,fukami,3,test_c,16,z_full,circulation_neg,24,-5.519388606128221,-9.940307373503888,-3.581150900264068,5.034593641369285,4.131094333539177,5.976315097632185
fukami_d3_noBN,fukami,3,test_c,32,z_full,circulation_neg,24,-5.997954628821663,-11.788271831061225,-3.773940721086648,5.2338289445671,4.363968136920744,6.124845320434557
fukami_d3_noBN,fukami,3,test_c,64,z_full,circulation_neg,24,-1.3383919944895348,-2.6216994378106024,-0.7803742729743397,1.8424642391358441,1.2472103060099764,2.471285185470561
fukami_d32_noBN,fukami,32,test_b,1,z_dns,C_L,42,-2.856639812816721,-6.255685564139863,-0.6535230390389388,1.5693405489133514,1.0941434258798077,2.113688640204819
fukami_d32_noBN,fukami,32,test_b,4,z_dns,C_L,42,0.40175342067357256,-1.0664108979420617,0.7349761799250426,0.9539920153422081,0.6884614887058985,1.2525693712135664
fukami_d32_noBN,fukami,32,test_b,8,z_dns,C_L,42,0.7126011438947004,0.25242932491261383,0.8468523090700645,0.9928677315953316,0.6599004961520355,1.3590107800037845
fukami_d32_noBN,fukami,32,test_b,16,z_dns,C_L,42,0.5676411131617562,0.17915896343954685,0.8137568141377185,1.0380952820604596,0.6526536499177771,1.5002051080166234
fukami_d32_noBN,fukami,32,test_b,32,z_dns,C_L,42,0.18108169561803733,-0.2464590356927903,0.4290419572659942,0.910419118900117,0.5951551824817738,1.263586566989782
fukami_d32_noBN,fukami,32,test_b,64,z_dns,C_L,42,-2.8994786234733447,-4.7002896427887295,0.2657955273309626,0.44667143632001766,0.22313084763538563,0.770924368385987
fukami_d32_noBN,fukami,32,test_b,1,z_dns,C_D,42,-1.7750057553827832,-5.029899757776479,-0.20464980180797487,0.48418872913696864,0.3426634856134547,0.6529230445409697
fukami_d32_noBN,fukami,32,test_b,4,z_dns,C_D,42,-1.411813402584508,-4.473226955271798,-0.2694110900011553,0.4145942296431893,0.28474109250332374,0.569057164252537
fukami_d32_noBN,fukami,32,test_b,8,z_dns,C_D,42,0.021605105352025422,-0.3700668354868989,0.39623355415350014,0.31873967786742413,0.1782933335222883,0.47540421140473826
fukami_d32_noBN,fukami,32,test_b,16,z_dns,C_D,42,0.22636374360672018,0.02486363349202606,0.42236874259738616,0.3681670045029774,0.21933100122727778,0.5235408768887488
fukami_d32_noBN,fukami,32,test_b,32,z_dns,C_D,42,0.15577325637672113,-0.007865653799750972,0.2595788909808918,0.36037107610561037,0.25250230413998276,0.4905939751327293
fukami_d32_noBN,fukami,32,test_b,64,z_dns,C_D,42,-0.6359181191732206,-1.371413849571514,0.01099234263454196,0.1570393532486413,0.09515315976624632,0.23573324454757177
fukami_d32_noBN,fukami,32,test_b,1,z_dns,I_y,42,-0.579203886005643,-1.5877913108086334,0.021772555271294135,2.621908075547741,1.853686420516655,3.4484863256504235
fukami_d32_noBN,fukami,32,test_b,4,z_dns,I_y,42,-0.7476923836032547,-1.595739440484932,-0.02525888765305926,2.4001316479389057,1.618123067240102,3.4098150650299934
fukami_d32_noBN,fukami,32,test_b,8,z_dns,I_y,42,-0.4057171240869446,-1.0824419267553713,0.2327857250346453,2.507591432357133,1.7351451484568214,3.436289140946786
fukami_d32_noBN,fukami,32,test_b,16,z_dns,I_y,42,-0.11706035117788294,-0.6409602309143759,0.43299589588080395,2.195097998170204,1.282625308339486,3.381192791196406
fukami_d32_noBN,fukami,32,test_b,32,z_dns,I_y,42,-0.03620274904729959,-0.47700601525120523,0.10426655742103111,1.8922221835885504,1.2429671334694008,2.5595681942816317
fukami_d32_noBN,fukami,32,test_b,64,z_dns,I_y,42,-0.1661249470367694,-0.5120837586149463,-0.05163599150433823,4.299294519851474,2.8488745325461187,5.848277924396179
fukami_d32_noBN,fukami,32,test_b,1,z_dns,wake_enstrophy,42,0.046488901290630436,-3.3189354262710786,0.4636035222969898,62.79823824283875,47.08345449930241,80.94934690395928
fukami_d32_noBN,fukami,32,test_b,4,z_dns,wake_enstrophy,42,0.02347157712217951,-5.045910493973332,0.40827864782460777,66.52157715029648,50.23049808224766,85.55987884009404
fukami_d32_noBN,fukami,32,test_b,8,z_dns,wake_enstrophy,42,0.009695333607428358,-7.009460517143983,0.3630072811247814,70.56933344128814,53.97436927278631,89.26682886097973
fukami_d32_noBN,fukami,32,test_b,16,z_dns,wake_enstrophy,42,0.06002241972195099,-3.8747170329337646,0.3784751294271628,63.943836757765624,47.31606460041087,82.83770894620923
fukami_d32_noBN,fukami,32,test_b,32,z_dns,wake_enstrophy,42,0.247733775291338,-0.007299405364001474,0.4683139086781594,60.66516034987376,45.14747163929162,77.49638297235573
fukami_d32_noBN,fukami,32,test_b,64,z_dns,wake_enstrophy,42,0.052703945832972665,-0.4379904146411232,0.28031069631816297,60.38939308047373,45.18321721404076,78.54638775084908
fukami_d32_noBN,fukami,32,test_b,1,z_dns,circulation_pos,42,-0.73049017071667,-2.91156534837367,0.01046140783472572,1.7897210546700495,1.419108554538512,2.2156164947835735
fukami_d32_noBN,fukami,32,test_b,4,z_dns,circulation_pos,42,-0.2363627154243162,-1.3709297765824493,0.13442031951955202,1.6980340841460713,1.3901692252402487,2.025738991577378
fukami_d32_noBN,fukami,32,test_b,8,z_dns,circulation_pos,42,0.13845902012604017,-0.6304735887474756,0.3061823508898882,1.522261899032642,1.2268587352824543,1.838094297988386
fukami_d32_noBN,fukami,32,test_b,16,z_dns,circulation_pos,42,0.36481457064053546,0.08027204443959077,0.7629654228713626,0.9462850117635406,0.5893720294090988,1.464310012594939
fukami_d32_noBN,fukami,32,test_b,32,z_dns,circulation_pos,42,-0.14890047543144824,-0.5107888992620103,0.14622320861010865,1.7973459604949906,1.3484553846411802,2.2978270661742184
fukami_d32_noBN,fukami,32,test_b,64,z_dns,circulation_pos,42,0.07655942744969924,-0.2069867662770241,0.2996574435959544,1.5678610218901536,1.1479550401314076,2.035570522007846
fukami_d32_noBN,fukami,32,test_b,1,z_dns,circulation_neg,42,0.31411166277381397,-0.1735704037739073,0.38747835696281596,1.6796912716283863,1.1703063525370005,2.329824038587294
fukami_d32_noBN,fukami,32,test_b,4,z_dns,circulation_neg,42,0.30702418912497276,-0.09050325282467983,0.36726569422304767,1.6972536196331904,1.1403005588509254,2.419206762996259
fukami_d32_noBN,fukami,32,test_b,8,z_dns,circulation_neg,42,0.21902861712926924,-0.061442610204240355,0.2738249551980837,1.8332640562915983,1.1909147434578986,2.6189556375236775
fukami_d32_noBN,fukami,32,test_b,16,z_dns,circulation_neg,42,0.18589334344257347,-0.05904936927632169,0.254417147865914,1.7893449026745538,1.1074109741758558,2.647297147529339
fukami_d32_noBN,fukami,32,test_b,32,z_dns,circulation_neg,42,-0.02137502235526978,-0.4206752578635847,0.24551615450534575,1.7563278688483062,1.2648182397402938,2.35330526560134
fukami_d32_noBN,fukami,32,test_b,64,z_dns,circulation_neg,42,-0.0010752702572411899,-0.23448766866249576,0.2419366920209331,1.700365180002193,1.1235860054362103,2.365971279158293
fukami_d32_noBN,fukami,32,test_b,1,z_markov,C_L,42,-1.9980742021100086,-4.504839528769064,-0.3832372650422354,1.4087905205090459,0.9917420323306189,1.8997828883035726
fukami_d32_noBN,fukami,32,test_b,4,z_markov,C_L,42,0.7517096704022682,-0.08005908902155218,0.8901363495670451,0.6560573494440437,0.4974112793203449,0.8357350894280625
fukami_d32_noBN,fukami,32,test_b,8,z_markov,C_L,42,0.7483180234604079,0.4898210611102498,0.8217510052137972,0.8636344021669686,0.5352483234021291,1.2196885246981393
fukami_d32_noBN,fukami,32,test_b,16,z_markov,C_L,42,0.641279972382589,0.38210900552038884,0.8483840282447139,0.9851236003525011,0.6558892612994928,1.3831501534031467
fukami_d32_noBN,fukami,32,test_b,32,z_markov,C_L,42,0.26653627328822194,-0.23238947029728435,0.5791438093197464,0.8667287606031496,0.5561475662734048,1.2149554793102428
fukami_d32_noBN,fukami,32,test_b,64,z_markov,C_L,42,-0.8907631005010994,-3.708073073385265,-0.04228786010220229,0.5212683821877361,0.37488523781820965,0.6919547111236657
fukami_d32_noBN,fukami,32,test_b,1,z_markov,C_D,42,-1.6415047616304714,-4.542476563387997,-0.1732655585560678,0.47352873742413387,0.33343922239207185,0.6398459985098242
fukami_d32_noBN,fukami,32,test_b,4,z_markov,C_D,42,-1.029386601642504,-2.951068240629239,-0.20148693243648913,0.39355418791992525,0.281591589128524,0.5209076916709733
fukami_d32_noBN,fukami,32,test_b,8,z_markov,C_D,42,0.14395423515163175,-0.20492311465004154,0.4618726496217954,0.2777689954096755,0.15062241326870934,0.4410622466311724
fukami_d32_noBN,fukami,32,test_b,16,z_markov,C_D,42,0.23935214298304663,-0.006977225396068483,0.47854563277976286,0.3475400293976642,0.2040811585084172,0.5146062701031795
fukami_d32_noBN,fukami,32,test_b,32,z_markov,C_D,42,0.3410935688243957,0.1745067425714539,0.44869930343666137,0.3098035200814642,0.20621467336756463,0.42919946305825235
fukami_d32_noBN,fukami,32,test_b,64,z_markov,C_D,42,0.008688553523169107,-0.8227646863174186,0.4042976469225138,0.13146925794456626,0.08383551912436904,0.1874358701384418
fukami_d32_noBN,fukami,32,test_b,1,z_markov,I_y,42,-0.44688136743391405,-1.2206308149058513,0.028893830001697766,2.5655175995377317,1.8364959029457593,3.402497268970451
fukami_d32_noBN,fukami,32,test_b,4,z_markov,I_y,42,-0.37331865390829866,-0.8166214045742662,-0.018227529856310157,2.2310493062866783,1.4985664471048024,3.0207621379446574
fukami_d32_noBN,fukami,32,test_b,8,z_markov,I_y,42,-0.0344313588400067,-0.418147583184396,0.28047016308829587,2.2335273478441726,1.5800414892511558,2.99277285380784
fukami_d32_noBN,fukami,32,test_b,16,z_markov,I_y,42,0.20542720716640206,-0.07730827622391874,0.4799176676977835,1.9747604792594917,1.192633107099863,3.0610355449144553
fukami_d32_noBN,fukami,32,test_b,32,z_markov,I_y,42,0.36600140687383853,0.1867805189763929,0.4706319229382572,1.5047233760757575,1.0316550790660421,2.029726657678168
fukami_d32_noBN,fukami,32,test_b,64,z_markov,I_y,42,-0.03155828186928167,-0.39454531784093144,0.028490099969980427,4.102064146468336,2.7345554863289827,5.638771156307546
fukami_d32_noBN,fukami,32,test_b,1,z_markov,wake_enstrophy,42,-0.3256787679055071,-5.551526332089659,0.30574062576578953,70.5762298812011,50.40706838077657,92.28410888368929
fukami_d32_noBN,fukami,32,test_b,4,z_markov,wake_enstrophy,42,-0.07057465428362919,-4.952540549273054,0.3225062331628991,64.95216108468256,46.0698902275204,86.40883842124047
fukami_d32_noBN,fukami,32,test_b,8,z_markov,wake_enstrophy,42,-0.14817979959115868,-8.552416102526005,0.323134440669678,69.7229288476771,49.24173999435444,92.36051720410154
fukami_d32_noBN,fukami,32,test_b,16,z_markov,wake_enstrophy,42,0.007179276698258574,-3.343095980341546,0.26187351311495993,64.07540764375082,46.390869187677,83.00412620154738
fukami_d32_noBN,fukami,32,test_b,32,z_markov,wake_enstrophy,42,0.5289564625909242,0.3939370202938109,0.6074592809226743,52.94017482917021,42.2705457070637,64.01113540857638
fukami_d32_noBN,fukami,32,test_b,64,z_markov,wake_enstrophy,42,0.28306660377689874,0.03579201817714637,0.40822411454312185,51.9823015152746,37.92722345912176,68.74368042755545
fukami_d32_noBN,fukami,32,test_b,1,z_markov,circulation_pos,42,-1.0362080241411151,-3.846137465626388,-0.15460504841747655,1.9249185717563644,1.5062181461670994,2.376796997994588
fukami_d32_noBN,fukami,32,test_b,4,z_markov,circulation_pos,42,-0.2480516750527879,-1.3501851678899819,0.10278335158664824,1.7196900710385958,1.3989502378182812,2.0514817890178727
fukami_d32_noBN,fukami,32,test_b,8,z_markov,circulation_pos,42,0.003865175057990111,-0.8397039823834224,0.21671028890332295,1.573746375283182,1.2378999732203007,1.9374190546654753
fukami_d32_noBN,fukami,32,test_b,16,z_markov,circulation_pos,42,0.4196543808706398,0.1992540772152076,0.7586508875366612,0.9461171903061515,0.6079602844069804,1.4040040873137578
fukami_d32_noBN,fukami,32,test_b,32,z_markov,circulation_pos,42,0.25972867985813686,-0.04246202295153155,0.47347945443826917,1.4819000625601677,1.1300948409904603,1.8622148695356475
fukami_d32_noBN,fukami,32,test_b,64,z_markov,circulation_pos,42,0.15400743745484913,-0.11263625918203879,0.3439057057763792,1.3972363172659468,0.9879251173609747,1.8492267113012861
fukami_d32_noBN,fukami,32,test_b,1,z_markov,circulation_neg,42,0.23363977844316497,-0.46710588322322993,0.33004213040323743,1.8846665258882969,1.3742696483578976,2.53720994435374
fukami_d32_noBN,fukami,32,test_b,4,z_markov,circulation_neg,42,0.2704325763325234,-0.369425340146142,0.39268609785461406,1.7780396591593846,1.2315021603170087,2.461171149551027
fukami_d32_noBN,fukami,32,test_b,8,z_markov,circulation_neg,42,0.27694793613504887,0.015287003925597176,0.40095875046598695,1.6922795522341605,1.0677749823264988,2.474060601587839
fukami_d32_noBN,fukami,32,test_b,16,z_markov,circulation_neg,42,0.16147677889535694,-0.06787897947174462,0.27779926745839206,1.7713640968680364,1.0980450400182185,2.6451910838605768
fukami_d32_noBN,fukami,32,test_b,32,z_markov,circulation_neg,42,0.05222471998659117,-0.1709445775702971,0.1725947616704345,1.7539616226687396,1.2924172612598146,2.278357212894366
fukami_d32_noBN,fukami,32,test_b,64,z_markov,circulation_neg,42,0.0855188826822133,-0.1182715641792346,0.256337355096989,1.7020412363937472,1.1689183960886997,2.3224059741085545
fukami_d32_noBN,fukami,32,test_b,1,z_full,C_L,42,-2.1275913483534796,-4.849188983656357,-0.4091563835029712,1.427524459103751,1.0101274223824266,1.8938369111919573
fukami_d32_noBN,fukami,32,test_b,4,z_full,C_L,42,0.6159779630143745,-0.401542495117112,0.8334216849091696,0.7947802980316313,0.583551322095083,1.0420157622245287
fukami_d32_noBN,fukami,32,test_b,8,z_full,C_L,42,0.7840249159458762,0.5010026523893101,0.8772077345363545,0.8584439896941133,0.568329517323326,1.1683916944036257
fukami_d32_noBN,fukami,32,test_b,16,z_full,C_L,42,0.6124116807758662,0.34226951438307673,0.8153229919205016,1.0659116020106314,0.7361684958157667,1.467718547034776
fukami_d32_noBN,fukami,32,test_b,32,z_full,C_L,42,0.2801398555849982,0.0007992273387634918,0.4973259716380632,0.9310120361864035,0.6426860481996576,1.2598205892561576
fukami_d32_noBN,fukami,32,test_b,64,z_full,C_L,42,-0.33992826325090664,-1.354793237005026,0.0406275820437846,0.4218967734315797,0.30054515025482664,0.5697508765373565
fukami_d32_noBN,fukami,32,test_b,1,z_full,C_D,42,-1.4145275807279396,-3.916402303554495,-0.15496323246628613,0.46107942178055483,0.3201552630827201,0.6198928248989963
fukami_d32_noBN,fukami,32,test_b,4,z_full,C_D,42,-1.131979093892082,-3.7543838247503474,-0.2279209167694905,0.39638658238593216,0.27222882088841616,0.52936710778359
fukami_d32_noBN,fukami,32,test_b,8,z_full,C_D,42,0.11004986676646344,-0.2569810528018369,0.43513122255394854,0.2998801620629873,0.1682817765746517,0.4571134545795613
fukami_d32_noBN,fukami,32,test_b,16,z_full,C_D,42,0.22174778884986535,-0.043046526073913315,0.5103454946777375,0.3546484541713094,0.20936799289299424,0.5317840947071827
fukami_d32_noBN,fukami,32,test_b,32,z_full,C_D,42,0.24532724922012494,0.08619631867536985,0.32210973803619064,0.32949431884227376,0.22252221839780703,0.4534633443063236
fukami_d32_noBN,fukami,32,test_b,64,z_full,C_D,42,-0.15014256344806087,-0.6914053124802593,0.05570238082998125,0.15336465853870743,0.10584425097325569,0.21167582078156033
fukami_d32_noBN,fukami,32,test_b,1,z_full,I_y,42,-0.4276880843884876,-1.2074145495781166,0.03016916568016119,2.5672266146680647,1.875101931987502,3.3343771669464584
fukami_d32_noBN,fukami,32,test_b,4,z_full,I_y,42,-0.4140327785015194,-0.9468165042919512,-0.03838575734938711,2.345420152541135,1.6227215092087035,3.161192425819617
fukami_d32_noBN,fukami,32,test_b,8,z_full,I_y,42,0.033299689362792706,-0.32888810348836933,0.36282609060267734,2.199054203109102,1.5803944221400623,2.9582315076858023
fukami_d32_noBN,fukami,32,test_b,16,z_full,I_y,42,0.2194519248745278,-0.05185331422913063,0.5040000055403917,1.9542534403387484,1.1824654612673136,3.006329503253731
fukami_d32_noBN,fukami,32,test_b,32,z_full,I_y,42,0.23040673635788766,0.01910538639646049,0.2826446530751031,1.646784717094349,1.132013848796086,2.215236891993233
fukami_d32_noBN,fukami,32,test_b,64,z_full,I_y,42,-0.01697454161676304,-0.3199625105591223,0.05847043718008349,3.959338070088654,2.5909465565545124,5.598556783627708
fukami_d32_noBN,fukami,32,test_b,1,z_full,wake_enstrophy,42,0.09334870306806564,-2.36159803597134,0.3771065216220684,56.22612354798312,39.418726918324104,75.3861721650173
fukami_d32_noBN,fukami,32,test_b,4,z_full,wake_enstrophy,42,0.033477657671114214,-3.6096411149293552,0.32494492898374056,59.49928722940236,41.66237373647905,81.14301374039704
fukami_d32_noBN,fukami,32,test_b,8,z_full,wake_enstrophy,42,-0.057059461363738295,-7.009846807065964,0.2937797399201592,65.8774250054166,46.75109831102249,87.95310118740896
fukami_d32_noBN,fukami,32,test_b,16,z_full,wake_enstrophy,42,0.15225724099536497,-2.688999280715043,0.3548019747228647,57.91138495114027,41.25033306774061,77.04462559827218
fukami_d32_noBN,fukami,32,test_b,32,z_full,wake_enstrophy,42,0.45466974680740335,0.1282385795247863,0.6225981439822829,57.66045444606917,45.47288466311998,69.69871834306643
fukami_d32_noBN,fukami,32,test_b,64,z_full,wake_enstrophy,42,0.2747491403096486,-0.012517444663857952,0.4251076211586806,54.362977840567574,40.99582886917644,69.57395534849304
fukami_d32_noBN,fukami,32,test_b,1,z_full,circulation_pos,42,-0.5167286310420767,-2.111055054946507,0.026076180353649857,1.6297355768849133,1.2608390272480898,2.0452606232299972
fukami_d32_noBN,fukami,32,test_b,4,z_full,circulation_pos,42,-0.1619399015953562,-1.1448430814519435,0.1412792301851692,1.6023086042510282,1.2841118322434553,1.95374644324588
fukami_d32_noBN,fukami,32,test_b,8,z_full,circulation_pos,42,0.05560282482100343,-0.5615021181384245,0.21313230748033146,1.491196398671701,1.1343923047081461,1.8643197975479602
fukami_d32_noBN,fukami,32,test_b,16,z_full,circulation_pos,42,0.4558970116589992,0.259811022450009,0.7512366708683227,0.9724409580209612,0.6691279065891081,1.394589848055197
fukami_d32_noBN,fukami,32,test_b,32,z_full,circulation_pos,42,0.404137567785568,0.048992706384783966,0.6498136497772681,1.2832129518661983,0.9607880323478615,1.6548848051025709
fukami_d32_noBN,fukami,32,test_b,64,z_full,circulation_pos,42,0.09022834811393599,-0.20193019274163015,0.3360935523548463,1.4634460546135735,1.025381312881947,1.960138469348033
fukami_d32_noBN,fukami,32,test_b,1,z_full,circulation_neg,42,0.3028787601532351,-0.03485271653028796,0.4877530223441569,1.5448251303484666,1.0054607343175694,2.2416486068165487
fukami_d32_noBN,fukami,32,test_b,4,z_full,circulation_neg,42,0.2840468399720131,0.08171116167808494,0.48897547586573437,1.5848995175995513,0.9928548347399173,2.298797062530204
fukami_d32_noBN,fukami,32,test_b,8,z_full,circulation_neg,42,0.2564541327796739,0.049230064892949434,0.39800925728974323,1.6776210875345077,1.037461508775516,2.4438560809019885
fukami_d32_noBN,fukami,32,test_b,16,z_full,circulation_neg,42,0.22027372713478333,0.08626742242598669,0.33533048237781987,1.6940063876820581,1.0374777986056887,2.4969050310516963
fukami_d32_noBN,fukami,32,test_b,32,z_full,circulation_neg,42,0.009039182756707453,-0.2983821858075395,0.19436762781994588,1.8491513743173056,1.3925173300948566,2.382666164916551
fukami_d32_noBN,fukami,32,test_b,64,z_full,circulation_neg,42,0.131656343649737,-0.0898094646827774,0.3261295116093892,1.6393402667264676,1.1298582971341022,2.22000450878155
fukami_d32_noBN,fukami,32,test_c,1,z_dns,C_L,24,-3.4342746718365245,-6.941067361950663,-2.095422717080387,4.580904536957239,4.059151199694654,5.10339409328381
fukami_d32_noBN,fukami,32,test_c,4,z_dns,C_L,24,-0.3089816782671648,-1.236219249072448,0.15489062563829692,2.772151724035934,2.1319659278937286,3.4049988813695493
fukami_d32_noBN,fukami,32,test_c,8,z_dns,C_L,24,0.7495387747613368,0.48698911385785354,0.8750005190088636,1.5036798231858135,1.0761188041583962,1.9271659659036369
fukami_d32_noBN,fukami,32,test_c,16,z_dns,C_L,24,0.46933832562533895,0.26399204282915384,0.6011620020307613,2.4721815035871932,1.6532265449312233,3.420411878768246
fukami_d32_noBN,fukami,32,test_c,32,z_dns,C_L,24,-0.789578912691066,-1.757898466471865,-0.27779091203949713,0.7535601190301838,0.5373670618551671,0.9581438597699405
fukami_d32_noBN,fukami,32,test_c,64,z_dns,C_L,24,-0.4013019702442615,-2.2319358765107076,0.24948638226376085,0.3464443598420748,0.24970248157924838,0.44713640772650176
fukami_d32_noBN,fukami,32,test_c,1,z_dns,C_D,24,-19.024239472347087,-48.36436130761129,-9.905901389801267,1.264674032423173,1.0470648879925546,1.5034098172882384
fukami_d32_noBN,fukami,32,test_c,4,z_dns,C_D,24,-22.596809917467507,-47.7143841121535,-12.610723912453636,1.2396311782060812,0.9555779500941979,1.523185463682656
fukami_d32_noBN,fukami,32,test_c,8,z_dns,C_D,24,-10.83051102616629,-18.57752057743432,-6.857450560931503,0.9523736823873442,0.642154227915879,1.270948039372996
fukami_d32_noBN,fukami,32,test_c,16,z_dns,C_D,24,-0.17589717852387232,-1.159418680518349,0.4394093967044186,0.41459483239571143,0.2536113859248386,0.6358936302724755
fukami_d32_noBN,fukami,32,test_c,32,z_dns,C_D,24,-1.4008129318688654,-2.6747507678613887,-0.7336231881553086,0.13773770768157625,0.10219447940791612,0.17397931178267328
fukami_d32_noBN,fukami,32,test_c,64,z_dns,C_D,24,-1.2019627956378698,-4.571516657282152,-0.21316704012888385,0.07186899277427129,0.05269639790909212,0.09171238638232936
fukami_d32_noBN,fukami,32,test_c,1,z_dns,I_y,24,-2.724327221951443,-5.3670985793154316,-1.583635744500503,3.611357724186307,2.7496579826504184,4.423339038069357
fukami_d32_noBN,fukami,32,test_c,4,z_dns,I_y,24,-3.9327548905020233,-7.7617380482997635,-2.33925628661487,3.6607735517426665,2.896206380604786,4.41210405151073
fukami_d32_noBN,fukami,32,test_c,8,z_dns,I_y,24,-5.94518557928545,-11.526573441917876,-3.492323693354542,3.499464465060729,2.804960731287324,4.265748677727391
fukami_d32_noBN,fukami,32,test_c,16,z_dns,I_y,24,-2.2572650141560966,-6.949845983909821,-0.67183997713071,1.9427138970425235,1.4118897311078842,2.5471979402563285
fukami_d32_noBN,fukami,32,test_c,32,z_dns,I_y,24,-0.4591680317579565,-1.1425779823525077,-0.23697835961564626,1.2482172099287752,0.8515221693468558,1.6953924280310335
fukami_d32_noBN,fukami,32,test_c,64,z_dns,I_y,24,0.03160867132889256,-0.21366678473751796,0.04642957220476307,3.5193636481538006,2.0085093541852905,5.1429293034874775
fukami_d32_noBN,fukami,32,test_c,1,z_dns,wake_enstrophy,24,-2.994280600228133,-6.503573012447364,-1.4509129028737668,120.52901841087935,90.89447423098004,150.9102953163531
fukami_d32_noBN,fukami,32,test_c,4,z_dns,wake_enstrophy,24,-3.898049932701584,-9.572818774073983,-1.9013328248903578,182.9286755698603,151.59284287659455,215.57496617319447
fukami_d32_noBN,fukami,32,test_c,8,z_dns,wake_enstrophy,24,-1.1686789786216556,-2.4534458861327497,-0.5649811255408086,210.87926794249475,185.64578375170206,237.55567617518167
fukami_d32_noBN,fukami,32,test_c,16,z_dns,wake_enstrophy,24,-1.2215535810949576,-2.2472906882781647,-0.6886128049226257,235.0108978400486,159.64938400957624,319.1911267758877
fukami_d32_noBN,fukami,32,test_c,32,z_dns,wake_enstrophy,24,-2.211338713384055,-4.663745320121387,-1.2741130563452578,242.39253342045762,173.47042416379819,312.4233231830499
fukami_d32_noBN,fukami,32,test_c,64,z_dns,wake_enstrophy,24,0.08081998709458349,-0.1922629417788287,0.20651348294261904,78.51256134393407,62.02297570582993,98.53146464652342
fukami_d32_noBN,fukami,32,test_c,1,z_dns,circulation_pos,24,-6.492826966073997,-11.910145847078352,-3.9636519521265905,3.120655191389074,2.322397583606648,3.8840591554048727
fukami_d32_noBN,fukami,32,test_c,4,z_dns,circulation_pos,24,-6.1575367280905375,-15.468092734761047,-3.17618438719455,3.028701073402073,2.246252329073571,3.8866567162993824
fukami_d32_noBN,fukami,32,test_c,8,z_dns,circulation_pos,24,-3.520190476669846,-9.623662703349089,-1.4071543334916266,3.0548911971813872,2.6000646441470363,3.5562717789242737
fukami_d32_noBN,fukami,32,test_c,16,z_dns,circulation_pos,24,-5.22329140634908,-10.740725684136605,-2.919535322566468,3.380880914278172,2.1440308756320334,4.62858316287049
fukami_d32_noBN,fukami,32,test_c,32,z_dns,circulation_pos,24,-4.8716628397713855,-11.218022435328331,-2.7342735449514612,5.680977532035278,4.317025320254008,6.987042048763492
fukami_d32_noBN,fukami,32,test_c,64,z_dns,circulation_pos,24,0.034796204123028196,-0.4077522827983249,0.18744195305734107,2.401206193121737,1.8653101708125182,2.9232798785912983
fukami_d32_noBN,fukami,32,test_c,1,z_dns,circulation_neg,24,-4.971296578038755,-12.534648403156538,-1.4690598764464922,1.0382154679937414,0.6974584676537641,1.417207851323938
fukami_d32_noBN,fukami,32,test_c,4,z_dns,circulation_neg,24,-0.8567954176791814,-2.100051366967195,-0.16248729740104334,0.9565021162522941,0.6715367842205822,1.2828414315880652
fukami_d32_noBN,fukami,32,test_c,8,z_dns,circulation_neg,24,-1.2626399211545567,-3.2269216799382954,-0.4427156672408035,2.0237120361689156,1.4775854220496865,2.568437486879024
fukami_d32_noBN,fukami,32,test_c,16,z_dns,circulation_neg,24,-3.3139679969198346,-6.419632856797863,-1.9228511959655474,3.672780425591832,2.701601629978444,4.744285450837837
fukami_d32_noBN,fukami,32,test_c,32,z_dns,circulation_neg,24,-5.082976685968386,-9.74702155934089,-3.0424026705839937,4.623025978914962,3.5876686702486142,5.649158569283097
fukami_d32_noBN,fukami,32,test_c,64,z_dns,circulation_neg,24,-1.2612925135102566,-2.4596659623472696,-0.6898984507414371,1.8029532288157106,1.231790778509341,2.4207548522313544
fukami_d32_noBN,fukami,32,test_c,1,z_markov,C_L,24,-2.467367676917334,-5.503652659148313,-1.2222915668006968,3.9516192109075354,3.394609265899122,4.500281531661316
fukami_d32_noBN,fukami,32,test_c,4,z_markov,C_L,24,0.11159231172223327,-0.9617056509165975,0.6352488540759849,1.8802098578611386,1.1985624540906339,2.624099585048337
fukami_d32_noBN,fukami,32,test_c,8,z_markov,C_L,24,0.5944830896495691,0.1538643991678168,0.7906471967364622,2.042434733692333,1.6062267909829777,2.5000683843468745
fukami_d32_noBN,fukami,32,test_c,16,z_markov,C_L,24,0.8188706636235772,0.7055426454593289,0.8731119430109633,1.5893180851543782,1.194115408470023,2.031536060824144
fukami_d32_noBN,fukami,32,test_c,32,z_markov,C_L,24,-32.74567969875063,-76.90742403228307,-13.254065579687817,2.8147280962815717,1.731132528372399,3.96939537272004
fukami_d32_noBN,fukami,32,test_c,64,z_markov,C_L,24,-8.828625670336704,-25.134758593063196,-2.626164913158443,0.7765360096502705,0.4722570697802406,1.124274632582057
fukami_d32_noBN,fukami,32,test_c,1,z_markov,C_D,24,-17.36536163334686,-47.03823151347676,-8.805274932371933,1.1779342436573335,0.9303916770381736,1.4212670629645063
fukami_d32_noBN,fukami,32,test_c,4,z_markov,C_D,24,-19.384482655808153,-40.08869052669567,-11.099205666077667,1.1124962272188794,0.805437704794749,1.3952875312115394
fukami_d32_noBN,fukami,32,test_c,8,z_markov,C_D,24,-9.94903569344901,-17.99490117503065,-5.340946474322275,0.8800519305919242,0.5746358053421846,1.205698270835042
fukami_d32_noBN,fukami,32,test_c,16,z_markov,C_D,24,-0.30303723329759147,-1.6327418666783104,0.5573983235406339,0.42874216291609685,0.2594183912950821,0.6521398749028176
fukami_d32_noBN,fukami,32,test_c,32,z_markov,C_D,24,-20.51973267789206,-47.90429192414686,-8.15327861687303,0.3648134575592176,0.24510917060090404,0.5131553806078182
fukami_d32_noBN,fukami,32,test_c,64,z_markov,C_D,24,-11.639282121422827,-31.593022798971607,-4.363559453620863,0.144727435428396,0.08906192110854244,0.2088789140000313
fukami_d32_noBN,fukami,32,test_c,1,z_markov,I_y,24,-2.4114832801825967,-4.769546845790895,-1.3246591457171235,3.45053668571344,2.6717499209132587,4.241511476282094
fukami_d32_noBN,fukami,32,test_c,4,z_markov,I_y,24,-2.834056992947999,-6.252505832360867,-1.1925690953591443,2.945684311336444,2.1492726445727945,3.792392088548671
fukami_d32_noBN,fukami,32,test_c,8,z_markov,I_y,24,-3.4128659791700846,-7.887122235692197,-1.4221448109022345,2.508939139811132,1.7970709542298409,3.284963419075135
fukami_d32_noBN,fukami,32,test_c,16,z_markov,I_y,24,-2.8617844249127167,-9.297928878673801,-1.119339129155752,2.226298576327023,1.6745325752525588,2.8237276730804917
fukami_d32_noBN,fukami,32,test_c,32,z_markov,I_y,24,-3.594158377839425,-10.10144450189427,-1.462410955859604,2.205572135509924,1.4841973633366752,3.032967619509009
fukami_d32_noBN,fukami,32,test_c,64,z_markov,I_y,24,0.09178006195425914,-0.21489805175296758,0.380124713553922,3.3642678052705954,1.930185679954675,5.049298971857887
fukami_d32_noBN,fukami,32,test_c,1,z_markov,wake_enstrophy,24,-2.5781337607935932,-5.861596624530952,-1.137722438800871,114.98207065150062,86.54742536222724,143.0213006946684
fukami_d32_noBN,fukami,32,test_c,4,z_markov,wake_enstrophy,24,-3.321445808074775,-7.973789351082694,-1.5528360348357744,173.2290501862134,143.435874631151,200.75586774455437
fukami_d32_noBN,fukami,32,test_c,8,z_markov,wake_enstrophy,24,-1.4795527851706534,-2.7885771011279075,-0.940786225135488,227.95023485224064,204.1902160644101,253.4480020769386
fukami_d32_noBN,fukami,32,test_c,16,z_markov,wake_enstrophy,24,-1.1869422303829165,-2.104049536189587,-0.7949961772625816,250.88470418396375,183.89323518604638,325.6346409868824
fukami_d32_noBN,fukami,32,test_c,32,z_markov,wake_enstrophy,24,-0.9527716229301362,-2.2576429548072365,-0.38808616280026514,186.12031122130716,131.4288507924412,243.2778522127935
fukami_d32_noBN,fukami,32,test_c,64,z_markov,wake_enstrophy,24,0.027195326236090667,-0.765569704464455,0.2621887628484801,80.83204552197289,62.14045164572634,100.20662413542188
fukami_d32_noBN,fukami,32,test_c,1,z_markov,circulation_pos,24,-4.836740935818145,-9.419392517775414,-2.7493422173031097,2.8637618816268087,2.2762373963916254,3.4548040404174607
fukami_d32_noBN,fukami,32,test_c,4,z_markov,circulation_pos,24,-4.050823520502036,-11.365353897268221,-1.7346610951978791,2.4981022184923627,1.8482258712323394,3.216087436809304
fukami_d32_noBN,fukami,32,test_c,8,z_markov,circulation_pos,24,-3.022308612779776,-8.285530174250507,-1.2048594208747256,2.922984563670665,2.4918254909401334,3.2927903964230434
fukami_d32_noBN,fukami,32,test_c,16,z_markov,circulation_pos,24,-4.0498743809876405,-8.089099931142158,-2.2585157420524786,3.055605964160422,1.9883639606477763,4.14784830004504
fukami_d32_noBN,fukami,32,test_c,32,z_markov,circulation_pos,24,-2.1171462940077186,-5.543071831080503,-0.902202804276148,3.8349001712449122,2.6594802123803696,5.00191034705595
fukami_d32_noBN,fukami,32,test_c,64,z_markov,circulation_pos,24,0.12429777091626171,-0.1804215928756681,0.25530596745613227,2.3417336773752453,1.8962968980872756,2.8247006203331284
fukami_d32_noBN,fukami,32,test_c,1,z_markov,circulation_neg,24,-2.5360230225583007,-6.241282650670889,-0.8659421282812306,0.8380278904484038,0.571278779957711,1.1186577771838075
fukami_d32_noBN,fukami,32,test_c,4,z_markov,circulation_neg,24,-0.3861863975060209,-1.145677126869503,0.08975908139482675,0.8529662073593355,0.6248660570263037,1.1348967673061845
fukami_d32_noBN,fukami,32,test_c,8,z_markov,circulation_neg,24,-1.3292755688955409,-3.1916683639805314,-0.7198147842071789,2.192936079247883,1.7151527650525502,2.668358256212055
fukami_d32_noBN,fukami,32,test_c,16,z_markov,circulation_neg,24,-3.1287477131551897,-6.118342194287328,-1.910368612438892,3.7806905298007543,2.9055379494793505,4.6980285415438106
fukami_d32_noBN,fukami,32,test_c,32,z_markov,circulation_neg,24,-2.7260777176368176,-6.042380213722675,-1.4561001896006311,3.536728710704511,2.7095582813172294,4.393509759117386
fukami_d32_noBN,fukami,32,test_c,64,z_markov,circulation_neg,24,-0.5436708979996328,-1.4561647328597658,-0.17084004944328057,1.5712108760441792,1.1361012470679266,2.0223263391327935
fukami_d32_noBN,fukami,32,test_c,1,z_full,C_L,24,-2.8249519912545025,-5.933761540098812,-1.6084245676005127,4.20247501800204,3.6705222221922154,4.750443189527448
fukami_d32_noBN,fukami,32,test_c,4,z_full,C_L,24,-1.0421207683360665,-2.786836899204427,-0.14301073588823224,3.074665546233017,2.0822373540100854,4.122537581840626
fukami_d32_noBN,fukami,32,test_c,8,z_full,C_L,24,0.6022197793906032,0.21132723936166867,0.8072720447260529,1.9378776154097672,1.449445930625004,2.459781802864589
fukami_d32_noBN,fukami,32,test_c,16,z_full,C_L,24,0.5469339704232411,0.33964640045512273,0.6928520744713333,2.4208174765164183,1.7147435958833637,3.2635445318514322
fukami_d32_noBN,fukami,32,test_c,32,z_full,C_L,24,-4.189181001609605,-9.667240703910029,-1.8715924338671044,1.2577057407305745,0.904300363428975,1.6199531389424433
fukami_d32_noBN,fukami,32,test_c,64,z_full,C_L,24,-0.9387938923794448,-3.2790430562646344,-0.0170565040304944,0.4267921756645843,0.32642265654542474,0.5457523190058967
fukami_d32_noBN,fukami,32,test_c,1,z_full,C_D,24,-15.355607034681736,-38.247006166720716,-7.818271870016739,1.1251557526518718,0.9098008009059781,1.352184120570616
fukami_d32_noBN,fukami,32,test_c,4,z_full,C_D,24,-26.06011853192731,-55.05318610182547,-14.102736844402848,1.2082050185810407,0.8359164169659696,1.603705007790152
fukami_d32_noBN,fukami,32,test_c,8,z_full,C_D,24,-9.866722456492468,-18.088256783906846,-5.6128531378978765,0.8932768223772967,0.6093058424234967,1.222058802591457
fukami_d32_noBN,fukami,32,test_c,16,z_full,C_D,24,-0.3422264144998357,-1.4390525419408535,0.3238650540328023,0.4742809761231294,0.3015133572643627,0.6780459885521986
fukami_d32_noBN,fukami,32,test_c,32,z_full,C_D,24,-2.817032175434431,-5.8154484385250305,-1.4582775619604134,0.1773278015883708,0.134291691607187,0.22308324581810696
fukami_d32_noBN,fukami,32,test_c,64,z_full,C_D,24,-0.1861065139182443,-1.7559176915098123,0.3784842964423705,0.04808107841346587,0.0320352151053967,0.06634828969036692
fukami_d32_noBN,fukami,32,test_c,1,z_full,I_y,24,-2.509153919539239,-5.012703035929914,-1.3610470307697555,3.461844362384363,2.6553570294559607,4.3103508512977555
fukami_d32_noBN,fukami,32,test_c,4,z_full,I_y,24,-4.221112414156465,-8.187868697588927,-2.2452436568865846,3.5368887329057657,2.6436200830648615,4.479636053692232
fukami_d32_noBN,fukami,32,test_c,8,z_full,I_y,24,-3.168430558156963,-8.720601620842384,-1.030788595451051,2.4374813597904876,1.761177253027609,3.184147240381623
fukami_d32_noBN,fukami,32,test_c,16,z_full,I_y,24,-2.7194039879424556,-9.99322029855041,-0.6256386060409774,1.9670262912180212,1.3060048176090202,2.661875603525503
fukami_d32_noBN,fukami,32,test_c,32,z_full,I_y,24,-0.28133886834089594,-0.8722543427180123,-0.04633237822934143,1.0798481831624838,0.6767109600488505,1.5350201211318095
fukami_d32_noBN,fukami,32,test_c,64,z_full,I_y,24,0.08658799973330555,-0.1825806332200383,0.10157428073928107,3.4497131935063154,1.9195303903191596,5.155172356627383
fukami_d32_noBN,fukami,32,test_c,1,z_full,wake_enstrophy,24,-0.35396329961354045,-1.4905968580373183,0.09641822927723882,73.21351501857485,58.50373734826332,88.09421751914338
fukami_d32_noBN,fukami,32,test_c,4,z_full,wake_enstrophy,24,-1.7699181158782218,-4.302814783543622,-0.8440376523966857,142.66231790622984,122.88176495694616,161.19654187663036
fukami_d32_noBN,fukami,32,test_c,8,z_full,wake_enstrophy,24,-1.34301000599203,-2.4837687666146637,-0.8406337616454748,211.25963890523508,175.7667276538147,249.0658758585288
fukami_d32_noBN,fukami,32,test_c,16,z_full,wake_enstrophy,24,-1.1295051817366355,-2.0477518515648914,-0.6523991014455801,229.19539592233465,151.5765371964947,307.45766367678806
fukami_d32_noBN,fukami,32,test_c,32,z_full,wake_enstrophy,24,-1.5725065217112584,-3.190509332086503,-0.878178382519647,225.33669873432913,168.82029312706135,284.4412568087465
fukami_d32_noBN,fukami,32,test_c,64,z_full,wake_enstrophy,24,0.22462969505829877,-0.2769720557013961,0.6485787333564195,53.86950894766105,31.64288256992812,82.82543018888595
fukami_d32_noBN,fukami,32,test_c,1,z_full,circulation_pos,24,-2.7575223686530217,-5.488584023209238,-1.5456685284651563,2.2745014354165254,1.7751632287610277,2.795731384156471
fukami_d32_noBN,fukami,32,test_c,4,z_full,circulation_pos,24,-2.449909007519175,-7.586485383827977,-1.0147818414646046,2.2522866212187376,1.8271369562114137,2.701561210949949
fukami_d32_noBN,fukami,32,test_c,8,z_full,circulation_pos,24,-2.7930093771070803,-8.87939649742973,-0.9004115488005097,2.623566482580356,2.060858707287976,3.1751380922049
fukami_d32_noBN,fukami,32,test_c,16,z_full,circulation_pos,24,-4.3915288818386395,-9.370642707368333,-2.624119135372768,3.322057518048462,2.33746828200166,4.352368156883175
fukami_d32_noBN,fukami,32,test_c,32,z_full,circulation_pos,24,-3.4739119524284705,-8.140931538887203,-1.8066791683320111,4.960273008946655,3.7828860029305686,6.089056440523148
fukami_d32_noBN,fukami,32,test_c,64,z_full,circulation_pos,24,0.20483407300384415,-0.20253711950281753,0.37036572439279647,2.126310877209122,1.5963578205753057,2.6328631308038917
fukami_d32_noBN,fukami,32,test_c,1,z_full,circulation_neg,24,-3.0651075722863848,-7.1141385642172095,-1.19022114971443,0.8928009001353855,0.6148389329493806,1.1987020417693728
fukami_d32_noBN,fukami,32,test_c,4,z_full,circulation_neg,24,-3.481599584932222,-7.354831941861261,-1.8119657582246629,1.6939076224525913,1.3259713268821967,2.0442888099625613
fukami_d32_noBN,fukami,32,test_c,8,z_full,circulation_neg,24,-2.9024523982525805,-6.266574332601558,-1.543227200487648,2.8400630083576957,2.205439539022157,3.4733688013615565
fukami_d32_noBN,fukami,32,test_c,16,z_full,circulation_neg,24,-3.6696403639036888,-6.743070097790961,-2.252758425985699,4.048215838364345,3.1332374240926635,5.0327254706186295
fukami_d32_noBN,fukami,32,test_c,32,z_full,circulation_neg,24,-3.925939439361617,-8.218899985210879,-2.23783002623657,4.088666177888142,3.114547705659088,5.045565278584012
fukami_d32_noBN,fukami,32,test_c,64,z_full,circulation_neg,24,-1.6513129823670787,-3.1043989085552197,-1.0501862878792247,2.218291207511614,1.7581818435445604,2.7492010381198213
fukami_d64_noBN,fukami,64,test_b,1,z_dns,C_L,42,-0.6254079474557988,-2.238189818742814,0.11978237819623891,1.1853145012135216,0.90838693722606,1.4741719161907632
fukami_d64_noBN,fukami,64,test_b,4,z_dns,C_L,42,0.6554867620452139,-0.3270999926967192,0.8497251476872437,0.7843476276490806,0.6028849790004015,0.9904259893101081
fukami_d64_noBN,fukami,64,test_b,8,z_dns,C_L,42,0.5893022904973149,0.2346165008671426,0.6938347310500953,1.1533828333573664,0.7442458640202145,1.6086492064360491
fukami_d64_noBN,fukami,64,test_b,16,z_dns,C_L,42,0.6492176126501341,0.4501212258569648,0.8107542081793141,0.988751977776674,0.6567697799539861,1.377575859549262
fukami_d64_noBN,fukami,64,test_b,32,z_dns,C_L,42,0.3175851150654643,-0.16227132697784394,0.6219883514317507,0.8114657080276511,0.5166776718396705,1.1746414392931355
fukami_d64_noBN,fukami,64,test_b,64,z_dns,C_L,42,-7.660621534541523,-18.92108073191606,0.15549906278817577,0.6162900090963819,0.256390152427309,1.1032645605709377
fukami_d64_noBN,fukami,64,test_b,1,z_dns,C_D,42,-0.46926791878042784,-1.9128973303845953,0.18385126990530276,0.3823498679297007,0.2833961839661398,0.49186878950088536
fukami_d64_noBN,fukami,64,test_b,4,z_dns,C_D,42,-0.2851840888255164,-1.5147462563137384,0.25159816740497465,0.31973173843102237,0.2273298059154842,0.4260444530819805
fukami_d64_noBN,fukami,64,test_b,8,z_dns,C_D,42,0.2793302820772844,-0.018901916722561245,0.548771387063987,0.2891112674082178,0.17337422747863346,0.4184281922077086
fukami_d64_noBN,fukami,64,test_b,16,z_dns,C_D,42,0.35160747767393263,0.19657359326964097,0.508753386712148,0.3396014416350039,0.20749085734871564,0.4849410681805775
fukami_d64_noBN,fukami,64,test_b,32,z_dns,C_D,42,0.34265744759788497,0.11898713830735282,0.4441507189209183,0.3146993275701102,0.2163265488926161,0.42947240552245997
fukami_d64_noBN,fukami,64,test_b,64,z_dns,C_D,42,-1.9502874371150867,-4.369561686847997,0.2557655393192,0.20747858306361766,0.12720243783747898,0.32068841496550277
fukami_d64_noBN,fukami,64,test_b,1,z_dns,I_y,42,-0.3479099258990588,-0.9805619485143273,-0.019094203670279034,2.8462934982972605,2.2759724737710765,3.4699529311603996
fukami_d64_noBN,fukami,64,test_b,4,z_dns,I_y,42,-0.49109424074119223,-1.069326178025114,-0.15320854970401176,2.5623635243455434,1.9143332693704074,3.367884099006287
fukami_d64_noBN,fukami,64,test_b,8,z_dns,I_y,42,-0.15574889160630523,-0.6009660473264817,0.2563887512303698,2.3679129477740286,1.6741751925652302,3.190236244080402
fukami_d64_noBN,fukami,64,test_b,16,z_dns,I_y,42,0.0562156395766048,-0.27725838305658373,0.36952435875616213,2.4208124630358845,1.6352513971330378,3.473279444848886
fukami_d64_noBN,fukami,64,test_b,32,z_dns,I_y,42,0.3103389125245817,-0.08667363069983047,0.4816342287915273,1.5935699213522794,1.0673190691569274,2.125809756863563
fukami_d64_noBN,fukami,64,test_b,64,z_dns,I_y,42,-0.08685205769069082,-0.626264684121524,0.08738154234933067,4.273857155223293,2.896222894227988,5.784129288858276
fukami_d64_noBN,fukami,64,test_b,1,z_dns,wake_enstrophy,42,-0.25161863345020796,-3.7634342389798086,0.14133431925616932,67.56070305970367,47.555064696107024,89.6659395774389
fukami_d64_noBN,fukami,64,test_b,4,z_dns,wake_enstrophy,42,-0.289493471858395,-6.207581984965142,0.15626981472589296,73.27721136806764,52.238844430075396,95.5010006438597
fukami_d64_noBN,fukami,64,test_b,8,z_dns,wake_enstrophy,42,-0.3055899337565944,-9.121971896693292,0.1640675176011461,79.36633967679339,59.238512852376125,102.34912549015301
fukami_d64_noBN,fukami,64,test_b,16,z_dns,wake_enstrophy,42,-0.405949183778781,-4.619928513330865,-0.11904639564278993,72.8972471978264,52.42258159140991,97.07715132089025
fukami_d64_noBN,fukami,64,test_b,32,z_dns,wake_enstrophy,42,0.394265957598961,0.23913865996502132,0.5117558287752395,57.54732805459222,44.92190363909195,71.79395874841644
fukami_d64_noBN,fukami,64,test_b,64,z_dns,wake_enstrophy,42,0.05127139105665224,-0.14968114428853602,0.23554019847311436,61.09386330931821,46.126390632538886,79.39114018790495
fukami_d64_noBN,fukami,64,test_b,1,z_dns,circulation_pos,42,-0.5976671978251424,-2.62324319935445,0.03362075538089365,1.6867403086483714,1.2839772548000572,2.066579731624353
fukami_d64_noBN,fukami,64,test_b,4,z_dns,circulation_pos,42,-0.38337150740742,-1.7886883248534948,0.11239503907004543,1.7722348811433828,1.4354116830262926,2.152493914397773
fukami_d64_noBN,fukami,64,test_b,8,z_dns,circulation_pos,42,-0.02539103738408932,-1.22092074785434,0.2862784326485796,1.6483077348904107,1.3159966183458887,1.996989134193288
fukami_d64_noBN,fukami,64,test_b,16,z_dns,circulation_pos,42,0.33465764179596147,0.1020267108340304,0.677952256612046,1.0570975884859508,0.6785382628228995,1.537971580477491
fukami_d64_noBN,fukami,64,test_b,32,z_dns,circulation_pos,42,0.08821395108990981,-0.24637395216759475,0.3265800855846536,1.6635354118583212,1.2877118419130285,2.0687869313485314
fukami_d64_noBN,fukami,64,test_b,64,z_dns,circulation_pos,42,0.22735225544680704,-0.1533245939114987,0.5232940469185561,1.479743769260136,1.132700733412062,1.8754351665829632
fukami_d64_noBN,fukami,64,test_b,1,z_dns,circulation_neg,42,-0.045351527412238246,-0.9992314019714726,0.1694853930342256,1.8583733052387417,1.16857784037166,2.6651185961504478
fukami_d64_noBN,fukami,64,test_b,4,z_dns,circulation_neg,42,-0.04078321243540772,-0.9898591726620668,0.14568650333680266,1.9538119463246553,1.2343965909071553,2.876320268850466
fukami_d64_noBN,fukami,64,test_b,8,z_dns,circulation_neg,42,-0.024773690034802787,-0.5337436984329985,0.17583860533820056,1.8844247693368608,1.1329978293110656,2.8380888424403894
fukami_d64_noBN,fukami,64,test_b,16,z_dns,circulation_neg,42,-0.21097940857835829,-0.43302291308242075,0.26826706111900955,1.9041069770054948,1.0671728132502465,3.0625541363745508
fukami_d64_noBN,fukami,64,test_b,32,z_dns,circulation_neg,42,0.06128134691001974,-0.23138441170804047,0.26031562355239246,1.6558638986407548,1.164155535780873,2.258884737058811
fukami_d64_noBN,fukami,64,test_b,64,z_dns,circulation_neg,42,0.13578163227004825,-0.21039340277959379,0.39691391181340546,1.805290358082957,1.3120600785710173,2.350373909579293
fukami_d64_noBN,fukami,64,test_b,1,z_markov,C_L,42,-0.4065175694920169,-1.4105707543364099,0.16728601236477741,1.1218584153039495,0.8684418174200682,1.3936267850354074
fukami_d64_noBN,fukami,64,test_b,4,z_markov,C_L,42,0.6877826668441809,-0.14180733306306662,0.8157076990684883,0.7647428834787897,0.5840501400258564,0.9470549739340265
fukami_d64_noBN,fukami,64,test_b,8,z_markov,C_L,42,0.6720084988709043,0.44832951913468766,0.747135301300037,1.0414729998217471,0.6855020094269226,1.4456912448089563
fukami_d64_noBN,fukami,64,test_b,16,z_markov,C_L,42,0.7285426098109921,0.50377081703982,0.9227279838536764,0.7825499869244863,0.4857710450973796,1.1614982868312616
fukami_d64_noBN,fukami,64,test_b,32,z_markov,C_L,42,0.3092676288642835,-0.06365777674304694,0.662133306388806,0.7917105597949682,0.4961862766402915,1.1503505103303828
fukami_d64_noBN,fukami,64,test_b,64,z_markov,C_L,42,-2.22663579779197,-7.981460707290687,-0.6058042560530672,0.7080146295059948,0.5255102889716019,0.9141439100633919
fukami_d64_noBN,fukami,64,test_b,1,z_markov,C_D,42,-0.420749347216147,-1.725404558662584,0.18668110867413606,0.37053273976047385,0.27030267198044194,0.4837221821571097
fukami_d64_noBN,fukami,64,test_b,4,z_markov,C_D,42,-0.2109854003483853,-1.2507853023981121,0.2680841756576126,0.3308447323371816,0.2550757289435958,0.4182258982206447
fukami_d64_noBN,fukami,64,test_b,8,z_markov,C_D,42,0.3480406176272134,0.06633459065987853,0.5989055139792413,0.27901338711026663,0.17296224085101927,0.4128473213028836
fukami_d64_noBN,fukami,64,test_b,16,z_markov,C_D,42,0.4057648724960098,0.21078925022379358,0.6058264913421262,0.32211569499382114,0.1999046658993803,0.47091733204923886
fukami_d64_noBN,fukami,64,test_b,32,z_markov,C_D,42,0.38775137607750165,0.24484551531147636,0.48632010326302744,0.2755329674639472,0.17227990074189498,0.3964250734725712
fukami_d64_noBN,fukami,64,test_b,64,z_markov,C_D,42,0.24633125120824584,-1.1865248263618977,0.6016564261517288,0.13534501275084673,0.09797026221521066,0.1746960985556303
fukami_d64_noBN,fukami,64,test_b,1,z_markov,I_y,42,-0.3044017173958129,-1.0267115552147916,0.14392666014533076,2.6871985975047963,2.071678840596208,3.3889815124719007
fukami_d64_noBN,fukami,64,test_b,4,z_markov,I_y,42,-0.4413916443340451,-1.0215801229679378,0.0593033815232638,2.406479343118338,1.692975336337454,3.2123315292230887
fukami_d64_noBN,fukami,64,test_b,8,z_markov,I_y,42,-0.3299635545088109,-0.7598394285582015,0.08022771372418216,2.495702716593051,1.7376201129948687,3.4216709936914054
fukami_d64_noBN,fukami,64,test_b,16,z_markov,I_y,42,0.0425133694666644,-0.2775748286402157,0.364950244300346,2.4152537663550064,1.5837871350125918,3.5282341045076593
fukami_d64_noBN,fukami,64,test_b,32,z_markov,I_y,42,0.45360251048692946,0.2152100784554564,0.5566328748335638,1.5242154768064557,1.121535543342883,1.9828749975542557
fukami_d64_noBN,fukami,64,test_b,64,z_markov,I_y,42,0.08348445727603537,-0.2774434950278133,0.15124150881816265,3.9307737644357728,2.657565799472515,5.380835611895838
fukami_d64_noBN,fukami,64,test_b,1,z_markov,wake_enstrophy,42,-0.2856565857353395,-4.541589933459344,0.18447579493644584,69.0451129937815,49.156488133087024,90.1702410459053
fukami_d64_noBN,fukami,64,test_b,4,z_markov,wake_enstrophy,42,-0.8213777806740772,-11.561834224792754,0.07154139558778529,81.3600332078128,54.2459922305157,109.65545123022984
fukami_d64_noBN,fukami,64,test_b,8,z_markov,wake_enstrophy,42,-0.9443905186971253,-17.417129160714666,0.008567947622774633,89.53407173945186,62.7241731356212,117.21566918200278
fukami_d64_noBN,fukami,64,test_b,16,z_markov,wake_enstrophy,42,-0.4775640678476125,-8.065306501976655,0.0713678877675499,73.30841402618546,50.238198764103686,98.41521571395077
fukami_d64_noBN,fukami,64,test_b,32,z_markov,wake_enstrophy,42,0.30719528463942414,0.024694425426126206,0.48095900648189377,60.84688642598602,46.66601394032639,75.33395844251004
fukami_d64_noBN,fukami,64,test_b,64,z_markov,wake_enstrophy,42,0.35522646336908315,0.0741755118886862,0.4811273126459028,52.30384409509756,40.230625890137674,66.91023206263553
fukami_d64_noBN,fukami,64,test_b,1,z_markov,circulation_pos,42,-0.617849638301637,-2.688644127846143,0.02180105876393825,1.7258522755050718,1.3571376600935785,2.1040887340521635
fukami_d64_noBN,fukami,64,test_b,4,z_markov,circulation_pos,42,-0.7499960972271855,-3.039287898800834,-0.0550280301139335,1.895202537131491,1.4698338239842257,2.3354348152728064
fukami_d64_noBN,fukami,64,test_b,8,z_markov,circulation_pos,42,-0.42274643302453363,-1.8642593921426638,-0.038049919365682694,1.832366652460285,1.4030948322151733,2.30214964949741
fukami_d64_noBN,fukami,64,test_b,16,z_markov,circulation_pos,42,0.18172032039524733,-0.07917397901437684,0.5983228855502978,1.2314348001639517,0.8375566763929224,1.7287140622964041
fukami_d64_noBN,fukami,64,test_b,32,z_markov,circulation_pos,42,0.3032740103346029,0.03258405590029096,0.49986446379243765,1.4532106608468482,1.1252613143718255,1.8074938259330486
fukami_d64_noBN,fukami,64,test_b,64,z_markov,circulation_pos,42,0.15774528043192781,-0.0934235518841906,0.37043556835048164,1.4137864653277028,1.006144409356721,1.8740613586467147
fukami_d64_noBN,fukami,64,test_b,1,z_markov,circulation_neg,42,-0.04815852341734561,-1.59349432146212,0.2080255718041386,1.8962839453494131,1.199917492997872,2.700029385323434
fukami_d64_noBN,fukami,64,test_b,4,z_markov,circulation_neg,42,-0.18732762490950838,-2.792406619233497,0.16738531562729111,2.1034308956791072,1.328281675349406,3.030036947810463
fukami_d64_noBN,fukami,64,test_b,8,z_markov,circulation_neg,42,-0.07364471084638224,-1.616571786798736,0.17329351625103878,1.9607246050199716,1.1352084802939724,2.9118355401319183
fukami_d64_noBN,fukami,64,test_b,16,z_markov,circulation_neg,42,0.002814560609959549,-0.8902137457428032,0.2742937621444696,1.8579533322708879,1.1005156303979842,2.7692248571721034
fukami_d64_noBN,fukami,64,test_b,32,z_markov,circulation_neg,42,0.2439952562166281,0.006958771027346046,0.3720319615010102,1.5992238952989308,1.2053650986899531,2.0588502139487006
fukami_d64_noBN,fukami,64,test_b,64,z_markov,circulation_neg,42,0.20192703429190617,0.02302033187777919,0.3559399638304549,1.6088772432281377,1.109883315237139,2.1813024032423134
fukami_d64_noBN,fukami,64,test_b,1,z_full,C_L,42,-0.7880997312846283,-2.179558737629842,-0.012174818864299889,1.2257167982007264,0.9443318648956318,1.5290169268022735
fukami_d64_noBN,fukami,64,test_b,4,z_full,C_L,42,0.7975011712191955,0.1947471635340221,0.9077380553348801,0.6228194768215756,0.48271677968149085,0.7722932421839975
fukami_d64_noBN,fukami,64,test_b,8,z_full,C_L,42,0.6662812395025568,0.4794842861871621,0.7177576561123432,1.0831403447230685,0.7279383697527164,1.4838730564618092
fukami_d64_noBN,fukami,64,test_b,16,z_full,C_L,42,0.7375399791366217,0.537952797807296,0.8980991691348337,0.8675768358528406,0.6113035125425438,1.2167834933231032
fukami_d64_noBN,fukami,64,test_b,32,z_full,C_L,42,0.29681644223374104,-0.06910229484565117,0.6215762573084751,0.8234974775491908,0.518947377897836,1.1686841565292154
fukami_d64_noBN,fukami,64,test_b,64,z_full,C_L,42,0.010554252511286721,-0.8727882838571389,0.3627585258974931,0.35280803359084206,0.2440847114866173,0.4747906371977374
fukami_d64_noBN,fukami,64,test_b,1,z_full,C_D,42,-0.6225852112393786,-2.109892694545717,0.0629262959219562,0.3899959924176943,0.2772822861667112,0.5124853908262987
fukami_d64_noBN,fukami,64,test_b,4,z_full,C_D,42,-0.31874293735849446,-1.6216674928700479,0.17081855595726464,0.3286011190853913,0.23500972942066553,0.4308189384665523
fukami_d64_noBN,fukami,64,test_b,8,z_full,C_D,42,0.3061582087538218,-0.026690966440090284,0.5646227186629644,0.2976628830351551,0.18721472655648277,0.4262976327411638
fukami_d64_noBN,fukami,64,test_b,16,z_full,C_D,42,0.45304578103459536,0.2862173059930297,0.6483933316817435,0.3123760231079783,0.19527093920517039,0.46083807707339186
fukami_d64_noBN,fukami,64,test_b,32,z_full,C_D,42,0.3128065727495517,0.14396350638910016,0.39908476641794777,0.3128373474580695,0.20532417917535303,0.43042092812841887
fukami_d64_noBN,fukami,64,test_b,64,z_full,C_D,42,-0.06294758089979968,-0.497067707468284,0.18934751901662358,0.15012479668718656,0.1049803902089642,0.20872411582182235
fukami_d64_noBN,fukami,64,test_b,1,z_full,I_y,42,-0.46675594581813806,-1.3452952657469814,0.015720218445694847,2.980953129448389,2.3664719145763766,3.592008224295279
fukami_d64_noBN,fukami,64,test_b,4,z_full,I_y,42,-0.6120348961079454,-1.343986438719358,-0.1566473514137257,2.7210123266844155,2.0223411008901424,3.5422944359244077
fukami_d64_noBN,fukami,64,test_b,8,z_full,I_y,42,-0.3409248948653778,-0.7188832091090568,0.0796794406251878,2.4661551657951213,1.7004667552600568,3.3581733975592853
fukami_d64_noBN,fukami,64,test_b,16,z_full,I_y,42,0.06310412836443913,-0.28287069907205536,0.43839402536460736,2.4346813658237325,1.6392064515047613,3.5406371359673603
fukami_d64_noBN,fukami,64,test_b,32,z_full,I_y,42,0.3132878500218068,0.05389563443037114,0.4018778301487772,1.6054732897740653,1.1129031374780798,2.1367435776887107
fukami_d64_noBN,fukami,64,test_b,64,z_full,I_y,42,-0.011263515812135916,-0.3890926434034344,0.06904213397242202,4.154544123288389,2.849821157022944,5.720670877483365
fukami_d64_noBN,fukami,64,test_b,1,z_full,wake_enstrophy,42,-0.23066570938024866,-4.998656274187,0.2538505060725924,67.15959727026475,47.35842393528709,88.6355342995553
fukami_d64_noBN,fukami,64,test_b,4,z_full,wake_enstrophy,42,-0.5756577648299268,-9.680721290099918,0.16696208068950089,80.7223066127953,57.851900281702385,104.607011036055
fukami_d64_noBN,fukami,64,test_b,8,z_full,wake_enstrophy,42,-0.9205273833411989,-18.579737311926365,0.051112140269026614,91.02811478408447,66.42170628444077,119.44758114856668
fukami_d64_noBN,fukami,64,test_b,16,z_full,wake_enstrophy,42,-0.14593645813329514,-4.15658439222484,0.15985141672238856,66.69232518186995,47.338701439705574,89.08383475003146
fukami_d64_noBN,fukami,64,test_b,32,z_full,wake_enstrophy,42,0.27488298149467016,-0.018896160265110158,0.4583195181926888,65.71281420808248,51.865089665918795,80.17661344508926
fukami_d64_noBN,fukami,64,test_b,64,z_full,wake_enstrophy,42,0.1089653751237889,-0.17046304778938,0.24926560522759117,60.211252937846794,45.58841021028679,78.30105427848582
fukami_d64_noBN,fukami,64,test_b,1,z_full,circulation_pos,42,-0.5237181571875189,-2.5492176679761096,0.09650587652987781,1.691718537858962,1.3296682188561446,2.0628544163383586
fukami_d64_noBN,fukami,64,test_b,4,z_full,circulation_pos,42,-0.5486049397277131,-2.416011183433101,0.056286442469539136,1.8651447288276748,1.4936568664158902,2.264056409010158
fukami_d64_noBN,fukami,64,test_b,8,z_full,circulation_pos,42,-0.4452547002940803,-2.2970506104846606,0.0754946253474166,1.8946545582266676,1.4818494306215437,2.340727152747152
fukami_d64_noBN,fukami,64,test_b,16,z_full,circulation_pos,42,0.3239322289852681,0.08401498425474918,0.7149357110885881,1.0473755870543586,0.6994508071922281,1.5263608523759244
fukami_d64_noBN,fukami,64,test_b,32,z_full,circulation_pos,42,0.1931634341057884,-0.10920780649876662,0.39126262480391155,1.6501478487959416,1.3268923672735007,1.9977720060573025
fukami_d64_noBN,fukami,64,test_b,64,z_full,circulation_pos,42,0.03693274219646547,-0.168376559658581,0.18249158511492994,1.6291741405321685,1.2157577920229654,2.102711977036038
fukami_d64_noBN,fukami,64,test_b,1,z_full,circulation_neg,42,-0.03451681865024647,-2.096176526505264,0.2742133764254968,1.9539776091966883,1.2928358227022008,2.758379633324672
fukami_d64_noBN,fukami,64,test_b,4,z_full,circulation_neg,42,-0.07190917492692583,-2.3641792173548857,0.29192784528732946,2.0194362572675106,1.2687249512192333,2.8656145849983723
fukami_d64_noBN,fukami,64,test_b,8,z_full,circulation_neg,42,-0.06671728451159842,-2.5554317040375953,0.3048095973874513,1.9205282907966807,1.0865987341101695,2.8409154385418014
fukami_d64_noBN,fukami,64,test_b,16,z_full,circulation_neg,42,0.21598531697014445,0.05031654989815768,0.4398784107673986,1.673110017540193,1.0241971612366731,2.5057538537616586
fukami_d64_noBN,fukami,64,test_b,32,z_full,circulation_neg,42,0.27154444173589964,0.07327967248429189,0.41614682592610674,1.5236928250234298,1.1222315530449203,1.9987475375386787
fukami_d64_noBN,fukami,64,test_b,64,z_full,circulation_neg,42,0.15414608727804258,-0.04473287298360637,0.3123501486653901,1.6386087401191707,1.1250314505816406,2.219395697212193
fukami_d64_noBN,fukami,64,test_c,1,z_dns,C_L,24,-1.4323888119864199,-3.278767076065873,-0.44596734987890213,2.924530483839361,2.1565169013288132,3.6669185199472647
fukami_d64_noBN,fukami,64,test_c,4,z_dns,C_L,24,0.5240743464247951,0.06472399848191623,0.746460154495597,1.5640427824525265,1.1204394693553605,2.015821094842108
fukami_d64_noBN,fukami,64,test_c,8,z_dns,C_L,24,0.5704466971498066,0.1534516210748492,0.7643447440825547,2.06396239989998,1.5802872266357244,2.585996147355298
fukami_d64_noBN,fukami,64,test_c,16,z_dns,C_L,24,0.3874341284005164,0.08300245274572154,0.5767121285344498,2.7143316578418166,1.8719520288286662,3.7042198468653313
fukami_d64_noBN,fukami,64,test_c,32,z_dns,C_L,24,-1.4109700415908666,-3.2225090722551837,-0.5623911589998201,0.8932439249756872,0.6513904775460551,1.1262437265616732
fukami_d64_noBN,fukami,64,test_c,64,z_dns,C_L,24,0.30930104272191183,-0.7799027893052617,0.6815280854062953,0.22962367785589333,0.1542234173702971,0.31565922635787247
fukami_d64_noBN,fukami,64,test_c,1,z_dns,C_D,24,-16.93705543273334,-43.89528677583844,-8.250195737839928,1.130783909626399,0.8694944115920079,1.4036365955213865
fukami_d64_noBN,fukami,64,test_c,4,z_dns,C_D,24,-16.76478769531628,-35.4452608420435,-9.629826320187739,0.986670488199293,0.6885209378347581,1.3032175067749294
fukami_d64_noBN,fukami,64,test_c,8,z_dns,C_D,24,-6.18864683328578,-12.5102165268311,-3.449728780312045,0.726655061195966,0.48596457223878115,0.9763946351219177
fukami_d64_noBN,fukami,64,test_c,16,z_dns,C_D,24,-0.33027653327541096,-1.0968798717803174,0.22106121935405307,0.474025968926586,0.3100395188391277,0.6911387944764129
fukami_d64_noBN,fukami,64,test_c,32,z_dns,C_D,24,-2.3792318371412318,-4.319265356938199,-1.1879376003819822,0.1555228675409645,0.10959317122928706,0.2049529607362
fukami_d64_noBN,fukami,64,test_c,64,z_dns,C_D,24,-0.41970557643028217,-2.6829270372193608,0.33053275836170803,0.05822129156375039,0.044278155457065295,0.07407795419734092
fukami_d64_noBN,fukami,64,test_c,1,z_dns,I_y,24,-2.342610734674758,-4.897440758455504,-1.121363697325629,3.3582048530570976,2.5325834933044997,4.187661177482464
fukami_d64_noBN,fukami,64,test_c,4,z_dns,I_y,24,-5.031679819078333,-10.208835857267426,-2.2853061570472284,3.6303218026121904,2.585879134807529,4.748111730526952
fukami_d64_noBN,fukami,64,test_c,8,z_dns,I_y,24,-8.14937173642143,-19.551665142133565,-2.909694942593779,3.1744315209233016,1.9618266197923744,4.5839052421283295
fukami_d64_noBN,fukami,64,test_c,16,z_dns,I_y,24,-0.831422715274591,-3.2158141140867853,0.04451234341984585,1.4144829408838315,0.9759966594054551,1.895633159576681
fukami_d64_noBN,fukami,64,test_c,32,z_dns,I_y,24,0.12139987785942052,-0.2430087655052724,0.5065053161509057,0.8469392266663166,0.5239435213981835,1.2706670321617974
fukami_d64_noBN,fukami,64,test_c,64,z_dns,I_y,24,0.0016228529864801278,-0.24085495100796278,0.036282821242444384,3.619700787912398,2.0991871713958363,5.287791723541163
fukami_d64_noBN,fukami,64,test_c,1,z_dns,wake_enstrophy,24,-1.065628917565756,-3.686452564082261,-0.16009966864969893,91.1001498811197,73.10738150294593,109.69485062961049
fukami_d64_noBN,fukami,64,test_c,4,z_dns,wake_enstrophy,24,-2.368705609156844,-5.067570698540819,-1.2667676651988276,149.0496617411702,119.64502437563897,178.23065384453562
fukami_d64_noBN,fukami,64,test_c,8,z_dns,wake_enstrophy,24,-1.4071523822385243,-2.765814695225805,-0.8625672937579468,197.3090464448188,148.08737131394628,247.67912990287704
fukami_d64_noBN,fukami,64,test_c,16,z_dns,wake_enstrophy,24,-1.4822772949731249,-2.641299154784262,-0.9042397494509269,238.95583343502003,151.75660250682114,332.51132280367113
fukami_d64_noBN,fukami,64,test_c,32,z_dns,wake_enstrophy,24,-1.8655005283214492,-4.0787413687441605,-0.9642453759232393,213.03210207174644,140.62802224532385,287.82690321545346
fukami_d64_noBN,fukami,64,test_c,64,z_dns,wake_enstrophy,24,0.13124597258034354,-0.26556453813618713,0.2902322054301624,74.21771957072242,55.92848698817524,94.58468442085734
fukami_d64_noBN,fukami,64,test_c,1,z_dns,circulation_pos,24,-1.6633805398272044,-4.939819927336413,-0.12090172187102238,1.6453820044261518,1.116101156122487,2.2535342439825605
fukami_d64_noBN,fukami,64,test_c,4,z_dns,circulation_pos,24,-2.513227213042792,-8.660291839706737,-0.6499550016382947,2.2028597543414623,1.7103731343861663,2.7247240920432216
fukami_d64_noBN,fukami,64,test_c,8,z_dns,circulation_pos,24,-3.072497434028282,-9.007815096514637,-0.9521668676461078,2.7381698513571,2.1511631140641483,3.3422728129276633
fukami_d64_noBN,fukami,64,test_c,16,z_dns,circulation_pos,24,-5.365005142847602,-11.024527923701614,-3.0866377945348087,3.358290625938229,2.1343021243739355,4.600138217124128
fukami_d64_noBN,fukami,64,test_c,32,z_dns,circulation_pos,24,-4.162095165677146,-9.953816263098952,-2.2423181216489287,5.2953353742888645,4.030930951058754,6.6110362088076124
fukami_d64_noBN,fukami,64,test_c,64,z_dns,circulation_pos,24,0.006855524354770215,-0.4800253441257696,0.18877822446904294,2.4059004845001684,1.8494632046196728,2.9623756124586085
fukami_d64_noBN,fukami,64,test_c,1,z_dns,circulation_neg,24,-9.735589750784836,-17.659333561879276,-5.990299796124798,1.6748814769436429,1.3410867293402606,2.002732760637461
fukami_d64_noBN,fukami,64,test_c,4,z_dns,circulation_neg,24,-4.206805414450949,-8.753410564726362,-2.4671504626692,1.7879721515386826,1.4035980736401257,2.203007785610342
fukami_d64_noBN,fukami,64,test_c,8,z_dns,circulation_neg,24,-3.581721718563517,-7.8004252779641,-1.9735836489201082,3.0270306813907264,2.3495118595004634,3.761068782904898
fukami_d64_noBN,fukami,64,test_c,16,z_dns,circulation_neg,24,-5.092153274732432,-9.324064714911211,-3.2375000819070845,4.527410303365474,3.4581656857691163,5.69779623817744
fukami_d64_noBN,fukami,64,test_c,32,z_dns,circulation_neg,24,-4.637169185347162,-9.137883049042427,-2.660008482167631,4.359644364440668,3.3428842660709677,5.435963197890949
fukami_d64_noBN,fukami,64,test_c,64,z_dns,circulation_neg,24,-1.730849987172351,-3.9016833081317914,-0.825546479346396,2.175973632248719,1.6265247251983683,2.7504372684588625
fukami_d64_noBN,fukami,64,test_c,1,z_markov,C_L,24,-0.23709410977623824,-1.0034007737151558,0.0766426763151625,2.158379442778587,1.6554027207704611,2.6849781682816953
fukami_d64_noBN,fukami,64,test_c,4,z_markov,C_L,24,0.7466535750881185,0.5296291347754302,0.8743381413150065,1.0756232786978224,0.7306473960397398,1.4385689687796874
fukami_d64_noBN,fukami,64,test_c,8,z_markov,C_L,24,0.5146827121223405,0.10378573488516686,0.7114264924191307,2.0894393472868145,1.486423681397637,2.70675245537169
fukami_d64_noBN,fukami,64,test_c,16,z_markov,C_L,24,0.7418226600515968,0.6165841066184566,0.8228062620907876,1.7884311085338342,1.2492150185637865,2.3719555831549033
fukami_d64_noBN,fukami,64,test_c,32,z_markov,C_L,24,-29.98564816393451,-60.69701089323091,-17.09913532430695,2.859131794883124,1.8649453788871504,3.8580287367187536
fukami_d64_noBN,fukami,64,test_c,64,z_markov,C_L,24,-17.296710784613058,-44.164246395051045,-7.759976205472394,1.2348675460048126,0.8800721089815344,1.6052981624565783
fukami_d64_noBN,fukami,64,test_c,1,z_markov,C_D,24,-13.807272521796753,-37.90279643970959,-6.806254145898467,1.0376011395668625,0.799904937171695,1.2713108008120542
fukami_d64_noBN,fukami,64,test_c,4,z_markov,C_D,24,-11.400479371557873,-24.261656154879063,-6.2499019208503555,0.8767251608896717,0.6486008217873681,1.0973049878647776
fukami_d64_noBN,fukami,64,test_c,8,z_markov,C_D,24,-5.530820886326306,-9.711384716521232,-3.1526254203994313,0.6927196513406905,0.46421113701562877,0.930199342347254
fukami_d64_noBN,fukami,64,test_c,16,z_markov,C_D,24,-0.04821260653824,-0.9888420744459154,0.584078867730606,0.3933067258089058,0.240649332854227,0.5921045141177833
fukami_d64_noBN,fukami,64,test_c,32,z_markov,C_D,24,-16.685660242988853,-35.063643643532316,-8.401362523948805,0.36721749999884173,0.264806158727957,0.4722070819883032
fukami_d64_noBN,fukami,64,test_c,64,z_markov,C_D,24,-16.867012992064847,-47.26907329171754,-7.241632963299219,0.19439245830110222,0.13325478924313683,0.25731198073681943
fukami_d64_noBN,fukami,64,test_c,1,z_markov,I_y,24,-2.258125512816707,-4.931042245424952,-1.0032420645779074,3.252104081417935,2.383114513432013,4.124122617506742
fukami_d64_noBN,fukami,64,test_c,4,z_markov,I_y,24,-7.0497271783651385,-14.43915545986546,-3.3719894535595922,4.079092563666811,2.835716892687965,5.4291573861891065
fukami_d64_noBN,fukami,64,test_c,8,z_markov,I_y,24,-11.85219791463831,-26.624728023267874,-5.361119642685602,4.204543141295651,2.9875358509812964,5.603682176918463
fukami_d64_noBN,fukami,64,test_c,16,z_markov,I_y,24,-6.716606876963399,-22.22439007071684,-2.8197482851285294,3.118539227756758,2.3341392330313475,3.9570528139787906
fukami_d64_noBN,fukami,64,test_c,32,z_markov,I_y,24,-4.156117647752095,-12.657798293004298,-1.5521719113925603,2.4420222898575785,1.697959393241651,3.1873256443523617
fukami_d64_noBN,fukami,64,test_c,64,z_markov,I_y,24,-0.07904096966534535,-0.35679506866928584,0.029955889849560772,3.755520790357686,2.201907621400608,5.539908314191333
fukami_d64_noBN,fukami,64,test_c,1,z_markov,wake_enstrophy,24,-0.5584462921888218,-2.7133518303952484,0.3060114549073289,68.6726504245097,46.15645459366877,90.57598202228408
fukami_d64_noBN,fukami,64,test_c,4,z_markov,wake_enstrophy,24,-1.655246074904615,-3.922024412298365,-0.777358752534217,125.39584199602803,93.54217302034655,155.88027236324993
fukami_d64_noBN,fukami,64,test_c,8,z_markov,wake_enstrophy,24,-1.552763782778527,-2.824515313958602,-0.9644182901051833,209.14102450948326,163.50771499965154,256.2912092640755
fukami_d64_noBN,fukami,64,test_c,16,z_markov,wake_enstrophy,24,-1.5139749008184942,-2.6529259476801577,-0.9907405251789869,261.57991861414536,185.78435429358058,349.1227297324159
fukami_d64_noBN,fukami,64,test_c,32,z_markov,wake_enstrophy,24,-1.8504030623762202,-3.834832093194596,-1.045472444267352,226.50608389900057,158.9157007315992,292.2371415231786
fukami_d64_noBN,fukami,64,test_c,64,z_markov,wake_enstrophy,24,-0.7822391058516533,-2.4395812346504258,-0.36094598754187734,108.15045743840159,81.1995272841307,135.50299433373888
fukami_d64_noBN,fukami,64,test_c,1,z_markov,circulation_pos,24,-0.17430825440356323,-1.462846946910275,0.3927696681850933,1.2277883831953202,0.9183809242628205,1.5426847716393235
fukami_d64_noBN,fukami,64,test_c,4,z_markov,circulation_pos,24,-0.8988498342652527,-3.8647245607353904,0.03290011085880467,1.634914427468803,1.2876832305061936,1.9884154722355754
fukami_d64_noBN,fukami,64,test_c,8,z_markov,circulation_pos,24,-2.9987453529568677,-9.27099620166849,-0.8614353982372827,2.5641913180876377,1.872631771021341,3.2360106231311754
fukami_d64_noBN,fukami,64,test_c,16,z_markov,circulation_pos,24,-5.480144140357779,-10.59813748645115,-3.2286940651503886,3.561591777748165,2.393063130008967,4.729170226821227
fukami_d64_noBN,fukami,64,test_c,32,z_markov,circulation_pos,24,-3.6479615081410293,-8.803321770064212,-1.8104254199371774,4.7244758055761205,3.355962735903498,6.078791438026481
fukami_d64_noBN,fukami,64,test_c,64,z_markov,circulation_pos,24,-0.3917802100983494,-0.9827139333033472,-0.17419054428937417,2.985766525599391,2.442672247871772,3.5692521416233243
fukami_d64_noBN,fukami,64,test_c,1,z_markov,circulation_neg,24,-11.408206418220551,-21.313211380707727,-7.513302821903302,1.821302249771211,1.4636943013058004,2.1363193681203607
fukami_d64_noBN,fukami,64,test_c,4,z_markov,circulation_neg,24,-6.061859838471392,-12.194092097470559,-3.455347815725096,2.1348448640925892,1.703987844227048,2.581999325552859
fukami_d64_noBN,fukami,64,test_c,8,z_markov,circulation_neg,24,-4.330719297126046,-9.123916244815032,-2.4570369017726077,3.197860723020476,2.3980099840317357,4.041652655992899
fukami_d64_noBN,fukami,64,test_c,16,z_markov,circulation_neg,24,-5.540199219243208,-10.527673580751683,-3.4843207191625,4.670587641443396,3.5066462401528935,5.85092434233773
fukami_d64_noBN,fukami,64,test_c,32,z_markov,circulation_neg,24,-5.367828860082751,-11.007090418312735,-3.0979837873160876,4.637936202543697,3.5400052356517064,5.7578339399478216
fukami_d64_noBN,fukami,64,test_c,64,z_markov,circulation_neg,24,-0.6612647189852006,-1.294011953063513,-0.40002321680007485,1.5179900748621062,1.0337473392658518,2.067398779032482
fukami_d64_noBN,fukami,64,test_c,1,z_full,C_L,24,-0.5700569274814273,-1.7348712175227334,-0.15489118234620886,2.449802970108745,1.9115731945447818,3.032788189856167
fukami_d64_noBN,fukami,64,test_c,4,z_full,C_L,24,0.6182648003016992,-0.06360121170150981,0.8747736283460519,1.2529826767532146,0.8790443452787322,1.8134040796851298
fukami_d64_noBN,fukami,64,test_c,8,z_full,C_L,24,0.6043742959798784,0.2277126369283427,0.7637360571588566,2.082641354469296,1.712733532343979,2.4951451210833744
fukami_d64_noBN,fukami,64,test_c,16,z_full,C_L,24,0.4657542997107055,0.14044426142961508,0.7106119049930142,2.4618931950823577,1.6196709893505923,3.4398358113785594
fukami_d64_noBN,fukami,64,test_c,32,z_full,C_L,24,-7.088430865410224,-16.255922663446036,-3.3160478907880035,1.47036070589457,0.9571632486052735,1.9745321213184914
fukami_d64_noBN,fukami,64,test_c,64,z_full,C_L,24,-4.829032468640002,-12.656805928349145,-2.2121086249438244,0.744888830321084,0.5553375413621198,0.9316111525238997
fukami_d64_noBN,fukami,64,test_c,1,z_full,C_D,24,-14.128590978913234,-35.261015133060745,-7.293719833962816,1.0608006866585349,0.8327835548444708,1.2917327374509493
fukami_d64_noBN,fukami,64,test_c,4,z_full,C_D,24,-14.304587293905833,-30.169785993371214,-7.911745794283484,0.9340926901715507,0.6646863823564501,1.21520988398759
fukami_d64_noBN,fukami,64,test_c,8,z_full,C_D,24,-5.440123071322075,-9.554852364823734,-3.0594719930460923,0.6810077259712144,0.46292961367041596,0.935000160870551
fukami_d64_noBN,fukami,64,test_c,16,z_full,C_D,24,-0.2850867871009153,-1.115278691515747,0.26665540413679983,0.45951870747530615,0.2968794894870345,0.6588450166582566
fukami_d64_noBN,fukami,64,test_c,32,z_full,C_D,24,-5.526607882887512,-12.450773567887246,-2.540089163878182,0.22794078298954487,0.17038061893151554,0.2905820597085371
fukami_d64_noBN,fukami,64,test_c,64,z_full,C_D,24,-3.226267930523936,-9.585226578040873,-1.3080668896414815,0.10399550863253841,0.07948969176894229,0.1281629019436706
fukami_d64_noBN,fukami,64,test_c,1,z_full,I_y,24,-3.6044648744137904,-7.174461148322205,-1.9062854877247153,4.038520548378809,3.1453117551645,4.919794897277208
fukami_d64_noBN,fukami,64,test_c,4,z_full,I_y,24,-9.945761833411643,-19.246367555659614,-5.185410752233025,4.71636626958209,3.2167561048592357,6.33730657737935
fukami_d64_noBN,fukami,64,test_c,8,z_full,I_y,24,-10.740258870016564,-27.996103911594325,-3.6523466218655014,3.6642389243772313,2.3612761405339926,5.157593895393815
fukami_d64_noBN,fukami,64,test_c,16,z_full,I_y,24,-3.7436174391597934,-15.136325100058267,-0.7539877773987627,2.137516948028242,1.375160501384882,2.9271919686834686
fukami_d64_noBN,fukami,64,test_c,32,z_full,I_y,24,-0.43640307294023617,-1.7798036766976681,-0.04086314083038388,1.3677273227380597,1.0281216770923298,1.7279636064877224
fukami_d64_noBN,fukami,64,test_c,64,z_full,I_y,24,-0.017759259745024458,-0.32037684031862906,-0.006386285082724642,3.722775581831258,2.1676407246822094,5.511458762694426
fukami_d64_noBN,fukami,64,test_c,1,z_full,wake_enstrophy,24,-0.5009417164035648,-2.4397639155156314,0.2950913204963321,67.85272779027206,47.84578149944203,90.1769839660769
fukami_d64_noBN,fukami,64,test_c,4,z_full,wake_enstrophy,24,-1.6691336581860248,-4.02742495730587,-0.7719559805737713,134.16487301678578,111.21919312428989,159.96425910611038
fukami_d64_noBN,fukami,64,test_c,8,z_full,wake_enstrophy,24,-1.389856201406305,-2.616083252242713,-0.8629821979878549,202.39112269640998,158.30260117970695,250.08480575714265
fukami_d64_noBN,fukami,64,test_c,16,z_full,wake_enstrophy,24,-1.2863987984184138,-2.2695506135659995,-0.7949986971491716,237.6303016001431,155.6576755643019,318.97023823970864
fukami_d64_noBN,fukami,64,test_c,32,z_full,wake_enstrophy,24,-1.7591161491486544,-3.5864727921306363,-0.9584084104418387,227.0970803390084,165.521877544846,291.43731602030357
fukami_d64_noBN,fukami,64,test_c,64,z_full,wake_enstrophy,24,0.0769154525858774,-0.6289691730974221,0.21558111752836115,80.95299633827396,63.778849329980744,97.55116640369755
fukami_d64_noBN,fukami,64,test_c,1,z_full,circulation_pos,24,-0.37299043068332693,-1.8796337140254031,0.39444281994468017,1.2733751995522313,0.9388768554592446,1.6723373416360454
fukami_d64_noBN,fukami,64,test_c,4,z_full,circulation_pos,24,-1.5422974340228581,-5.861725620901056,-0.2684019145562693,1.8822353515078067,1.4683028582253912,2.2978732361949574
fukami_d64_noBN,fukami,64,test_c,8,z_full,circulation_pos,24,-3.1696552816866737,-9.315340307244336,-1.103325509361403,2.740980900663813,2.1229445879494113,3.3453101549786552
fukami_d64_noBN,fukami,64,test_c,16,z_full,circulation_pos,24,-4.72339021372457,-10.24806040973844,-2.755730248514312,3.3725265423768813,2.306103036187804,4.447621887496256
fukami_d64_noBN,fukami,64,test_c,32,z_full,circulation_pos,24,-3.620859153849741,-8.430928614923788,-1.8654222904386404,4.9168662212490934,3.690305374535375,6.1884358107573165
fukami_d64_noBN,fukami,64,test_c,64,z_full,circulation_pos,24,-0.03781369469859164,-0.4234408796919029,0.04888083347977257,2.5994295962743545,2.141683190949147,3.014077257649752
fukami_d64_noBN,fukami,64,test_c,1,z_full,circulation_neg,24,-11.495138369048119,-21.482055194501523,-7.245012809053788,1.8583389511877773,1.543733472459365,2.1727518160394785
fukami_d64_noBN,fukami,64,test_c,4,z_full,circulation_neg,24,-3.6574983783260606,-7.498322440957634,-2.1874461113836823,1.7028032584023187,1.3375130592600564,2.0696509722604466
fukami_d64_noBN,fukami,64,test_c,8,z_full,circulation_neg,24,-3.342389302817729,-7.116238039497758,-1.733532744841094,2.889927819901756,2.203394254515151,3.6259131913035434
fukami_d64_noBN,fukami,64,test_c,16,z_full,circulation_neg,24,-4.346974300615094,-7.913746751024159,-2.7078156066805286,4.261213178024511,3.214183319393012,5.3515988482422205
fukami_d64_noBN,fukami,64,test_c,32,z_full,circulation_neg,24,-4.854070339275615,-9.921149746522865,-2.8968377271518246,4.560519799177008,3.5638661569687424,5.532975761942201
fukami_d64_noBN,fukami,64,test_c,64,z_full,circulation_neg,24,-0.11134716491673591,-0.715026349136101,0.17026801513763107,1.2470969928736544,0.8388539950402256,1.6959112920804014
fukami_d16_noBN,fukami,16,train,1,z_dns,C_L,226,-0.8750963228170299,-1.5026192157439657,-0.3564930706632028,1.140937440119183,0.9987223155158199,1.2987919691956924
fukami_d16_noBN,fukami,16,train,4,z_dns,C_L,226,0.4418042384775064,0.1617370480146569,0.6424748731982022,0.768636732681285,0.6489696319646148,0.8967541673906732
fukami_d16_noBN,fukami,16,train,8,z_dns,C_L,226,0.7610660299882668,0.6660874850968926,0.8302986143899789,0.8927409866824632,0.7687262781237455,1.0374168561618333
fukami_d16_noBN,fukami,16,train,16,z_dns,C_L,226,0.7557290795072129,0.6783809171479892,0.813011676025744,1.043391773154304,0.8730728505511578,1.2289781246570033
fukami_d16_noBN,fukami,16,train,32,z_dns,C_L,226,0.7694827520637877,0.6795939157561504,0.8356585312624407,0.5506106668910115,0.4679019309228104,0.6357822125376432
fukami_d16_noBN,fukami,16,train,64,z_dns,C_L,226,0.584954399862104,0.4020767309646561,0.7140949489363563,0.2325936525389769,0.20592535939064865,0.25937442896305496
fukami_d16_noBN,fukami,16,train,1,z_dns,C_D,226,-0.6219358739955421,-0.8981542637861079,-0.3898321262177982,0.31423033279135043,0.2783665514418797,0.35204203425671243
fukami_d16_noBN,fukami,16,train,4,z_dns,C_D,226,-1.2857184450842891,-2.38719045119359,-0.5467281964314076,0.24264548358107377,0.20739739771499582,0.27894145720845137
fukami_d16_noBN,fukami,16,train,8,z_dns,C_D,226,0.09060472485360227,-0.1942144087021634,0.2935960940117245,0.2647309053044959,0.22243521059273447,0.30902900395842375
fukami_d16_noBN,fukami,16,train,16,z_dns,C_D,226,0.5604259877357176,0.45754919242354986,0.6518421396998603,0.2942275500264149,0.24867795012193156,0.3400579874332409
fukami_d16_noBN,fukami,16,train,32,z_dns,C_D,226,0.6148723309899202,0.5336885152815899,0.6693384434224688,0.21048493905779078,0.18111324608642312,0.24311456788812313
fukami_d16_noBN,fukami,16,train,64,z_dns,C_D,226,-8.819553062755503e-06,-0.7215125147341146,0.3559088720394437,0.09970720438040724,0.09035097268041221,0.10922285882141576
fukami_d16_noBN,fukami,16,train,1,z_dns,I_y,226,-7.84278043248765e-05,-0.23006214962033475,0.16551610942329462,1.7294553428369914,1.462066424973153,2.0049567754559763
fukami_d16_noBN,fukami,16,train,4,z_dns,I_y,226,-0.09147789859143263,-0.43959526905691704,0.1390609521041068,1.7175719813661385,1.4707173898956614,1.9827485398494409
fukami_d16_noBN,fukami,16,train,8,z_dns,I_y,226,-0.07294118110542258,-0.47576873935894926,0.20447397429150035,1.6739164536894975,1.4539763786484292,1.9139880419003414
fukami_d16_noBN,fukami,16,train,16,z_dns,I_y,226,0.26778548690335235,0.07023905303886555,0.4115446703521659,1.3785773185747043,1.2116103200970565,1.5507637348054533
fukami_d16_noBN,fukami,16,train,32,z_dns,I_y,226,-0.01513134881071676,-0.1333036876401971,0.08486359285142421,1.734874874086875,1.5178688111960204,1.9632572726221382
fukami_d16_noBN,fukami,16,train,64,z_dns,I_y,226,-0.0169665767305327,-0.05508601267414163,0.004195936796193751,3.920161302805613,3.3122199282798928,4.57471788495408
fukami_d16_noBN,fukami,16,train,1,z_dns,wake_enstrophy,226,0.13809203630391564,-0.36190151522818464,0.44081078791398315,40.344828290834755,34.835859262573294,46.70047567135518
fukami_d16_noBN,fukami,16,train,4,z_dns,wake_enstrophy,226,-0.16171901692840307,-0.7265196189024372,0.2714526702679401,44.3603030872347,37.68396912768364,52.12725938251946
fukami_d16_noBN,fukami,16,train,8,z_dns,wake_enstrophy,226,-0.16445067409560266,-0.5858756420864198,0.1463858489202652,57.37851051951146,49.16942909026286,66.21738438908277
fukami_d16_noBN,fukami,16,train,16,z_dns,wake_enstrophy,226,0.14295891603769384,-0.10767169318661333,0.37532441642344655,69.65464098275426,60.31494676516729,81.35689955325579
fukami_d16_noBN,fukami,16,train,32,z_dns,wake_enstrophy,226,0.458998243791751,0.353316240667762,0.5449128252179303,74.05440325860661,61.5389943917234,88.5189650714476
fukami_d16_noBN,fukami,16,train,64,z_dns,wake_enstrophy,226,0.2394826545418446,0.1410136290862085,0.3474467362302294,54.15283902315845,44.774732299021004,65.3053378447362
fukami_d16_noBN,fukami,16,train,1,z_dns,circulation_pos,226,-0.10260766458843307,-0.6147409309931849,0.19214388505103058,1.0999169824424537,0.9657202647954992,1.2357587222289956
fukami_d16_noBN,fukami,16,train,4,z_dns,circulation_pos,226,0.07358180973112827,-0.3042476603528166,0.3130287838775065,1.1549355843872473,1.0253304717607605,1.287425270010648
fukami_d16_noBN,fukami,16,train,8,z_dns,circulation_pos,226,0.2221472436391666,-0.09870141562125907,0.43785040796156904,1.2395755058087665,1.1017065932625414,1.3819040449975415
fukami_d16_noBN,fukami,16,train,16,z_dns,circulation_pos,226,0.45233798434435457,0.2696667234108296,0.5966371495275946,1.2654346921547088,1.1030974509412235,1.4488284420086193
fukami_d16_noBN,fukami,16,train,32,z_dns,circulation_pos,226,0.4527974747075738,0.32315578599841155,0.5489789587531657,1.5855933004688663,1.3642385776770416,1.8315312818592158
fukami_d16_noBN,fukami,16,train,64,z_dns,circulation_pos,226,0.22542664968968162,0.14265740197549112,0.3153328031417919,1.5241370401060166,1.315098738080302,1.7704564913931056
fukami_d16_noBN,fukami,16,train,1,z_dns,circulation_neg,226,0.10071971739107122,-0.4601484571521188,0.39887605872839865,1.0241375926524245,0.900175077453752,1.1606492356382603
fukami_d16_noBN,fukami,16,train,4,z_dns,circulation_neg,226,0.1178086305908389,-0.3871269400572557,0.39806479528716676,1.0833409751092535,0.9439494146583398,1.227614821344586
fukami_d16_noBN,fukami,16,train,8,z_dns,circulation_neg,226,0.055704710754781006,-0.30448953516896266,0.2915126735993627,1.2490754457366224,1.1015730857771564,1.4080586691822052
fukami_d16_noBN,fukami,16,train,16,z_dns,circulation_neg,226,0.07167183354060369,-0.04266382249782499,0.16697692261269667,1.5236878657944048,1.3361270536327965,1.7325097876391053
fukami_d16_noBN,fukami,16,train,32,z_dns,circulation_neg,226,0.2406158300168395,0.14100469427563603,0.33635677872139313,1.6716289059718505,1.4490338944204646,1.907269121607922
fukami_d16_noBN,fukami,16,train,64,z_dns,circulation_neg,226,0.16426214762642455,0.10193827313485289,0.21894709106270546,1.7116755515443014,1.4887293361446314,1.9537071119872467
fukami_d16_noBN,fukami,16,train,1,z_markov,C_L,226,-0.8726785947520022,-1.5130697207284844,-0.3508225876349986,1.1448744408272882,0.9964482845323233,1.3030918395802338
fukami_d16_noBN,fukami,16,train,4,z_markov,C_L,226,0.5426941024849163,0.32879514360044154,0.6888720642376401,0.7370563404678281,0.635787462241244,0.8499933432366119
fukami_d16_noBN,fukami,16,train,8,z_markov,C_L,226,0.7824661843095349,0.694043070104275,0.8415135771058042,0.8345772434454142,0.7014168623532157,0.9676680221939128
fukami_d16_noBN,fukami,16,train,16,z_markov,C_L,226,0.823545063569518,0.7892137332953411,0.8478660736108411,0.9223892646005064,0.7804539078253551,1.0765626947445288
fukami_d16_noBN,fukami,16,train,32,z_markov,C_L,226,0.735208130141572,0.5537054850044911,0.8340833651478775,0.5770235331111068,0.4878344357117495,0.671261327176568
fukami_d16_noBN,fukami,16,train,64,z_markov,C_L,226,-6.954915080064342,-12.655527831857716,-3.3395652336877966,0.6973054358836763,0.5489707237489655,0.8632224583618267
fukami_d16_noBN,fukami,16,train,1,z_markov,C_D,226,-0.6766352758920635,-0.9915938161013986,-0.40088852034096817,0.31669791993825547,0.27867248447450993,0.3587620261814777
fukami_d16_noBN,fukami,16,train,4,z_markov,C_D,226,-0.9506884119074206,-1.708742615608007,-0.4468763331979031,0.24272099057614266,0.21167429316218128,0.27864076111389297
fukami_d16_noBN,fukami,16,train,8,z_markov,C_D,226,0.14030630942676414,-0.15014985648976442,0.348027974824272,0.25802470688725226,0.21687223069973102,0.2984132203118377
fukami_d16_noBN,fukami,16,train,16,z_markov,C_D,226,0.6642118544044908,0.5692760144995996,0.7449215498752628,0.246211554647185,0.20738562191827414,0.2895055699669685
fukami_d16_noBN,fukami,16,train,32,z_markov,C_D,226,0.6517766156411593,0.568329659158403,0.7213231851465731,0.18019542776094935,0.1490156838482859,0.2129615308072203
fukami_d16_noBN,fukami,16,train,64,z_markov,C_D,226,-4.296940564096918,-10.47504179917301,-1.3894828610077643,0.15976996501979415,0.13024542219498106,0.18985345625848105
fukami_d16_noBN,fukami,16,train,1,z_markov,I_y,226,0.030148743249025167,-0.18554818140554097,0.17754050391889986,1.701070647888611,1.4349612963847997,1.97253138332007
fukami_d16_noBN,fukami,16,train,4,z_markov,I_y,226,-0.01015040175198667,-0.3652473369865914,0.2456726271649945,1.635281210216188,1.3978507879828648,1.8941952711232413
fukami_d16_noBN,fukami,16,train,8,z_markov,I_y,226,-0.06746004081196877,-0.46094560619002595,0.2086747093729306,1.6618575186882272,1.4469494797451976,1.9170934207402794
fukami_d16_noBN,fukami,16,train,16,z_markov,I_y,226,0.29586005117864944,0.1506786905753951,0.4134632930325117,1.3469622728192494,1.180377534059222,1.5178147222343463
fukami_d16_noBN,fukami,16,train,32,z_markov,I_y,226,-0.017249371576492534,-0.18036962634591985,0.0971065343381022,1.7480898757509051,1.5162357670022772,1.966204383590061
fukami_d16_noBN,fukami,16,train,64,z_markov,I_y,226,0.026074603240698768,-0.04388959873429752,0.07533708283775291,3.802396012094718,3.147825110647782,4.479273418917744
fukami_d16_noBN,fukami,16,train,1,z_markov,wake_enstrophy,226,0.11999900466764746,-0.3716884070809053,0.43730710980389204,41.013773366540775,35.27563478248598,47.11554594716507
fukami_d16_noBN,fukami,16,train,4,z_markov,wake_enstrophy,226,-0.1336994051860736,-0.7787736579215214,0.2865122797194261,45.087902244408944,38.44321717134741,52.63653248396349
fukami_d16_noBN,fukami,16,train,8,z_markov,wake_enstrophy,226,-0.060847654914081284,-0.5098695022305499,0.22476596176343056,54.7710267395357,46.959501339677004,62.99399192143995
fukami_d16_noBN,fukami,16,train,16,z_markov,wake_enstrophy,226,0.272846147712572,0.012854482590737104,0.5007101829939645,62.878238905272276,54.318713972205664,73.10114186375108
fukami_d16_noBN,fukami,16,train,32,z_markov,wake_enstrophy,226,0.4753821818616256,0.3111874544869519,0.5980189749061687,73.54744273663927,60.71330693861345,86.8300405760761
fukami_d16_noBN,fukami,16,train,64,z_markov,wake_enstrophy,226,0.29581889849141085,-0.09284629938262813,0.4963243291127134,61.47328861315094,53.382236794053625,70.25410231488402
fukami_d16_noBN,fukami,16,train,1,z_markov,circulation_pos,226,-0.1902707515036215,-0.7355468668377974,0.14746926879451672,1.1231887920856614,0.9868071732259659,1.2675122652840445
fukami_d16_noBN,fukami,16,train,4,z_markov,circulation_pos,226,0.03549084406045866,-0.3973988338165083,0.31296021153669046,1.161164088328366,1.0192256721764945,1.3028694441206718
fukami_d16_noBN,fukami,16,train,8,z_markov,circulation_pos,226,0.29237511249329695,-0.01347936893324155,0.4911339241147453,1.1661597559419756,1.0337570788495223,1.307672769340277
fukami_d16_noBN,fukami,16,train,16,z_markov,circulation_pos,226,0.506689354857474,0.31567507839263825,0.6519686835215998,1.2339108626952144,1.0722109782606877,1.4039079854883862
fukami_d16_noBN,fukami,16,train,32,z_markov,circulation_pos,226,0.41404260471944376,0.2333598810029867,0.5629466257735524,1.5860199052822355,1.3496302892386558,1.8554628524030228
fukami_d16_noBN,fukami,16,train,64,z_markov,circulation_pos,226,0.3486422358842759,0.09558197935573438,0.5103169137020479,1.548179292241628,1.3678826099056403,1.7372743732999412
fukami_d16_noBN,fukami,16,train,1,z_markov,circulation_neg,226,0.1632523705731206,-0.4146930130303391,0.44461763601503285,1.0219189339504113,0.9041777803425974,1.140882921921683
fukami_d16_noBN,fukami,16,train,4,z_markov,circulation_neg,226,0.22754074005862468,-0.17866304806408934,0.4616365890608618,1.047818093502669,0.9298217891712907,1.1712666635052529
fukami_d16_noBN,fukami,16,train,8,z_markov,circulation_neg,226,0.16065095739831448,-0.12742630217821327,0.3596225966004984,1.1830066523719118,1.0316810554404883,1.344346475743293
fukami_d16_noBN,fukami,16,train,16,z_markov,circulation_neg,226,0.13546899771502074,0.009626924035632551,0.2441809906589222,1.4448466973578233,1.2598905058660625,1.637442860982299
fukami_d16_noBN,fukami,16,train,32,z_markov,circulation_neg,226,0.2022704500257475,0.0876815244859773,0.309391857277004,1.7120803895577208,1.4767528865762973,1.9621742289565072
fukami_d16_noBN,fukami,16,train,64,z_markov,circulation_neg,226,0.2948176008286961,0.19914585408473814,0.3785574543221391,1.6346999352246583,1.4423729155281577,1.8534537519303762
fukami_d16_noBN,fukami,16,train,1,z_full,C_L,226,-0.8773241956012152,-1.4710647789637163,-0.33239081412048327,1.1314203799100724,0.9784476560436935,1.288887752170052
fukami_d16_noBN,fukami,16,train,4,z_full,C_L,226,0.46382014260719684,0.19387756843906853,0.6469992575589751,0.757933920240379,0.6378989151303456,0.8906700580283881
fukami_d16_noBN,fukami,16,train,8,z_full,C_L,226,0.7549139726436346,0.6541865528973352,0.8233942256742488,0.8940972066835307,0.761309986014329,1.0256998447787844
fukami_d16_noBN,fukami,16,train,16,z_full,C_L,226,0.7462962567714073,0.6691096139631852,0.8066112122561282,1.0855845395487216,0.9134595891033814,1.2795729722476745
fukami_d16_noBN,fukami,16,train,32,z_full,C_L,226,0.8175488390742345,0.7384245280755759,0.8763292024068697,0.49606169706105635,0.4269891348682269,0.5737192515549592
fukami_d16_noBN,fukami,16,train,64,z_full,C_L,226,0.2270955939287579,-0.17055150978968817,0.509091962430075,0.2858480864062458,0.2467390135247639,0.3309128364110604
fukami_d16_noBN,fukami,16,train,1,z_full,C_D,226,-0.6244800131646042,-0.9016374222251963,-0.38882376467899116,0.3133407683392758,0.2733282318503084,0.35312754962757603
fukami_d16_noBN,fukami,16,train,4,z_full,C_D,226,-1.231806300063747,-2.36619492046231,-0.5198917634107615,0.24037069319187565,0.20493554200086675,0.28064780937364586
fukami_d16_noBN,fukami,16,train,8,z_full,C_D,226,0.07280708846936945,-0.20201170583876613,0.27639245125223366,0.26621181013238654,0.22438241092698605,0.31050610628648934
fukami_d16_noBN,fukami,16,train,16,z_full,C_D,226,0.5455601966202461,0.43699485761638013,0.6348259245277245,0.2973774439112306,0.2552915994736246,0.3455077160534198
fukami_d16_noBN,fukami,16,train,32,z_full,C_D,226,0.6560214706076957,0.5701765185365597,0.7095014713233282,0.20232426187633867,0.17540985321290667,0.2329897587498966
fukami_d16_noBN,fukami,16,train,64,z_full,C_D,226,-0.2004492858386988,-1.2568975876765072,0.36085581337724554,0.1093433122853842,0.09983470662942998,0.11966938925388718
fukami_d16_noBN,fukami,16,train,1,z_full,I_y,226,-0.0007479718419083348,-0.23320555129133821,0.15760480296984647,1.7222340906800584,1.4602263140602998,2.0129529184030894
fukami_d16_noBN,fukami,16,train,4,z_full,I_y,226,-0.07270866104293816,-0.40867223708023726,0.1680028690428701,1.7048223109989515,1.4570547900583797,1.9689169592439129
fukami_d16_noBN,fukami,16,train,8,z_full,I_y,226,-0.07877526603262575,-0.47156615471787866,0.2161534911856196,1.6940562058246902,1.4722419442896715,1.9309068064416446
fukami_d16_noBN,fukami,16,train,16,z_full,I_y,226,0.27778936134813703,0.0908010175734528,0.4131747201524295,1.363731261426303,1.1941256300784948,1.5304359711409938
fukami_d16_noBN,fukami,16,train,32,z_full,I_y,226,0.008683370038277238,-0.09138519874105118,0.09747008613899867,1.7181863022540136,1.492088816537624,1.9469812247201128
fukami_d16_noBN,fukami,16,train,64,z_full,I_y,226,-0.004962633691893981,-0.04751002145868047,0.018330632880909012,3.900199561582468,3.269710403092673,4.57773151478581
fukami_d16_noBN,fukami,16,train,1,z_full,wake_enstrophy,226,0.12827043183216424,-0.33053022756388695,0.4282263167513241,41.32238900846315,35.690979206233756,47.34389287822281
fukami_d16_noBN,fukami,16,train,4,z_full,wake_enstrophy,226,-0.11187723392061155,-0.6512428983069144,0.29534483037487097,42.753837672973575,36.321501021574676,50.12814709316969
fukami_d16_noBN,fukami,16,train,8,z_full,wake_enstrophy,226,-0.12367164104964168,-0.5224254076879293,0.18059549226613816,55.13012322180401,47.19483940398983,64.08512815271612
fukami_d16_noBN,fukami,16,train,16,z_full,wake_enstrophy,226,0.17682072981783492,-0.06247749931406947,0.4149196665262652,66.2332568319947,56.78268813376325,77.4470994035813
fukami_d16_noBN,fukami,16,train,32,z_full,wake_enstrophy,226,0.4951677449295946,0.3845694407101424,0.5905556720706507,70.34008194939062,58.022273074997415,83.84585509150585
fukami_d16_noBN,fukami,16,train,64,z_full,wake_enstrophy,226,0.40808245292486744,0.29050532042459004,0.49017398555641767,51.499232963360505,43.64031651355448,60.8409840833084
fukami_d16_noBN,fukami,16,train,1,z_full,circulation_pos,226,-0.1225300277005208,-0.5925796498983039,0.17447465986077898,1.1248646539822407,1.001436248535116,1.2592589236122864
fukami_d16_noBN,fukami,16,train,4,z_full,circulation_pos,226,0.10304251289259103,-0.2725030137054739,0.34406182403758706,1.1375321870526292,1.006436004572085,1.2713557979743924
fukami_d16_noBN,fukami,16,train,8,z_full,circulation_pos,226,0.2557750858114928,-0.056051069653011765,0.4575459264320746,1.2041335761189924,1.0653109506770388,1.355811304149059
fukami_d16_noBN,fukami,16,train,16,z_full,circulation_pos,226,0.4545476861007838,0.2762887208275157,0.6013156135424924,1.2325368817126938,1.0674052202686264,1.4183557999629706
fukami_d16_noBN,fukami,16,train,32,z_full,circulation_pos,226,0.48048219879688014,0.3532700213527194,0.5824087644318989,1.510619932237372,1.2865649116432456,1.7480625745038114
fukami_d16_noBN,fukami,16,train,64,z_full,circulation_pos,226,0.37805313962421294,0.29053806359198475,0.44558679189849904,1.453599157579774,1.268082272648077,1.6640407180658847
fukami_d16_noBN,fukami,16,train,1,z_full,circulation_neg,226,0.11963237944770766,-0.41430289871210935,0.40666808694687373,1.0259332372443843,0.9025138306208539,1.1506232508228813
fukami_d16_noBN,fukami,16,train,4,z_full,circulation_neg,226,0.13562767683758803,-0.3385212379308673,0.4342362149415772,1.0596045578580526,0.927539842293287,1.2059517721072799
fukami_d16_noBN,fukami,16,train,8,z_full,circulation_neg,226,0.08573145077446997,-0.2633662964556192,0.30544065956564664,1.2147621075765123,1.063867078998775,1.3665047346545813
fukami_d16_noBN,fukami,16,train,16,z_full,circulation_neg,226,0.10913138021063029,-0.0073346196212427765,0.20845345333550735,1.469680509933499,1.2795057591630123,1.672098079023458
fukami_d16_noBN,fukami,16,train,32,z_full,circulation_neg,226,0.24964813516907736,0.13929348329090901,0.3511083437163309,1.627939186852248,1.4095994366188032,1.8654799339336396
fukami_d16_noBN,fukami,16,train,64,z_full,circulation_neg,226,0.2600976131614733,0.19521644147506378,0.31511393182117403,1.6513831802179124,1.4374239719449138,1.874687839812663
fukami_d16_noBN,fukami,16,test_a,1,z_dns,C_L,86,nan,-2.305087780684512,-0.16828644426166414,nan,0.9957961577478937,1.5555336160684843
fukami_d16_noBN,fukami,16,test_a,4,z_dns,C_L,86,nan,-0.10651540490662964,0.7525486349505146,nan,0.6309013831650245,1.0234421317010147
fukami_d16_noBN,fukami,16,test_a,8,z_dns,C_L,86,nan,0.5581248971990224,0.8244972381955257,nan,0.7170004436740324,1.1530497887964182
fukami_d16_noBN,fukami,16,test_a,16,z_dns,C_L,86,nan,0.591665949281394,0.8460542957962894,nan,0.8538309952059944,1.373920491346596
fukami_d16_noBN,fukami,16,test_a,32,z_dns,C_L,86,nan,0.6221591865703168,0.8321372278633544,nan,0.39974857288506704,0.6809942343172131
fukami_d16_noBN,fukami,16,test_a,64,z_dns,C_L,86,nan,0.14039375306871044,0.5511874307882874,nan,0.2178559712150743,0.3525177446870493
fukami_d16_noBN,fukami,16,test_a,1,z_dns,C_D,86,nan,-1.2526155685960099,-0.31641471451280206,nan,0.29144134476825617,0.43558156864924585
fukami_d16_noBN,fukami,16,test_a,4,z_dns,C_D,86,nan,-2.044526475693055,-0.28876027428954076,nan,0.1986266225847966,0.32452226705484444
fukami_d16_noBN,fukami,16,test_a,8,z_dns,C_D,86,nan,-1.3695853413288444,0.38626000520323606,nan,0.20306501776873434,0.3417204846847668
fukami_d16_noBN,fukami,16,test_a,16,z_dns,C_D,86,nan,0.4063878264219276,0.6150542908304345,nan,0.2050130336978122,0.33646821145658795
fukami_d16_noBN,fukami,16,test_a,32,z_dns,C_D,86,nan,0.40414372404595145,0.7255800034643535,nan,0.14473205593694616,0.22250924545080897
fukami_d16_noBN,fukami,16,test_a,64,z_dns,C_D,86,nan,-1.175150169086995,0.28941493408747115,nan,0.08913868124017298,0.14729423583531526
fukami_d16_noBN,fukami,16,test_a,1,z_dns,I_y,86,-0.09961840890158458,-0.4859194212204542,0.14874234669718994,1.8981637551132946,1.520661195284141,2.308436505815554
fukami_d16_noBN,fukami,16,test_a,4,z_dns,I_y,86,-0.15393515867963892,-0.4634004737058842,0.06854838850496082,1.9669484729212705,1.6228227364348742,2.3411850721182113
fukami_d16_noBN,fukami,16,test_a,8,z_dns,I_y,86,-0.011783228500707121,-0.5273047415607359,0.3021212877075168,1.72454317531528,1.3616865023010052,2.1050459264916177
fukami_d16_noBN,fukami,16,test_a,16,z_dns,I_y,86,0.12949513712205996,-0.19797970366977638,0.3520957245832319,1.7607449859156226,1.4510108891605245,2.11886458046157
fukami_d16_noBN,fukami,16,test_a,32,z_dns,I_y,86,-0.21577989639033257,-0.5128421033965784,-0.03763755052730798,1.9284446322334772,1.5590476638861446,2.342391733604739
fukami_d16_noBN,fukami,16,test_a,64,z_dns,I_y,86,-0.007533689244467734,-0.11039465646160125,0.03272145281896418,3.678917375380345,2.8023225970219494,4.64685867796575
fukami_d16_noBN,fukami,16,test_a,1,z_dns,wake_enstrophy,86,0.6422924129137901,-0.07171732141223378,0.789726107871345,46.9884080714389,36.551165296408016,59.58219710636302
fukami_d16_noBN,fukami,16,test_a,4,z_dns,wake_enstrophy,86,0.4183128209575322,-0.36142065542232604,0.7330720106449121,49.90569686246581,38.10306391381681,64.09830603456223
fukami_d16_noBN,fukami,16,test_a,8,z_dns,wake_enstrophy,86,0.05934318772955205,-0.4008117891299971,0.35749312098181046,61.72624949918033,45.35596609596313,81.03398933269476
fukami_d16_noBN,fukami,16,test_a,16,z_dns,wake_enstrophy,86,0.29377050193850696,-0.3820797925995287,0.5958800283299802,79.566170677307,64.40958062577032,97.48071409943519
fukami_d16_noBN,fukami,16,test_a,32,z_dns,wake_enstrophy,86,0.3654753688007387,0.24120553183334079,0.554507576046824,83.02979441779341,57.4794068239406,114.30187600394885
fukami_d16_noBN,fukami,16,test_a,64,z_dns,wake_enstrophy,86,0.19367850937622633,-0.01730500327608024,0.4054987644140626,57.95451082537511,40.361054437487724,81.47392098930356
fukami_d16_noBN,fukami,16,test_a,1,z_dns,circulation_pos,86,0.33895659121394417,-0.6094690698919043,0.6651409619543321,1.2772198722131387,1.0491988526143372,1.5270016048881188
fukami_d16_noBN,fukami,16,test_a,4,z_dns,circulation_pos,86,0.3329774538794862,-0.45687421769063846,0.6448643988767455,1.3376781827121114,1.1020513021469673,1.5978908658062774
fukami_d16_noBN,fukami,16,test_a,8,z_dns,circulation_pos,86,0.36957380647554405,-0.221897447993416,0.63753545042625,1.454624015726328,1.1878706396262306,1.7491203278732397
fukami_d16_noBN,fukami,16,test_a,16,z_dns,circulation_pos,86,0.43451220442565786,-0.002316325845907219,0.6722229705072527,1.5163926949953939,1.2127039680113618,1.8531001094488397
fukami_d16_noBN,fukami,16,test_a,32,z_dns,circulation_pos,86,0.39539871780083835,0.21874236233508595,0.504843881014347,1.7806819834328145,1.3330637585304712,2.298919931326079
fukami_d16_noBN,fukami,16,test_a,64,z_dns,circulation_pos,86,0.15805094469646286,-0.07676716395717281,0.30615129365230787,1.66913718121021,1.2484184894772032,2.1699135250797426
fukami_d16_noBN,fukami,16,test_a,1,z_dns,circulation_neg,86,0.05197861275335636,-0.7927062764607405,0.4452240015327783,1.3345231468975678,1.0594042320811887,1.661386069162203
fukami_d16_noBN,fukami,16,test_a,4,z_dns,circulation_neg,86,-0.0062099285396373105,-0.7382341423446387,0.43915418916135734,1.402202612886637,1.1225419759449584,1.7227828859146235
fukami_d16_noBN,fukami,16,test_a,8,z_dns,circulation_neg,86,-0.018828558159683206,-0.5775455058887824,0.34584269151501534,1.531545139350904,1.2178040061152104,1.8826898800696772
fukami_d16_noBN,fukami,16,test_a,16,z_dns,circulation_neg,86,0.06281212363504307,-0.2390104763360972,0.2486614935334115,1.7694068148345428,1.4168803391821991,2.1193434286342647
fukami_d16_noBN,fukami,16,test_a,32,z_dns,circulation_neg,86,0.16156873917095604,-0.0022789088200454014,0.28761346186964765,1.9023479432246406,1.502878767550978,2.3573931508955024
fukami_d16_noBN,fukami,16,test_a,64,z_dns,circulation_neg,86,0.11051387095830556,-0.16727828481501225,0.2200020898277904,1.7753002674874279,1.3777121194803805,2.2719824021152646
fukami_d16_noBN,fukami,16,test_a,1,z_markov,C_L,86,nan,-1.9362714024938423,-0.13797840700175978,nan,0.9947319252060989,1.518655242822542
fukami_d16_noBN,fukami,16,test_a,4,z_markov,C_L,86,nan,-0.020829895228809545,0.7473005185431585,nan,0.6020212155531861,0.9616759442239942
fukami_d16_noBN,fukami,16,test_a,8,z_markov,C_L,86,nan,0.647730434603135,0.8679133037148904,nan,0.6519686449378331,1.0675935710084812
fukami_d16_noBN,fukami,16,test_a,16,z_markov,C_L,86,nan,0.7121959150628562,0.8360960925166396,nan,0.6946591880568181,1.1802777516922267
fukami_d16_noBN,fukami,16,test_a,32,z_markov,C_L,86,nan,0.0020843743670144847,0.8296076964423603,nan,0.44171766413207264,0.8048649342609551
fukami_d16_noBN,fukami,16,test_a,64,z_markov,C_L,86,nan,-8.686145912853844,-0.09552503207765167,nan,0.45989362685236995,0.7044311555884218
fukami_d16_noBN,fukami,16,test_a,1,z_markov,C_D,86,nan,-1.2036396770511684,-0.20934421603201,nan,0.2832890571179255,0.41146747206807904
fukami_d16_noBN,fukami,16,test_a,4,z_markov,C_D,86,nan,-1.3396080281899654,-0.20617612699827825,nan,0.20365130867616946,0.3058743737842884
fukami_d16_noBN,fukami,16,test_a,8,z_markov,C_D,86,nan,-0.3150879081088357,0.47884529491877675,nan,0.19649352726680838,0.31705464554031243
fukami_d16_noBN,fukami,16,test_a,16,z_markov,C_D,86,nan,0.5299397048311927,0.7128969953178119,nan,0.16649384943339615,0.3175594559751758
fukami_d16_noBN,fukami,16,test_a,32,z_markov,C_D,86,nan,0.37675087458928064,0.7444134632971642,nan,0.13686580881510352,0.21752724039471316
fukami_d16_noBN,fukami,16,test_a,64,z_markov,C_D,86,nan,-6.913362981882671,0.6444406616920855,nan,0.11854501790207908,0.17468723881485176
fukami_d16_noBN,fukami,16,test_a,1,z_markov,I_y,86,-0.0634232468589011,-0.46853406272087644,0.18026764325765268,1.8641161919816935,1.4988579066935979,2.2490734662761844
fukami_d16_noBN,fukami,16,test_a,4,z_markov,I_y,86,-0.08825698796026171,-0.38661278197663335,0.10626598590631572,1.9339276419263267,1.5938777071811954,2.3045717703193276
fukami_d16_noBN,fukami,16,test_a,8,z_markov,I_y,86,0.004085809679888697,-0.4359227008160416,0.3062062809191031,1.7529871578571292,1.4056443607787166,2.172768452537939
fukami_d16_noBN,fukami,16,test_a,16,z_markov,I_y,86,0.23842727900365812,-0.03170079419581762,0.4216247538105034,1.6409395996880736,1.3766919525728658,1.9598601025636013
fukami_d16_noBN,fukami,16,test_a,32,z_markov,I_y,86,-0.01131362943637515,-0.3356164252767368,0.23094773109521122,1.7573251917159396,1.4109321739545921,2.132070841039105
fukami_d16_noBN,fukami,16,test_a,64,z_markov,I_y,86,0.04365674696393429,-0.08194360295117287,0.10749899372560755,3.4479085855218723,2.5729510834271627,4.431863368127165
fukami_d16_noBN,fukami,16,test_a,1,z_markov,wake_enstrophy,86,0.5790244721240897,-0.11918101793731434,0.7142713888741535,45.75810867216808,33.73579750749874,60.11707483177239
fukami_d16_noBN,fukami,16,test_a,4,z_markov,wake_enstrophy,86,0.36036932673065714,-0.4638255211121979,0.6403992545690148,53.11366756040499,41.364056069370534,66.59820821347867
fukami_d16_noBN,fukami,16,test_a,8,z_markov,wake_enstrophy,86,0.08249954169055418,-0.42994689838902034,0.45657981189564784,60.15309861000085,44.918916295449904,80.42962335240028
fukami_d16_noBN,fukami,16,test_a,16,z_markov,wake_enstrophy,86,0.3161855909318356,-0.25354012958885136,0.5591098725684218,73.24370918277573,57.22564327661115,89.34828186663952
fukami_d16_noBN,fukami,16,test_a,32,z_markov,wake_enstrophy,86,0.41135640488057623,0.17515899167052687,0.519826603232173,84.16506202956826,60.84535355250885,114.26820709667138
fukami_d16_noBN,fukami,16,test_a,64,z_markov,wake_enstrophy,86,0.4470710398298071,-0.4173137352080725,0.6079790146477423,61.37984783338299,47.21816470477065,78.58568636924761
fukami_d16_noBN,fukami,16,test_a,1,z_markov,circulation_pos,86,0.2966519447518241,-0.7932913690840279,0.656970225243633,1.2798456815261734,1.0310824985023899,1.5410244185994888
fukami_d16_noBN,fukami,16,test_a,4,z_markov,circulation_pos,86,0.3109702018408139,-0.516864124009775,0.6173307643884699,1.3759170961388318,1.1384375984415709,1.636848310356021
fukami_d16_noBN,fukami,16,test_a,8,z_markov,circulation_pos,86,0.376912857197803,-0.12383977432740109,0.5890070190502066,1.4404733136083523,1.1756758739716187,1.7282592217952688
fukami_d16_noBN,fukami,16,test_a,16,z_markov,circulation_pos,86,0.3817796029161903,-0.15525741276219576,0.6480752531873994,1.5325067589852253,1.201174410391597,1.9089834271363944
fukami_d16_noBN,fukami,16,test_a,32,z_markov,circulation_pos,86,0.37237472580573394,0.0283191819805245,0.5514197322130437,1.8886471832894156,1.4221043955467445,2.3661519329824716
fukami_d16_noBN,fukami,16,test_a,64,z_markov,circulation_pos,86,0.42670170556602705,-0.2563230177051519,0.6219107712465552,1.6165022275669256,1.2938616064225643,1.989786826483707
fukami_d16_noBN,fukami,16,test_a,1,z_markov,circulation_neg,86,0.10929200087794233,-0.6142939299073661,0.4596621934611904,1.3622014171595316,1.115049547108733,1.6461645320871783
fukami_d16_noBN,fukami,16,test_a,4,z_markov,circulation_neg,86,0.04220102058681774,-0.5989610053415908,0.434875962400426,1.4322401674429843,1.1645278885241435,1.741459398830739
fukami_d16_noBN,fukami,16,test_a,8,z_markov,circulation_neg,86,-0.02130458023167736,-0.508432163593141,0.28525916820249136,1.5656510233608782,1.2714392514219097,1.8931689864722507
fukami_d16_noBN,fukami,16,test_a,16,z_markov,circulation_neg,86,0.14603024948317112,-0.04421127463931398,0.275815704788141,1.727616738776779,1.4223868645465978,2.0624665366814576
fukami_d16_noBN,fukami,16,test_a,32,z_markov,circulation_neg,86,0.22895112056659717,0.0778330067421274,0.3424988649213713,1.88712975361359,1.5013062712266583,2.2956774511258553
fukami_d16_noBN,fukami,16,test_a,64,z_markov,circulation_neg,86,0.2886528165496649,-0.07886796540891801,0.3921247775504852,1.6786350952852798,1.317395436912777,2.099804087851523
fukami_d16_noBN,fukami,16,test_a,1,z_full,C_L,86,nan,-1.9043346382183106,-0.08565562414423714,nan,0.9765682832365671,1.5225084876217752
fukami_d16_noBN,fukami,16,test_a,4,z_full,C_L,86,nan,-0.0180094023256727,0.7747341256976195,nan,0.6060408212657112,0.9342690380988301
fukami_d16_noBN,fukami,16,test_a,8,z_full,C_L,86,nan,0.5755073842929916,0.8243576243472573,nan,0.7400012990950401,1.1526944234738912
fukami_d16_noBN,fukami,16,test_a,16,z_full,C_L,86,nan,0.5811834392081465,0.801249955650282,nan,0.8691715181332628,1.5090522878064732
fukami_d16_noBN,fukami,16,test_a,32,z_full,C_L,86,nan,0.6151333390994917,0.8788210863656376,nan,0.3308468960431539,0.6409326840192725
fukami_d16_noBN,fukami,16,test_a,64,z_full,C_L,86,nan,-0.2716397953224085,0.621892827122502,nan,0.22574018865440282,0.3671547296606187
fukami_d16_noBN,fukami,16,test_a,1,z_full,C_D,86,nan,-1.1539950853220096,-0.24457698442699607,nan,0.28653547309553234,0.4224080827545061
fukami_d16_noBN,fukami,16,test_a,4,z_full,C_D,86,nan,-1.3598649684723503,-0.07036719942024289,nan,0.18144786826415293,0.2856830669235963
fukami_d16_noBN,fukami,16,test_a,8,z_full,C_D,86,nan,-0.4523956439571126,0.4123476755108822,nan,0.20553632992807586,0.32657752439382004
fukami_d16_noBN,fukami,16,test_a,16,z_full,C_D,86,nan,0.41052641825369496,0.6279518740523169,nan,0.22531573383261502,0.3619327379252241
fukami_d16_noBN,fukami,16,test_a,32,z_full,C_D,86,nan,0.42163445124968485,0.7639555810510197,nan,0.14842786909045166,0.2298077581391818
fukami_d16_noBN,fukami,16,test_a,64,z_full,C_D,86,nan,-2.1059557614769315,0.31239397292988164,nan,0.10183992334186633,0.15379723177238824
fukami_d16_noBN,fukami,16,test_a,1,z_full,I_y,86,-0.09887148071658491,-0.5658784987048462,0.18390687646587012,1.8663263033201203,1.4884233839430137,2.2707923844712714
fukami_d16_noBN,fukami,16,test_a,4,z_full,I_y,86,-0.11881739478447861,-0.4249156765256638,0.0807430030942631,1.9542701024491387,1.6257065349485735,2.319018420295064
fukami_d16_noBN,fukami,16,test_a,8,z_full,I_y,86,-0.0589713770916529,-0.5595794770085823,0.25534743227390655,1.7899974484800583,1.4099462179225821,2.1988376197955826
fukami_d16_noBN,fukami,16,test_a,16,z_full,I_y,86,0.2359489639236123,-0.029854992302916522,0.414732995573099,1.6547303429170888,1.3795320742358035,1.9593316115842931
fukami_d16_noBN,fukami,16,test_a,32,z_full,I_y,86,-0.023686765320952263,-0.2553566497589713,0.1312884914867978,1.7151725771338562,1.3551655486979033,2.105740114039585
fukami_d16_noBN,fukami,16,test_a,64,z_full,I_y,86,0.007766531327619952,-0.07929189917373898,0.0504724343345287,3.5762950864688676,2.6856970084444214,4.582085453102522
fukami_d16_noBN,fukami,16,test_a,1,z_full,wake_enstrophy,86,0.5817736674552949,-0.19296346524835822,0.7336197304829578,47.45777422481638,36.13065104415984,61.30841812086937
fukami_d16_noBN,fukami,16,test_a,4,z_full,wake_enstrophy,86,0.3329410906293322,-0.29863484093835657,0.5967450405870903,50.56712517623352,38.12104697062703,64.85385465656147
fukami_d16_noBN,fukami,16,test_a,8,z_full,wake_enstrophy,86,0.014951066424705894,-0.39836791085206413,0.4855512514208179,59.92495859709674,44.16875148981541,81.62682346488764
fukami_d16_noBN,fukami,16,test_a,16,z_full,wake_enstrophy,86,0.2800454170785943,-0.5186018263304674,0.6136871587728072,74.50858180508122,58.46029308828626,92.92926347383592
fukami_d16_noBN,fukami,16,test_a,32,z_full,wake_enstrophy,86,0.45749015448845154,0.24220699187575515,0.6165306265627547,77.0566995383523,54.248221524935204,104.51302433424391
fukami_d16_noBN,fukami,16,test_a,64,z_full,wake_enstrophy,86,0.28409457168787955,-0.023204567403317108,0.4662117303925015,54.686454646089544,37.57047400578568,76.95732033413938
fukami_d16_noBN,fukami,16,test_a,1,z_full,circulation_pos,86,0.3238421403606999,-0.6384011539901181,0.6698618920391699,1.2241719772259072,0.9946495046199179,1.5005385651933183
fukami_d16_noBN,fukami,16,test_a,4,z_full,circulation_pos,86,0.34337901780831337,-0.3169483114662119,0.6283515531220444,1.29985923590761,1.051396495330135,1.5683515030728918
fukami_d16_noBN,fukami,16,test_a,8,z_full,circulation_pos,86,0.3536044943066611,-0.25167272912089517,0.6054827371223199,1.4417126070637458,1.1602982976072826,1.7324366953863997
fukami_d16_noBN,fukami,16,test_a,16,z_full,circulation_pos,86,0.32150836390164594,-0.4221513178516996,0.6800252807532249,1.546541826303065,1.1956520414978504,1.975827857639655
fukami_d16_noBN,fukami,16,test_a,32,z_full,circulation_pos,86,0.40793324713271983,0.040040128537409986,0.5694140395166883,1.7399632872613489,1.2982508843591636,2.25968256457082
fukami_d16_noBN,fukami,16,test_a,64,z_full,circulation_pos,86,0.2555113533543609,-0.05000907379712967,0.386733686972545,1.5929809644147395,1.2040220947239761,2.097741245047596
fukami_d16_noBN,fukami,16,test_a,1,z_full,circulation_neg,86,0.01660625702400953,-0.7830956697741078,0.4272207321225549,1.3523817016463842,1.067946593021627,1.6798266895632186
fukami_d16_noBN,fukami,16,test_a,4,z_full,circulation_neg,86,-0.05290967489235787,-0.6892351570023434,0.35533813126154173,1.4190236235306541,1.121195226938006,1.753711789889592
fukami_d16_noBN,fukami,16,test_a,8,z_full,circulation_neg,86,-0.05753354197829075,-0.5831500716560575,0.2770977109036448,1.5168372224262596,1.1750402542343183,1.872675985611855
fukami_d16_noBN,fukami,16,test_a,16,z_full,circulation_neg,86,0.1395774008097722,-0.11895370388310782,0.3113560408081925,1.7005797492885975,1.3598207563410663,2.0642449510783196
fukami_d16_noBN,fukami,16,test_a,32,z_full,circulation_neg,86,0.26865952701229445,0.09103903489856471,0.40974031372395087,1.739732966850491,1.3583039115657058,2.170400974969667
fukami_d16_noBN,fukami,16,test_a,64,z_full,circulation_neg,86,0.20925051810009498,-0.02361884619197658,0.31388023272821486,1.6771970380675552,1.2894311010399655,2.145405360015968
fukami_d16_noBN,fukami,16,test_b,1,z_dns,C_L,42,-0.7167474472189386,-1.9197181091650917,0.12875339825607374,1.1083786997181302,0.7963477123469148,1.46675775183885
fukami_d16_noBN,fukami,16,test_b,4,z_dns,C_L,42,0.5938488543718934,-0.6414316429558354,0.8843846962988778,0.703544519834024,0.4762740613992213,0.9832835624933447
fukami_d16_noBN,fukami,16,test_b,8,z_dns,C_L,42,0.5565834206077998,-0.018094498461660263,0.6958193691319495,1.124455466928637,0.7072907907595156,1.6066564030669932
fukami_d16_noBN,fukami,16,test_b,16,z_dns,C_L,42,0.49056837892940175,0.15200523807222713,0.7160813251085776,1.1333680180622017,0.7260254366475473,1.606594140654165
fukami_d16_noBN,fukami,16,test_b,32,z_dns,C_L,42,0.18243010067763887,-0.35281587871476744,0.4801947040348171,0.9309770606460916,0.6177114875630912,1.2830337995001633
fukami_d16_noBN,fukami,16,test_b,64,z_dns,C_L,42,-3.846359944857052,-11.76122508872468,-0.014821181679040117,0.5000242077695928,0.23266170694422245,0.8550184254641983
fukami_d16_noBN,fukami,16,test_b,1,z_dns,C_D,42,-0.8479798191020411,-2.737146193089417,0.049527651379519776,0.40294231142464587,0.2786475831053114,0.534463524053481
fukami_d16_noBN,fukami,16,test_b,4,z_dns,C_D,42,-1.0626895484387964,-3.3307018806136,-0.07335281636079884,0.35767462039609177,0.23392368771813848,0.4938212693730962
fukami_d16_noBN,fukami,16,test_b,8,z_dns,C_D,42,-0.10919976161499934,-0.7285382907767424,0.3932807804091917,0.31458808184654036,0.16152066216237143,0.487463201240258
fukami_d16_noBN,fukami,16,test_b,16,z_dns,C_D,42,-0.0540644032059765,-0.4481960414353456,0.3044970052131679,0.4207535530461407,0.252432962513569,0.6183155619085994
fukami_d16_noBN,fukami,16,test_b,32,z_dns,C_D,42,0.17548007638083052,-0.117255511522661,0.4210816742007027,0.3307454704554275,0.21612816612421606,0.47380759450496385
fukami_d16_noBN,fukami,16,test_b,64,z_dns,C_D,42,-1.2203646301067388,-3.138194298746826,-0.09399035423899937,0.1658418150286941,0.09184989901730478,0.2630783354432718
fukami_d16_noBN,fukami,16,test_b,1,z_dns,I_y,42,-0.48977968856180887,-1.6866888853673532,0.1999164820791898,2.5930767098864003,1.8562182693409477,3.4840342706875904
fukami_d16_noBN,fukami,16,test_b,4,z_dns,I_y,42,-0.8522713954389964,-1.944607277714622,0.0625100730229513,2.549260891730054,1.7796969223001944,3.5787514190471015
fukami_d16_noBN,fukami,16,test_b,8,z_dns,I_y,42,-0.8334481176237756,-1.7932416570813954,-3.848105596529165e-05,2.8406285213680342,1.9953781097894063,3.9999899901371267
fukami_d16_noBN,fukami,16,test_b,16,z_dns,I_y,42,-0.23478989554055985,-0.6912557497674606,0.3128586931408378,2.42377985793094,1.4665260425886362,3.6851000235255102
fukami_d16_noBN,fukami,16,test_b,32,z_dns,I_y,42,-0.17732140867300616,-0.6156970042940866,0.16336675915160656,1.9519317288123108,1.2627919775579797,2.697671236679658
fukami_d16_noBN,fukami,16,test_b,64,z_dns,I_y,42,-0.13783388513544037,-0.48498199015686727,-0.002090013270857043,4.317387557536964,2.8022640099987632,5.963556178397451
fukami_d16_noBN,fukami,16,test_b,1,z_dns,wake_enstrophy,42,0.37004403041675005,-0.7117068015976026,0.5705374554181261,47.36895459655146,34.074626442061465,65.6696377845149
fukami_d16_noBN,fukami,16,test_b,4,z_dns,wake_enstrophy,42,0.28261063471494297,-1.2353049808903394,0.6453025455234223,49.24312247531483,34.24633454723859,69.18079301300565
fukami_d16_noBN,fukami,16,test_b,8,z_dns,wake_enstrophy,42,0.002460268016010181,-4.88823724212152,0.3097883473910033,67.79751331145724,51.297382552269305,88.97622391491771
fukami_d16_noBN,fukami,16,test_b,16,z_dns,wake_enstrophy,42,-0.21104497961221713,-5.492330328299798,0.22275618802735073,77.25868274578927,59.66185160084169,97.34590479814594
fukami_d16_noBN,fukami,16,test_b,32,z_dns,wake_enstrophy,42,0.5281301962627496,0.3223494334866748,0.654463050617336,54.0330044921949,43.37000837857813,65.15327376687335
fukami_d16_noBN,fukami,16,test_b,64,z_dns,wake_enstrophy,42,0.15912882534124917,-0.056023385489069065,0.4271143503736861,53.25335110099679,37.66221562896839,72.95147656381751
fukami_d16_noBN,fukami,16,test_b,1,z_dns,circulation_pos,42,0.05883230256881944,-0.859467659869381,0.37163610812985864,1.257021961441917,0.9612057593436808,1.572378168279057
fukami_d16_noBN,fukami,16,test_b,4,z_dns,circulation_pos,42,-0.05698535722759379,-0.8827607784404936,0.32360898203599825,1.4637685826349316,1.1455602045029134,1.8348922571732427
fukami_d16_noBN,fukami,16,test_b,8,z_dns,circulation_pos,42,-0.08113338560452532,-1.0723714993244617,0.2492643236690652,1.6711634893175344,1.3315924645861028,2.07289170535969
fukami_d16_noBN,fukami,16,test_b,16,z_dns,circulation_pos,42,0.3863246329614368,0.21771808825774785,0.5385765225309679,1.1575553260128333,0.8360547308585765,1.5501517762868746
fukami_d16_noBN,fukami,16,test_b,32,z_dns,circulation_pos,42,0.4117723970133196,0.14085668107799998,0.5982791501200355,1.32179911559178,1.0252056345848828,1.663184621540766
fukami_d16_noBN,fukami,16,test_b,64,z_dns,circulation_pos,42,0.15446790069581184,-0.0798817461080318,0.3336653661373223,1.4964368416105809,1.0947780735094372,1.9346360880123326
fukami_d16_noBN,fukami,16,test_b,1,z_dns,circulation_neg,42,0.18693665824299577,-1.3094964305242254,0.3905989225937103,1.9759240341916966,1.4463381278339675,2.623834166327678
fukami_d16_noBN,fukami,16,test_b,4,z_dns,circulation_neg,42,0.27745164852300386,-0.5418191113147015,0.46057209550425754,1.861919339216021,1.3364174377135043,2.5287428561839054
fukami_d16_noBN,fukami,16,test_b,8,z_dns,circulation_neg,42,0.3379095112695455,0.11485562955355898,0.4977942299539697,1.655621705127943,1.0852134680014855,2.4215562325411963
fukami_d16_noBN,fukami,16,test_b,16,z_dns,circulation_neg,42,0.226193433861679,0.09064817265397612,0.3143049928580673,1.8369636036311974,1.2139268957322404,2.584694190742603
fukami_d16_noBN,fukami,16,test_b,32,z_dns,circulation_neg,42,0.1502836550251173,-0.18747709140757715,0.38977618245467444,1.5521165321213188,1.0947310870307332,2.0744911946426288
fukami_d16_noBN,fukami,16,test_b,64,z_dns,circulation_neg,42,-0.0009429246283501058,-0.23522330884105896,0.13724869218765803,1.8468326347328339,1.305483264167855,2.4983394043089
fukami_d16_noBN,fukami,16,test_b,1,z_markov,C_L,42,-0.17706355591244893,-0.9001904572425583,0.31005375440702027,1.0243382844676803,0.7992979731935629,1.2747809147281195
fukami_d16_noBN,fukami,16,test_b,4,z_markov,C_L,42,0.6664761389555305,-0.043366320172143404,0.8161391362543642,0.7750741114743791,0.5830795165878664,0.9692126433966954
fukami_d16_noBN,fukami,16,test_b,8,z_markov,C_L,42,0.5966650438567278,0.3062764933861601,0.6729245037467602,1.1624652133192686,0.7545223137057402,1.5700714346012232
fukami_d16_noBN,fukami,16,test_b,16,z_markov,C_L,42,0.5648903662853475,0.2924285467427507,0.799008495484982,1.1229334050720405,0.7864837018231255,1.5483251924676384
fukami_d16_noBN,fukami,16,test_b,32,z_markov,C_L,42,0.1008773406180804,-0.47290886881659255,0.43873078895818085,0.9909496329792769,0.6759933815436443,1.3762445719884964
fukami_d16_noBN,fukami,16,test_b,64,z_markov,C_L,42,-2.983831168267406,-9.731545350401968,-1.2774712322025545,0.6916205222345406,0.4634562824960603,0.9421439541441614
fukami_d16_noBN,fukami,16,test_b,1,z_markov,C_D,42,-0.5852778055784573,-2.1830144243593623,0.14374935597904676,0.38314770388679864,0.27778469296401614,0.4940504195386125
fukami_d16_noBN,fukami,16,test_b,4,z_markov,C_D,42,-0.715801015500489,-2.040752923999379,0.02656854136623224,0.3291212313453643,0.21718191540624035,0.4520400480024002
fukami_d16_noBN,fukami,16,test_b,8,z_markov,C_D,42,0.026145632820357867,-0.39365326040662135,0.40591120896786437,0.3032144079562343,0.16743290100146124,0.46558333852881484
fukami_d16_noBN,fukami,16,test_b,16,z_markov,C_D,42,0.1252339284012829,-0.14401713903740124,0.4035958292577826,0.38013732986248355,0.22507449041999536,0.5675406489292126
fukami_d16_noBN,fukami,16,test_b,32,z_markov,C_D,42,0.09624834995701081,-0.12811801679252072,0.22821964869620964,0.3684020154625091,0.2473240266923202,0.5022783392078211
fukami_d16_noBN,fukami,16,test_b,64,z_markov,C_D,42,-1.4163433748359928,-4.661061514150659,-0.5914442456056646,0.23056967976755743,0.1559954356772879,0.3065659539622182
fukami_d16_noBN,fukami,16,test_b,1,z_markov,I_y,42,-0.4337211293508252,-1.5698860729265203,0.2447382909001389,2.5250564753282156,1.7616999695971154,3.3316175564205284
fukami_d16_noBN,fukami,16,test_b,4,z_markov,I_y,42,-0.605572842728116,-1.4932983928209322,0.09128087285266703,2.4027572098430516,1.6673906260523708,3.341295604010626
fukami_d16_noBN,fukami,16,test_b,8,z_markov,I_y,42,-0.517044645690681,-1.1204266289219367,0.036689864609467285,2.580742198893284,1.7777639081447498,3.5446105501409804
fukami_d16_noBN,fukami,16,test_b,16,z_markov,I_y,42,-0.21638817054971304,-0.6650117458179712,0.2604384644752474,2.347553054597519,1.3834382642010616,3.68335556643073
fukami_d16_noBN,fukami,16,test_b,32,z_markov,I_y,42,-0.08570444186907489,-0.3674905781897437,0.11630203933518524,1.8240353509311513,1.1965484939398656,2.580613773279956
fukami_d16_noBN,fukami,16,test_b,64,z_markov,I_y,42,-0.10755569541775722,-0.47301396567539633,-0.02021387630855989,4.118831407793034,2.6704613736628695,5.841424907306377
fukami_d16_noBN,fukami,16,test_b,1,z_markov,wake_enstrophy,42,0.3500392289187799,-1.0657881089709214,0.5084637329422445,48.94442877911644,34.844570318927445,65.15387096290854
fukami_d16_noBN,fukami,16,test_b,4,z_markov,wake_enstrophy,42,0.18002935709514467,-3.2179231509362656,0.4342231287914542,57.65800813596351,41.46599583088721,76.41191947610399
fukami_d16_noBN,fukami,16,test_b,8,z_markov,wake_enstrophy,42,-0.27217564841408204,-9.5059396558301,0.22276182013295057,75.4458100426687,54.999802047880465,96.5844570237276
fukami_d16_noBN,fukami,16,test_b,16,z_markov,wake_enstrophy,42,-0.3948961106420208,-5.619784662540217,0.07735646927938389,75.7358223600471,55.75375705355813,99.25390503473717
fukami_d16_noBN,fukami,16,test_b,32,z_markov,wake_enstrophy,42,0.12050324033847282,-0.12803648457951536,0.2521398798997426,75.83669237921961,62.59650672012285,90.0335875187438
fukami_d16_noBN,fukami,16,test_b,64,z_markov,wake_enstrophy,42,0.29391966836629213,-0.6240131615552802,0.5826494350288224,62.591596571308735,52.26304034596075,73.45992249285874
fukami_d16_noBN,fukami,16,test_b,1,z_markov,circulation_pos,42,-0.10972718131143466,-1.3101424296772681,0.2743419044682185,1.4283502911656,1.133708884062316,1.7663919137594362
fukami_d16_noBN,fukami,16,test_b,4,z_markov,circulation_pos,42,-0.14862782991743861,-1.3090794843026377,0.22248258339983976,1.688517301191912,1.4080814474967793,1.9961756729645868
fukami_d16_noBN,fukami,16,test_b,8,z_markov,circulation_pos,42,-0.1771321891531894,-1.3750144965034565,0.13213755886930306,1.748777668568977,1.4002934545153565,2.1280287515109553
fukami_d16_noBN,fukami,16,test_b,16,z_markov,circulation_pos,42,0.23747333064424647,0.028524764916268118,0.508730325600576,1.1630235417248305,0.7930354609929525,1.6931694731290683
fukami_d16_noBN,fukami,16,test_b,32,z_markov,circulation_pos,42,0.23797468389351073,-0.05912308486012154,0.4782952226958721,1.494991133138819,1.1452298926720081,1.8720460188496142
fukami_d16_noBN,fukami,16,test_b,64,z_markov,circulation_pos,42,0.22252395445650575,-0.2350048798271077,0.49573168275193674,1.558200247600404,1.2134272680133869,1.9344954609184333
fukami_d16_noBN,fukami,16,test_b,1,z_markov,circulation_neg,42,0.26098759290875173,-0.8539535437266684,0.380101081082418,1.9167451107910105,1.4099556231472854,2.503916905855008
fukami_d16_noBN,fukami,16,test_b,4,z_markov,circulation_neg,42,0.35076700999720856,-0.19444152042922538,0.4008941109934979,1.6575245156194636,1.0997771660767368,2.340341346513943
fukami_d16_noBN,fukami,16,test_b,8,z_markov,circulation_neg,42,0.2950722885122863,-0.12046338403862461,0.334307861481779,1.826087240672793,1.2303925363131645,2.595829122973902
fukami_d16_noBN,fukami,16,test_b,16,z_markov,circulation_neg,42,0.22507246054241936,0.08082067514402325,0.3379356551048745,1.8029096888244194,1.179555068600122,2.5861627205540367
fukami_d16_noBN,fukami,16,test_b,32,z_markov,circulation_neg,42,0.1808892997629593,0.021927727345338214,0.2779446237622733,1.5899911402792752,1.1676152752995683,2.1313347954966475
fukami_d16_noBN,fukami,16,test_b,64,z_markov,circulation_neg,42,0.28079779743711475,0.07161154574400395,0.47913276613231304,1.5501464984625701,1.0686589887203362,2.10009146536419
fukami_d16_noBN,fukami,16,test_b,1,z_full,C_L,42,-0.17954129183188305,-1.0565273238786923,0.3142327234316883,1.0048346123561689,0.7712296452348465,1.2547589521491787
fukami_d16_noBN,fukami,16,test_b,4,z_full,C_L,42,0.5935285932002026,-0.24255591401152712,0.7251080119564238,0.8416278757155948,0.6401893245489642,1.0651249201508064
fukami_d16_noBN,fukami,16,test_b,8,z_full,C_L,42,0.5386739199726717,0.24752963696657118,0.6104850002118678,1.2362446643984188,0.8192692590800964,1.7048180846992884
fukami_d16_noBN,fukami,16,test_b,16,z_full,C_L,42,0.5300140172343694,0.22205476228864696,0.7762495656448859,1.16785408441632,0.806136600618002,1.6295406063422189
fukami_d16_noBN,fukami,16,test_b,32,z_full,C_L,42,0.2740798557055578,-0.10815124344690055,0.612883916311259,0.8732360743066552,0.5846857846061192,1.2170974982931222
fukami_d16_noBN,fukami,16,test_b,64,z_full,C_L,42,-1.0347916999903233,-2.8269725505718313,-0.5273598911616426,0.5077978425011149,0.34504443234616883,0.6963720604900718
fukami_d16_noBN,fukami,16,test_b,1,z_full,C_D,42,-0.4795590240553784,-1.9365365872815152,0.19784752476171677,0.3791071361570062,0.2765600202290929,0.4950329947222647
fukami_d16_noBN,fukami,16,test_b,4,z_full,C_D,42,-0.5742915042355967,-1.7799916410836891,0.1445700923296051,0.31223886248394905,0.20744609368684577,0.4346550857630742
fukami_d16_noBN,fukami,16,test_b,8,z_full,C_D,42,-0.012422661021639136,-0.41376939997365175,0.3611652036277708,0.3212998234782661,0.17919977948943483,0.48943907283595894
fukami_d16_noBN,fukami,16,test_b,16,z_full,C_D,42,0.05714507604570329,-0.21659727569544035,0.33067744479282724,0.415308478216344,0.2650308966677862,0.5967179521029295
fukami_d16_noBN,fukami,16,test_b,32,z_full,C_D,42,0.15868696075361033,-0.15766050351207783,0.4029778954713953,0.3466499505924173,0.23010629598202734,0.48406407635736254
fukami_d16_noBN,fukami,16,test_b,64,z_full,C_D,42,-0.8017577506490239,-1.8786907551874186,-0.5191439142560587,0.19472300120187264,0.13050546380946285,0.26811150338621775
fukami_d16_noBN,fukami,16,test_b,1,z_full,I_y,42,-0.42194906283527045,-1.5546895328181711,0.23369420709556193,2.5175681886749466,1.7931731778852276,3.3556642023728678
fukami_d16_noBN,fukami,16,test_b,4,z_full,I_y,42,-0.6688756113534717,-1.554568311541244,0.07551993874147189,2.440238024626124,1.697690651898784,3.413200051369584
fukami_d16_noBN,fukami,16,test_b,8,z_full,I_y,42,-0.5958867646818646,-1.2478872143303277,-0.02842521785442193,2.5998138238964374,1.7698435359008569,3.5718002430050872
fukami_d16_noBN,fukami,16,test_b,16,z_full,I_y,42,-0.22502607632161165,-0.6572033205444144,0.218906695157587,2.5519625039956852,1.5880862509847158,3.8255645310740367
fukami_d16_noBN,fukami,16,test_b,32,z_full,I_y,42,-0.0485559684004504,-0.26326353306791805,0.0966460118402518,1.7982830119150819,1.1441714236543545,2.5303119057932384
fukami_d16_noBN,fukami,16,test_b,64,z_full,I_y,42,-0.03917508387543278,-0.3447802459503188,0.01736729301827361,4.051488667440057,2.7234070646567217,5.651438204979464
fukami_d16_noBN,fukami,16,test_b,1,z_full,wake_enstrophy,42,0.2976610363891933,-1.4025855517440347,0.48860399970784396,54.678007393418845,41.23880963033969,69.65655298057025
fukami_d16_noBN,fukami,16,test_b,4,z_full,wake_enstrophy,42,0.33392279754989995,-1.4185187275063325,0.45163696073265436,48.37603051024834,32.97199559101675,67.85371598295008
fukami_d16_noBN,fukami,16,test_b,8,z_full,wake_enstrophy,42,0.012606322037778561,-5.258150079846167,0.25750251880846864,63.508065212519604,44.26023210890706,86.2104518861216
fukami_d16_noBN,fukami,16,test_b,16,z_full,wake_enstrophy,42,-0.26587557929559535,-4.727461178894673,0.0860668760335329,70.29792656877474,49.93254220282364,93.55958941678489
fukami_d16_noBN,fukami,16,test_b,32,z_full,wake_enstrophy,42,0.275994334970731,-0.14623321348484053,0.4925024668697746,70.94630480626117,59.327269663984005,82.24453778938242
fukami_d16_noBN,fukami,16,test_b,64,z_full,wake_enstrophy,42,0.30572560217521394,0.04630603689369583,0.41542690669865384,53.630949327124306,40.45445408566306,68.27665904542815
fukami_d16_noBN,fukami,16,test_b,1,z_full,circulation_pos,42,0.034422337274977344,-0.9178369698331302,0.3650189636080327,1.2718056624073735,0.978914227135364,1.621347892705883
fukami_d16_noBN,fukami,16,test_b,4,z_full,circulation_pos,42,0.07822002741521172,-0.7532929143099747,0.3216036461219582,1.3732036986137186,1.0848074489621764,1.718105421087768
fukami_d16_noBN,fukami,16,test_b,8,z_full,circulation_pos,42,-0.04333995163478854,-0.7697651515060742,0.11861646223853306,1.6141197374517309,1.2750948115844645,1.9816673065854638
fukami_d16_noBN,fukami,16,test_b,16,z_full,circulation_pos,42,0.26829613843828504,0.026324608255863108,0.588245099354867,1.1263931590770568,0.7710548839498466,1.623167430235383
fukami_d16_noBN,fukami,16,test_b,32,z_full,circulation_pos,42,0.4091216076003765,0.0810517001176363,0.62658423634933,1.3679028799974837,1.075660136835181,1.687042575133018
fukami_d16_noBN,fukami,16,test_b,64,z_full,circulation_pos,42,0.2038140063351519,-0.0058360415945792644,0.33465341145580824,1.455592417989443,1.0707668484662485,1.9302310557494633
fukami_d16_noBN,fukami,16,test_b,1,z_full,circulation_neg,42,0.18901494552594278,-1.3325263442834512,0.3643627569096039,2.0295514400199743,1.4931613084348543,2.6351404870274293
fukami_d16_noBN,fukami,16,test_b,4,z_full,circulation_neg,42,0.3173890171807625,-0.31907915993312586,0.37284055436419494,1.81947476062688,1.306011077951643,2.4385316558641073
fukami_d16_noBN,fukami,16,test_b,8,z_full,circulation_neg,42,0.31701673292999055,0.13159057416929995,0.3783849172188123,1.6081103405854007,0.9851078422618147,2.3621788529223444
fukami_d16_noBN,fukami,16,test_b,16,z_full,circulation_neg,42,0.2692694363049887,0.1544630820574724,0.4211224476228883,1.6365019540046795,0.9952751055591709,2.475222280545004
fukami_d16_noBN,fukami,16,test_b,32,z_full,circulation_neg,42,0.1355200423136924,-0.16455562303126528,0.28835831502475917,1.659047975121468,1.2120072553226835,2.15584327511326
fukami_d16_noBN,fukami,16,test_b,64,z_full,circulation_neg,42,0.14461249119164965,-0.03042482690226979,0.29477923331657946,1.636385725531807,1.1228893902591701,2.2490823208543147
fukami_d16_noBN,fukami,16,test_c,1,z_dns,C_L,24,-1.1885074298364886,-2.9791185118729544,-0.46464529732061005,3.06509830853843,2.5258587198201443,3.5931500967389196
fukami_d16_noBN,fukami,16,test_c,4,z_dns,C_L,24,0.4607248289079082,-0.0879379060420008,0.7186940457706539,1.580400680956332,1.0938228392550953,2.1316712074258617
fukami_d16_noBN,fukami,16,test_c,8,z_dns,C_L,24,0.7538017086199897,0.3501279770417883,0.9135377898347388,1.3297722826109828,0.8698597245464808,1.8894968531592153
fukami_d16_noBN,fukami,16,test_c,16,z_dns,C_L,24,0.5907586741757032,0.38312453235581023,0.7377289764206458,2.087362775059224,1.3680975011661398,2.96379746427735
fukami_d16_noBN,fukami,16,test_c,32,z_dns,C_L,24,-2.7180205636540293,-7.24781138529012,-1.1282226584389328,1.0475038438286493,0.7250924543612176,1.367940290228305
fukami_d16_noBN,fukami,16,test_c,64,z_dns,C_L,24,-0.9391384306891664,-3.2942210293245315,-0.06620862909003276,0.40977178850315993,0.2976085007035144,0.5282092504381618
fukami_d16_noBN,fukami,16,test_c,1,z_dns,C_D,24,-17.191535086187578,-42.680588833275365,-8.806971526851589,1.143728650585532,0.8815938533530746,1.4226001232403052
fukami_d16_noBN,fukami,16,test_c,4,z_dns,C_D,24,-21.15606971766064,-43.539203429784884,-11.532725829777243,1.0880980553180835,0.7560095424759932,1.4452726591149518
fukami_d16_noBN,fukami,16,test_c,8,z_dns,C_D,24,-10.26997254521012,-18.73856406222191,-5.912711328984511,0.8765294503632314,0.5723994709853931,1.2065215375277873
fukami_d16_noBN,fukami,16,test_c,16,z_dns,C_D,24,-0.7361833702263756,-2.3433595558057116,0.34557282357410385,0.48057467800796133,0.27671771264001627,0.7402867522080525
fukami_d16_noBN,fukami,16,test_c,32,z_dns,C_D,24,-4.870706412692461,-11.161609617284812,-2.2722893375001587,0.21638437059450877,0.15906431556923875,0.2746978424316898
fukami_d16_noBN,fukami,16,test_c,64,z_dns,C_D,24,-0.9977570389778212,-3.3947764123930715,-0.17163702015690857,0.0654479494066288,0.04605238212889698,0.08612409406499866
fukami_d16_noBN,fukami,16,test_c,1,z_dns,I_y,24,-0.758595352204575,-2.1703151539346672,0.10706047471134741,2.13314266037261,1.4295402068962522,2.942148207493495
fukami_d16_noBN,fukami,16,test_c,4,z_dns,I_y,24,-3.3161880429791832,-6.751925864598566,-1.4990583098777588,3.115920965896016,2.2503149607427013,4.113675842939862
fukami_d16_noBN,fukami,16,test_c,8,z_dns,I_y,24,-7.405455855132075,-16.41153434448577,-3.684396006820966,3.635810634597135,2.708594801320996,4.620394440566526
fukami_d16_noBN,fukami,16,test_c,16,z_dns,I_y,24,-4.29224043685813,-14.520080896183122,-1.5758498477449625,2.513090819101122,1.8133394788865012,3.238461302508425
fukami_d16_noBN,fukami,16,test_c,32,z_dns,I_y,24,-1.0711286306925794,-3.1166836935813507,-0.34663941572196694,1.5139655819751752,1.049638256424816,2.045990446298159
fukami_d16_noBN,fukami,16,test_c,64,z_dns,I_y,24,0.010616260398503274,-0.23891531679308384,0.039722428022180935,3.484619576722766,1.9115945187661092,5.292157366834601
fukami_d16_noBN,fukami,16,test_c,1,z_dns,wake_enstrophy,24,-2.028153664907868,-5.668153604663816,-0.5769306767884673,102.65681940439288,76.90136648736116,131.18420793725568
fukami_d16_noBN,fukami,16,test_c,4,z_dns,wake_enstrophy,24,-2.3224345554732717,-5.44578425647804,-0.933957886193028,123.56525194590148,81.27671318582209,167.60878021375893
fukami_d16_noBN,fukami,16,test_c,8,z_dns,wake_enstrophy,24,-1.3773219627017075,-2.7778578618216767,-0.5959300423903555,172.75561579450343,113.24439809177268,236.94229091093692
fukami_d16_noBN,fukami,16,test_c,16,z_dns,wake_enstrophy,24,-1.156758646453437,-2.1958860656469943,-0.7047297860680882,241.13740817946996,170.93472786746784,318.1951057261389
fukami_d16_noBN,fukami,16,test_c,32,z_dns,wake_enstrophy,24,-1.534491173897528,-3.409700950434872,-0.7903810139890433,209.95881939450962,147.97696974986093,274.5327562968534
fukami_d16_noBN,fukami,16,test_c,64,z_dns,wake_enstrophy,24,-0.057279952577415694,-0.33039669573973285,0.02165372088665854,87.17494572033866,70.91975453162766,107.11770103494172
fukami_d16_noBN,fukami,16,test_c,1,z_dns,circulation_pos,24,-1.0705705867382092,-3.1465101358058156,-0.08597920591063539,1.531675529219407,1.0856938054292156,1.9888400911650612
fukami_d16_noBN,fukami,16,test_c,4,z_dns,circulation_pos,24,-1.266892326805979,-5.4725863596393625,0.02219378772883671,1.650064119260388,1.1688974061889381,2.1159568039800023
fukami_d16_noBN,fukami,16,test_c,8,z_dns,circulation_pos,24,-2.6406092420558274,-8.738557330680209,-0.6525377759411894,2.462033569703751,1.8542168425262886,3.121130344158479
fukami_d16_noBN,fukami,16,test_c,16,z_dns,circulation_pos,24,-4.025626681858278,-8.314856631512557,-2.1804060796762568,3.019311226772126,1.9263953467877821,4.124972329965717
fukami_d16_noBN,fukami,16,test_c,32,z_dns,circulation_pos,24,-3.3111316377155715,-7.953024909843478,-1.606620247089837,4.6852454762826,3.506638250916143,5.880947224788704
fukami_d16_noBN,fukami,16,test_c,64,z_dns,circulation_pos,24,-0.07974041177234081,-0.5027204925438108,0.032542825739037926,2.630840038958197,2.1697189104185868,3.12184824657875
fukami_d16_noBN,fukami,16,test_c,1,z_dns,circulation_neg,24,-32.92048303035814,-55.39001257554993,-22.841315297107027,3.060384706675842,2.551872187666319,3.5582539805750315
fukami_d16_noBN,fukami,16,test_c,4,z_dns,circulation_neg,24,-15.93147363509743,-30.33630882881052,-9.76750269673954,3.5096018326422205,3.0370793387309676,3.991161050022715
fukami_d16_noBN,fukami,16,test_c,8,z_dns,circulation_neg,24,-6.140006619532288,-12.404904050118073,-3.7222122654173115,4.032983533460073,3.3288724388181765,4.69174020066299
fukami_d16_noBN,fukami,16,test_c,16,z_dns,circulation_neg,24,-3.8338455835334475,-7.786953006785464,-2.2505236154375754,4.046778113915329,3.0212669685366493,5.065962253023796
fukami_d16_noBN,fukami,16,test_c,32,z_dns,circulation_neg,24,-3.8262144103282756,-7.655856234640621,-2.198805333120241,3.8673592280757476,2.7811472953868783,4.974888692506251
fukami_d16_noBN,fukami,16,test_c,64,z_dns,circulation_neg,24,-1.4236598291676712,-2.8666103887512002,-0.8065960312120523,1.8871699334066647,1.3193454473714405,2.537756815794717
fukami_d16_noBN,fukami,16,test_c,1,z_markov,C_L,24,-0.66368067426823,-1.9909241539849618,-0.10872344668858984,2.673131243600537,2.1845944584819295,3.1336031847605867
fukami_d16_noBN,fukami,16,test_c,4,z_markov,C_L,24,0.7474687697740925,0.44863538831413496,0.8852196020391364,1.0902013728975013,0.7615104602365284,1.4700688566632045
fukami_d16_noBN,fukami,16,test_c,8,z_markov,C_L,24,0.1708695907254011,-0.2749621994749968,0.4036565633397483,2.73814398615068,1.9957577984526025,3.479367202746883
fukami_d16_noBN,fukami,16,test_c,16,z_markov,C_L,24,0.49525231636474276,0.31737974931405977,0.6212428654963827,2.4177261041578686,1.5741009516961793,3.3175895138718516
fukami_d16_noBN,fukami,16,test_c,32,z_markov,C_L,24,-53.56412010217326,-122.76179880673865,-26.218399864531666,3.62726522840984,2.224112671205334,5.0500773944270945
fukami_d16_noBN,fukami,16,test_c,64,z_markov,C_L,24,-104.05809773515244,-266.47476784423424,-45.11389970465987,2.597002272342113,1.5968683138846038,3.679689400760398
fukami_d16_noBN,fukami,16,test_c,1,z_markov,C_D,24,-13.182055826295857,-36.377204703187466,-6.545344053329824,1.0209688923351272,0.7947128272981896,1.2486607519200494
fukami_d16_noBN,fukami,16,test_c,4,z_markov,C_D,24,-9.755901426504261,-20.607242365188096,-5.0025200427989445,0.7781209234819139,0.544354004136969,1.0133897535443368
fukami_d16_noBN,fukami,16,test_c,8,z_markov,C_D,24,-4.473581568051309,-8.170396439185504,-1.8875419109068239,0.5683188359889902,0.34483474144877596,0.8247397253876404
fukami_d16_noBN,fukami,16,test_c,16,z_markov,C_D,24,0.07162747803635183,-0.716436410821097,0.5684327393361677,0.3951793994668737,0.2546136570861795,0.5743348302403313
fukami_d16_noBN,fukami,16,test_c,32,z_markov,C_D,24,-55.27918510492816,-122.40788489601,-26.28362114183727,0.5956009941868169,0.37484528569523873,0.8129114987156252
fukami_d16_noBN,fukami,16,test_c,64,z_markov,C_D,24,-109.65809916703797,-288.9517902109408,-54.11037026906936,0.45520048219102227,0.2969983336072997,0.6123282084616412
fukami_d16_noBN,fukami,16,test_c,1,z_markov,I_y,24,-0.5947487323120038,-1.8835726200623493,0.044899505942465875,2.10662038327828,1.4514142477431784,2.7957837454283117
fukami_d16_noBN,fukami,16,test_c,4,z_markov,I_y,24,-0.624232141323128,-1.756441566562172,-0.11517714689073133,1.9572925961686947,1.4421679554195674,2.5009305905249932
fukami_d16_noBN,fukami,16,test_c,8,z_markov,I_y,24,-0.6376705265211955,-2.0382734396856415,-0.10808139254027235,1.5553371725050729,1.1288522043680018,1.9950138149197825
fukami_d16_noBN,fukami,16,test_c,16,z_markov,I_y,24,-0.8726149544135751,-2.913212469634762,-0.10402377681421959,1.380192967545504,0.9247579771384269,1.8813750610968385
fukami_d16_noBN,fukami,16,test_c,32,z_markov,I_y,24,-1.1065868663307703,-2.972827373655222,-0.5926458804547758,1.6033423011817665,1.137629171818914,2.131054666306056
fukami_d16_noBN,fukami,16,test_c,64,z_markov,I_y,24,0.14048379612263495,-0.09773462502631608,0.19843844572339187,3.306425412196495,1.9571424964709414,4.967323617100307
fukami_d16_noBN,fukami,16,test_c,1,z_markov,wake_enstrophy,24,-2.6647708715813376,-7.015218961027097,-0.6819605494217541,105.90711498142177,74.05421560668697,139.91531974018903
fukami_d16_noBN,fukami,16,test_c,4,z_markov,wake_enstrophy,24,-3.4946669425773953,-8.0318307468381,-1.7337262363226285,151.21753657613814,106.81647335267436,199.794326531331
fukami_d16_noBN,fukami,16,test_c,8,z_markov,wake_enstrophy,24,-2.088964050661118,-3.792606654326009,-1.317543802912518,220.9043047622832,162.18863876258305,281.03972989120615
fukami_d16_noBN,fukami,16,test_c,16,z_markov,wake_enstrophy,24,-1.5616087900453306,-2.567990839021814,-1.1509664204177412,272.4916045057276,202.6234065506508,346.0509788433424
fukami_d16_noBN,fukami,16,test_c,32,z_markov,wake_enstrophy,24,-2.1304239527501547,-3.879908722892518,-1.450461822981303,268.2476666289412,218.41757882712687,320.26024124550923
fukami_d16_noBN,fukami,16,test_c,64,z_markov,wake_enstrophy,24,-5.350996179571414,-13.40450443805656,-2.061311288296156,190.55776089395923,131.5350898470502,252.2245385377151
fukami_d16_noBN,fukami,16,test_c,1,z_markov,circulation_pos,24,-1.5614187958412744,-4.312754750232788,-0.29091573194838,1.791841183735076,1.3220820933132735,2.273301545735225
fukami_d16_noBN,fukami,16,test_c,4,z_markov,circulation_pos,24,-2.307849714016521,-8.058763940707877,-0.4814174668888492,2.027531578905056,1.4910559134115422,2.584187489453884
fukami_d16_noBN,fukami,16,test_c,8,z_markov,circulation_pos,24,-4.457565772367396,-12.36843779070222,-1.7029768843446147,3.1723437086710917,2.4935623197307164,3.8242363115893796
fukami_d16_noBN,fukami,16,test_c,16,z_markov,circulation_pos,24,-5.490421217454261,-10.278986034244184,-3.4689858919949077,3.9576925502122626,3.0424816753694626,4.957849821994938
fukami_d16_noBN,fukami,16,test_c,32,z_markov,circulation_pos,24,-3.577391972930875,-7.792716677626527,-2.038100279533212,5.177798203561465,4.13630416854174,6.193477058367599
fukami_d16_noBN,fukami,16,test_c,64,z_markov,circulation_pos,24,-3.941975903894736,-7.632771422182409,-2.2409808143571217,5.1061482022917195,3.7449914862850555,6.549388891693288
fukami_d16_noBN,fukami,16,test_c,1,z_markov,circulation_neg,24,-33.655441853341934,-58.21979714303892,-24.020774693154905,3.178220811981076,2.7083532300011868,3.5929079249240377
fukami_d16_noBN,fukami,16,test_c,4,z_markov,circulation_neg,24,-15.257618992264959,-26.83416579882486,-10.103566619895487,3.338333427439032,2.7601967507902443,3.9092076591627327
fukami_d16_noBN,fukami,16,test_c,8,z_markov,circulation_neg,24,-6.5214465663497645,-12.47076809236367,-3.8301611733135625,3.825520114870075,2.8698885396682208,4.710283583968226
fukami_d16_noBN,fukami,16,test_c,16,z_markov,circulation_neg,24,-4.480024721425938,-8.979962892886903,-2.678433565657796,4.107848772646343,2.943515277471014,5.3071071310335585
fukami_d16_noBN,fukami,16,test_c,32,z_markov,circulation_neg,24,-3.7617030244873497,-7.795189633822784,-2.0909508719355534,3.7326097069052335,2.621423310363989,4.895509054108637
fukami_d16_noBN,fukami,16,test_c,64,z_markov,circulation_neg,24,-1.7903949381146855,-4.545359207942697,-0.8601166121555502,2.412595291398763,2.0321256885381556,2.7937773132642736
fukami_d16_noBN,fukami,16,test_c,1,z_full,C_L,24,-0.3200960556413781,-1.4480064697002824,0.15860532234902128,2.3653366180874147,1.9679098581778447,2.8198939307753585
fukami_d16_noBN,fukami,16,test_c,4,z_full,C_L,24,0.7502301628842001,0.41749965189766247,0.8903209343651393,1.0807259558857696,0.7760675610813601,1.4700163828120214
fukami_d16_noBN,fukami,16,test_c,8,z_full,C_L,24,0.3266518441405639,-0.11770798382187003,0.5604585813515333,2.3635797327861425,1.6772491775127607,3.166859267934023
fukami_d16_noBN,fukami,16,test_c,16,z_full,C_L,24,0.1995775778393506,-0.1168747882644621,0.39060247075712623,2.8911549910710916,1.7696007129858666,4.138111108693833
fukami_d16_noBN,fukami,16,test_c,32,z_full,C_L,24,-19.398915733809396,-42.943608165093856,-9.45244364976046,2.2162041718861185,1.4101299526015425,3.057826313531872
fukami_d16_noBN,fukami,16,test_c,64,z_full,C_L,24,-20.600842393657615,-54.59511131947071,-9.999456226420232,1.2580047733058592,0.8335721373012472,1.687610904692457
fukami_d16_noBN,fukami,16,test_c,1,z_full,C_D,24,-9.706785761352952,-26.040507900518964,-4.628153964099325,0.8974623182405811,0.7257130033667955,1.0961105171431065
fukami_d16_noBN,fukami,16,test_c,4,z_full,C_D,24,-8.724402245565932,-20.069306402075206,-4.417271663571783,0.7484819145246803,0.521678637037822,0.9694442359255426
fukami_d16_noBN,fukami,16,test_c,8,z_full,C_D,24,-6.8585681463669586,-11.906842785361041,-3.7287090297078915,0.6958081656543157,0.4198687678094119,0.9799010936938259
fukami_d16_noBN,fukami,16,test_c,16,z_full,C_D,24,0.03954483443214485,-0.5375893304023693,0.42413095143513224,0.3970524618024884,0.2506190741504605,0.578065463579238
fukami_d16_noBN,fukami,16,test_c,32,z_full,C_D,24,-27.429855499215257,-60.980051097003084,-12.785266413698281,0.4251243152359028,0.275169837151832,0.5869269873798997
fukami_d16_noBN,fukami,16,test_c,64,z_full,C_D,24,-29.15901821565079,-71.97602263238952,-14.004905869586542,0.24047956370927917,0.1549477885799902,0.32623505184216545
fukami_d16_noBN,fukami,16,test_c,1,z_full,I_y,24,-0.25647552605513435,-1.1702592894155721,0.2406840084333146,1.881250050001576,1.2957602078685018,2.506766691269014
fukami_d16_noBN,fukami,16,test_c,4,z_full,I_y,24,-0.7414980813336298,-2.3956806442923777,0.012219677623208254,1.8537462694047722,1.245860688815503,2.5598761721818093
fukami_d16_noBN,fukami,16,test_c,8,z_full,I_y,24,-1.1524939190597188,-3.006770119661706,-0.3256787598097018,1.7628564748858047,1.2386209005457431,2.3054572609710835
fukami_d16_noBN,fukami,16,test_c,16,z_full,I_y,24,-0.6739387334617233,-2.426315651591271,0.00994367421917154,1.3604876531549268,0.9615590684854441,1.7871053203182579
fukami_d16_noBN,fukami,16,test_c,32,z_full,I_y,24,-1.3604203156786498,-4.113359834157787,-0.5864999852526737,1.6792998704912103,1.1584410466445805,2.1775483555515476
fukami_d16_noBN,fukami,16,test_c,64,z_full,I_y,24,-0.06089968731063977,-0.35610610913646895,0.017502536298407253,3.4501450221742083,1.7970948069111072,5.276898466124438
fukami_d16_noBN,fukami,16,test_c,1,z_full,wake_enstrophy,24,-2.481209438381299,-6.23443152284221,-0.8786567905202275,113.39696101719682,87.73723732256214,141.799322604129
fukami_d16_noBN,fukami,16,test_c,4,z_full,wake_enstrophy,24,-2.5898578911404435,-5.878444139945854,-1.2567208676985226,150.91674627034615,119.00481854732703,183.2469695176384
fukami_d16_noBN,fukami,16,test_c,8,z_full,wake_enstrophy,24,-1.6845464481882995,-2.9391022666400883,-1.003038827214954,206.53127209617114,154.90227953800957,258.1612741094848
fukami_d16_noBN,fukami,16,test_c,16,z_full,wake_enstrophy,24,-1.2998201758880157,-2.2852782487122387,-0.889490628612658,250.68120804555724,179.02081213168387,328.9413995225338
fukami_d16_noBN,fukami,16,test_c,32,z_full,wake_enstrophy,24,-1.9579538686564084,-3.625085906254326,-1.4281294910815898,248.5605796820539,190.79186114951165,306.34399365683964
fukami_d16_noBN,fukami,16,test_c,64,z_full,wake_enstrophy,24,-1.5836544603978209,-4.408842705137923,-0.7276011773726958,132.7184527840041,101.96188826522969,163.84762625932444
fukami_d16_noBN,fukami,16,test_c,1,z_full,circulation_pos,24,-0.15177479137121241,-1.7218073862878838,0.5066411166037416,1.1265788488900577,0.7981781977274315,1.5192069893735747
fukami_d16_noBN,fukami,16,test_c,4,z_full,circulation_pos,24,-1.393513214005044,-4.96533981942729,-0.22970135296195632,1.8635787842727647,1.5184287712237623,2.239897292289332
fukami_d16_noBN,fukami,16,test_c,8,z_full,circulation_pos,24,-3.691289153057313,-10.278025502686619,-1.2594878122150586,2.852667008489565,2.1993186751921976,3.5188076286434185
fukami_d16_noBN,fukami,16,test_c,16,z_full,circulation_pos,24,-4.563687434847406,-9.041422190375561,-2.733078908857458,3.4901414750566615,2.530732599065561,4.515125488134753
fukami_d16_noBN,fukami,16,test_c,32,z_full,circulation_pos,24,-3.558914510328851,-7.868797199753581,-2.2893538049042887,5.148808729750276,4.066026415834618,6.176069473542942
fukami_d16_noBN,fukami,16,test_c,64,z_full,circulation_pos,24,-1.05288448200691,-2.0632081191643215,-0.819588024909606,3.592604516798108,2.8831734649803225,4.240909103789201
fukami_d16_noBN,fukami,16,test_c,1,z_full,circulation_neg,24,-44.06628304616552,-75.25888512100968,-31.770614271515292,3.6921168673526723,3.2787633952990607,4.1035211927598825
fukami_d16_noBN,fukami,16,test_c,4,z_full,circulation_neg,24,-16.893331516526,-31.028073554791472,-9.781698349093528,3.3843774201499883,2.671108867184546,4.099070031222069
fukami_d16_noBN,fukami,16,test_c,8,z_full,circulation_neg,24,-3.807002654195876,-7.4881121788551654,-2.09175055453492,3.125583110326191,2.403386817760393,3.815823379907525
fukami_d16_noBN,fukami,16,test_c,16,z_full,circulation_neg,24,-3.682958454171593,-7.308076642773875,-2.1323457353947513,3.8621755956663146,2.8342328128353405,4.881368431979832
fukami_d16_noBN,fukami,16,test_c,32,z_full,circulation_neg,24,-3.7702000409812184,-7.998199138871151,-2.142801861517489,3.8933656386981497,2.8138563359665163,4.962383755100253
fukami_d16_noBN,fukami,16,test_c,64,z_full,circulation_neg,24,-1.1240102708262758,-2.238164764117293,-0.7114308476982016,1.9438327156694761,1.4794871931175047,2.452969117105584
pod_d16_noBN,pod,16,train,1,z_dns,C_L,226,0.16298014443423303,-0.10937827467761736,0.3708856293633999,0.8427952282060963,0.752805173734335,0.9330144850737985
pod_d16_noBN,pod,16,train,4,z_dns,C_L,226,0.5417335872936303,0.3241830429365272,0.6811236093477944,0.8146318118894824,0.7199953990329829,0.9181993209457647
pod_d16_noBN,pod,16,train,8,z_dns,C_L,226,0.7189547706105714,0.6370564722817532,0.7821996748431623,0.9744852011102553,0.8350030033649466,1.1285391260889208
pod_d16_noBN,pod,16,train,16,z_dns,C_L,226,0.8141159044241425,0.7804740734289423,0.8404896449621265,0.9434089748117228,0.7956883767361005,1.102408332393736
pod_d16_noBN,pod,16,train,32,z_dns,C_L,226,0.4967570363583287,0.28206181725366736,0.6548599487859895,0.8008032595012307,0.6858176455194072,0.9268992946533757
pod_d16_noBN,pod,16,train,64,z_dns,C_L,226,-0.8821470151693869,-1.6131055421026388,-0.442656810485539,0.4946540238042441,0.4405864256429723,0.5566043241807087
pod_d16_noBN,pod,16,train,1,z_dns,C_D,226,0.19699732678882675,0.007961364055773731,0.3677291571586355,0.21474141264058474,0.1881046289179204,0.24412704490169002
pod_d16_noBN,pod,16,train,4,z_dns,C_D,226,-0.300962454249879,-0.6075887096884727,-0.05638939381115483,0.19439995560290382,0.16773169914217467,0.22214397751645432
pod_d16_noBN,pod,16,train,8,z_dns,C_D,226,0.4652519610349416,0.30021458446943455,0.5829535913386213,0.2182239663470679,0.18877335984609522,0.24856095498733366
pod_d16_noBN,pod,16,train,16,z_dns,C_D,226,0.7800101218453486,0.7361909431532794,0.8197003895825128,0.21690612225703576,0.18703995839255563,0.24874753408865835
pod_d16_noBN,pod,16,train,32,z_dns,C_D,226,0.532567638646277,0.34832883671295034,0.7063319616128888,0.20070741737752543,0.16712344166935023,0.24012515228718367
pod_d16_noBN,pod,16,train,64,z_dns,C_D,226,-1.5574159603460367,-3.2441050495407366,-0.8254967968295618,0.14453471956744887,0.12746161389968913,0.16288985120755645
pod_d16_noBN,pod,16,train,1,z_dns,I_y,226,-0.19951456741944007,-0.5349030899169979,0.021464699586716988,2.115868906602199,1.8448158476431487,2.387127462876624
pod_d16_noBN,pod,16,train,4,z_dns,I_y,226,-0.30858299429641,-0.6319284966018736,-0.11752739732798723,2.1220469912314943,1.8888518308297908,2.3800599551426016
pod_d16_noBN,pod,16,train,8,z_dns,I_y,226,-0.29122606987940336,-0.6016536756587357,-0.09438907850548467,2.045128010762399,1.8366611766924805,2.2790998961225344
pod_d16_noBN,pod,16,train,16,z_dns,I_y,226,0.317944565380915,0.1503239348118723,0.4378837982589865,1.4505749644722266,1.312563261897032,1.6045272188213406
pod_d16_noBN,pod,16,train,32,z_dns,I_y,226,0.2802934631932372,0.10466748452945679,0.4014232497347514,1.4889455198215154,1.312129190252978,1.6676520442416576
pod_d16_noBN,pod,16,train,64,z_dns,I_y,226,0.1661193195201207,0.10989826026545128,0.21249880760816675,3.3876548123003247,2.8158519160976283,4.027132810134601
pod_d16_noBN,pod,16,train,1,z_dns,wake_enstrophy,226,-0.34143732517532754,-0.8489199366034226,-0.051490393741625166,56.73951817124988,50.27011785348001,63.39534430655913
pod_d16_noBN,pod,16,train,4,z_dns,wake_enstrophy,226,-0.5611856023973647,-1.0419120120898826,-0.24452853663767127,65.06689101406724,58.75034859347496,71.98041881821064
pod_d16_noBN,pod,16,train,8,z_dns,wake_enstrophy,226,-0.4939990324860355,-0.8912506269042939,-0.29405428481674933,73.6732115757499,65.65227464155029,82.24723365099922
pod_d16_noBN,pod,16,train,16,z_dns,wake_enstrophy,226,-0.09186107130378018,-0.29243352640488435,0.06782175037692248,76.38903149737469,65.33558820763105,89.07499814436095
pod_d16_noBN,pod,16,train,32,z_dns,wake_enstrophy,226,0.3309194407022329,0.1285812087056106,0.45497732034854255,90.81583590365254,77.8903611762054,104.79749995105364
pod_d16_noBN,pod,16,train,64,z_dns,wake_enstrophy,226,0.22115008795622293,0.028870682348485808,0.43986749345677556,52.18647799047023,42.67299896124647,63.39832759976658
pod_d16_noBN,pod,16,train,1,z_dns,circulation_pos,226,-0.9054784623829149,-1.8563287359731657,-0.39541390334815574,1.4995720665759045,1.3430819213883025,1.6668302297927506
pod_d16_noBN,pod,16,train,4,z_dns,circulation_pos,226,-0.4807409937104854,-1.1633398350735034,-0.10982507226886253,1.525509801279268,1.3734493286675344,1.6837050623656287
pod_d16_noBN,pod,16,train,8,z_dns,circulation_pos,226,-0.0752259580205965,-0.4418186181600941,0.13409282288538904,1.5497445226853854,1.3958553412987138,1.6979036564259367
pod_d16_noBN,pod,16,train,16,z_dns,circulation_pos,226,0.17436967342997767,-0.026876253350005815,0.32867613552117864,1.5430648196860093,1.321647000308484,1.7641210282979443
pod_d16_noBN,pod,16,train,32,z_dns,circulation_pos,226,0.4333930972929314,0.2233652194939808,0.5735786903195443,1.6392223181536756,1.4102653039891553,1.8844768970261085
pod_d16_noBN,pod,16,train,64,z_dns,circulation_pos,226,0.14913241470706862,0.012458193553083577,0.29780720272673994,1.4988572282419443,1.2586312091886607,1.7589695256672002
pod_d16_noBN,pod,16,train,1,z_dns,circulation_neg,226,-0.29425240941567155,-1.0385560909653835,0.07464322055980202,1.289294471010796,1.1453316940492018,1.4394309377960561
pod_d16_noBN,pod,16,train,4,z_dns,circulation_neg,226,-0.18974283299492245,-0.7927294488361373,0.147936120651004,1.3240934611647055,1.1830243857524088,1.472207698392187
pod_d16_noBN,pod,16,train,8,z_dns,circulation_neg,226,-0.07177357803713713,-0.4754445118186717,0.1867336789694057,1.4042399105671002,1.2545293608550838,1.5686213431849245
pod_d16_noBN,pod,16,train,16,z_dns,circulation_neg,226,-0.01235331696549924,-0.278265031569784,0.18166892462004156,1.5501740654054983,1.3583253442715972,1.7726273918861013
pod_d16_noBN,pod,16,train,32,z_dns,circulation_neg,226,0.2794415348192274,0.12873463031361826,0.40210098856681137,1.5960453922991173,1.3689336218105752,1.8299858598587169
pod_d16_noBN,pod,16,train,64,z_dns,circulation_neg,226,0.26624573795264594,0.14304247429482522,0.378860144262869,1.4728803327110145,1.257038104877972,1.7015771150065104
pod_d16_noBN,pod,16,train,1,z_markov,C_L,226,0.1690372584949873,-0.10900048115483994,0.36156913180112177,0.8483145769740367,0.7584986928693715,0.9409829833334183
pod_d16_noBN,pod,16,train,4,z_markov,C_L,226,0.5586620432086109,0.3516274108953679,0.6980477801460064,0.8161242955075382,0.7291089936227837,0.9165956074092952
pod_d16_noBN,pod,16,train,8,z_markov,C_L,226,0.6952613267242862,0.6166001777049904,0.7546795287610601,1.0072446391526368,0.8584901958136563,1.1663008774730033
pod_d16_noBN,pod,16,train,16,z_markov,C_L,226,0.7078192742787555,0.6767181800312151,0.7367489680431935,1.116092663350973,0.9219334478071641,1.3074849023634105
pod_d16_noBN,pod,16,train,32,z_markov,C_L,226,0.49031530026144077,0.40634449518763777,0.5792801501501859,0.7545167382638971,0.6335800454617675,0.886617183188065
pod_d16_noBN,pod,16,train,64,z_markov,C_L,226,-3.457093285437554,-6.378299947109063,-1.7200096288449531,0.7124781561118735,0.619097444421107,0.8121050799566505
pod_d16_noBN,pod,16,train,1,z_markov,C_D,226,0.19430602195937952,-0.00585738579413361,0.35920838822340057,0.21782898859149089,0.19175108495373244,0.24600955216462947
pod_d16_noBN,pod,16,train,4,z_markov,C_D,226,-0.2853517623670254,-0.6261336744769318,-0.03878435454649943,0.1965092377512578,0.17212428445432995,0.22434802952607488
pod_d16_noBN,pod,16,train,8,z_markov,C_D,226,0.4486850217762621,0.29193252698032296,0.561935962987793,0.21500648196942443,0.1838429584319786,0.24787860353270813
pod_d16_noBN,pod,16,train,16,z_markov,C_D,226,0.6606663690782617,0.6278197330318226,0.6887254607313129,0.2600586532296585,0.22274693605187348,0.30127175270962564
pod_d16_noBN,pod,16,train,32,z_markov,C_D,226,0.46600101236121183,0.39234140995644273,0.558598646740525,0.20400730104514966,0.16540066319877383,0.2470409353317199
pod_d16_noBN,pod,16,train,64,z_markov,C_D,226,-2.4797903339643925,-5.707942101982528,-0.75850483910145,0.16131020836600268,0.14071411730338926,0.1817821150177254
pod_d16_noBN,pod,16,train,1,z_markov,I_y,226,-0.19178607770713252,-0.4929444127273505,0.017159379871728907,2.10713588522377,1.8363405411205291,2.3768290757505195
pod_d16_noBN,pod,16,train,4,z_markov,I_y,226,-0.2651646289101115,-0.5636329459301023,-0.0718821116892227,2.0798127146890426,1.838285544917009,2.3445588472682966
pod_d16_noBN,pod,16,train,8,z_markov,I_y,226,-0.3150198554621355,-0.5911119827668802,-0.12332542648915708,2.100192441238161,1.896123953086756,2.323679153307942
pod_d16_noBN,pod,16,train,16,z_markov,I_y,226,0.2190977872749441,0.06807332803404213,0.3303352708417207,1.5332492734349998,1.387033232028143,1.6973237269052268
pod_d16_noBN,pod,16,train,32,z_markov,I_y,226,0.1012665530701673,-0.029557300466591906,0.2065504243395369,1.6093166379345025,1.3988614132640098,1.8224280600723708
pod_d16_noBN,pod,16,train,64,z_markov,I_y,226,0.15610230588946805,0.12050639699758349,0.18362730209181996,3.4732496559204997,2.858817101588468,4.116343436742948
pod_d16_noBN,pod,16,train,1,z_markov,wake_enstrophy,226,-0.35042698239373604,-0.8525943564495805,-0.059456199894555514,57.64045741780832,51.2530629244828,64.08787369341411
pod_d16_noBN,pod,16,train,4,z_markov,wake_enstrophy,226,-0.548919651083883,-0.9894450415347554,-0.25240365328902264,65.30399836922274,59.318568739282604,72.2416153077911
pod_d16_noBN,pod,16,train,8,z_markov,wake_enstrophy,226,-0.4324581606458404,-0.8162128700511802,-0.22232018063795506,72.80485145973532,64.78086408615683,81.19014675921053
pod_d16_noBN,pod,16,train,16,z_markov,wake_enstrophy,226,-0.05198814262053175,-0.20964480018881737,0.06092750365322976,74.30411432406605,63.528426805201946,86.358895024803
pod_d16_noBN,pod,16,train,32,z_markov,wake_enstrophy,226,0.2900261764927581,0.1659971568759984,0.38981984834888345,89.47485623460639,74.54779793097896,105.33779857051648
pod_d16_noBN,pod,16,train,64,z_markov,wake_enstrophy,226,0.11261503525521166,-0.34877202175910144,0.3688122077521149,64.97368450488365,55.80204350526861,75.67254883966763
pod_d16_noBN,pod,16,train,1,z_markov,circulation_pos,226,-0.9016272003015948,-1.8569271455359184,-0.35816471133634625,1.5116842892189248,1.348953956455858,1.6810110293598726
pod_d16_noBN,pod,16,train,4,z_markov,circulation_pos,226,-0.45010892634190003,-1.1242051332722387,-0.07308540866175545,1.5188399596668694,1.3639209398293852,1.6750207651473161
pod_d16_noBN,pod,16,train,8,z_markov,circulation_pos,226,-0.040105944635430824,-0.39014713146828855,0.1642198924686755,1.5134894575141078,1.3560436404398297,1.6865317628374328
pod_d16_noBN,pod,16,train,16,z_markov,circulation_pos,226,0.18760576035674048,0.024962681226770252,0.32027731158857237,1.4858290090792872,1.274001071416948,1.7215806533523874
pod_d16_noBN,pod,16,train,32,z_markov,circulation_pos,226,0.3674059550675923,0.22441751486399808,0.4871639521492754,1.6662587299617782,1.4179420036789978,1.9426816176715949
pod_d16_noBN,pod,16,train,64,z_markov,circulation_pos,226,0.25143438899476256,0.024844023304061498,0.4177420178797394,1.6021107248219395,1.3990283030340922,1.8165455166241742
pod_d16_noBN,pod,16,train,1,z_markov,circulation_neg,226,-0.3244149086143915,-1.1035360024461756,0.05658405836702169,1.3149489639092282,1.1691096714646536,1.458832310632282
pod_d16_noBN,pod,16,train,4,z_markov,circulation_neg,226,-0.21304012833018326,-0.8495731661123667,0.14245814501989598,1.3441323448823979,1.201485214788511,1.4943280833702104
pod_d16_noBN,pod,16,train,8,z_markov,circulation_neg,226,-0.022814348676800877,-0.41778025808369706,0.20187371050430858,1.3705907108651345,1.2137945954081641,1.5281214728132033
pod_d16_noBN,pod,16,train,16,z_markov,circulation_neg,226,0.033101686244555006,-0.15934249743447507,0.19296715194513692,1.5122035849113618,1.3164111124887974,1.7228228294544952
pod_d16_noBN,pod,16,train,32,z_markov,circulation_neg,226,0.25788194464882563,0.1424625211631336,0.3688491554962209,1.5836943761920517,1.3498328972761349,1.8336462044144146
pod_d16_noBN,pod,16,train,64,z_markov,circulation_neg,226,0.19439315355973075,0.03399899595452325,0.3409240545468308,1.5869994259234341,1.3504783018137774,1.8373222947949206
pod_d16_noBN,pod,16,train,1,z_full,C_L,226,0.17230973725995258,-0.101276778275491,0.38115905757626767,0.8398775959079249,0.747995687880151,0.9381244168558364
pod_d16_noBN,pod,16,train,4,z_full,C_L,226,0.5280553219018427,0.2918873238201765,0.6612045186568503,0.8294330841317213,0.7301987753322409,0.9347989713686794
pod_d16_noBN,pod,16,train,8,z_full,C_L,226,0.7076901608118311,0.6223689517236435,0.7730809198316451,0.9848036818157502,0.8477701640032624,1.1331900016888679
pod_d16_noBN,pod,16,train,16,z_full,C_L,226,0.8013417970061619,0.7696238247373837,0.8261873558181126,0.9681435480866428,0.8220813219150159,1.13510255165897
pod_d16_noBN,pod,16,train,32,z_full,C_L,226,0.5693900587092429,0.428873596584692,0.6675387254978128,0.7474258660628064,0.6387722942864706,0.8672278717864923
pod_d16_noBN,pod,16,train,64,z_full,C_L,226,-1.0067092469394834,-1.7031318680758976,-0.455180782740413,0.48059530728553546,0.4211800811058083,0.5550245899761777
pod_d16_noBN,pod,16,train,1,z_full,C_D,226,0.19441459195412858,-0.013386658439803975,0.3735319159855559,0.21555259349666736,0.18776685067215884,0.2440597961308945
pod_d16_noBN,pod,16,train,4,z_full,C_D,226,-0.3238945509054201,-0.6599960391169192,-0.07910491150694114,0.19741704710688715,0.17096623130805114,0.22727854137357176
pod_d16_noBN,pod,16,train,8,z_full,C_D,226,0.44791168352378474,0.2858629766544133,0.5646023420653837,0.2190901139631055,0.1897292771568127,0.25095955804083175
pod_d16_noBN,pod,16,train,16,z_full,C_D,226,0.7623306071123256,0.7159203278106041,0.8036975467204177,0.22328707647991328,0.193498309890938,0.256124874329816
pod_d16_noBN,pod,16,train,32,z_full,C_D,226,0.6119346892071666,0.5148926535252198,0.7129159240397243,0.18931547217889133,0.1585692767968614,0.22758605247514854
pod_d16_noBN,pod,16,train,64,z_full,C_D,226,-1.2964483405215548,-2.6259043518016427,-0.7749814580417728,0.1395840141752075,0.12481323577831656,0.15575533197979513
pod_d16_noBN,pod,16,train,1,z_full,I_y,226,-0.2067614414217791,-0.5721763082343265,0.01027619323855176,2.1176934260898057,1.851730898137663,2.41565047241633
pod_d16_noBN,pod,16,train,4,z_full,I_y,226,-0.30298986710116593,-0.6061542707496342,-0.10439155517751356,2.1246976243099986,1.8867177556625452,2.3903849275037232
pod_d16_noBN,pod,16,train,8,z_full,I_y,226,-0.29608724626553795,-0.5884569544291214,-0.09580897143619749,2.0584320340563727,1.8490865786845987,2.289811056618468
pod_d16_noBN,pod,16,train,16,z_full,I_y,226,0.30228224614613464,0.12525338419953103,0.43149332529217477,1.4613111552249363,1.3149177774396124,1.6119233849339032
pod_d16_noBN,pod,16,train,32,z_full,I_y,226,0.2080017677471011,0.0665675282086934,0.3195032089439923,1.5566813724987627,1.3579816651667087,1.7488678537529478
pod_d16_noBN,pod,16,train,64,z_full,I_y,226,0.10788984993423856,0.042961509896789984,0.157257379701517,3.517813641113174,2.9186932634930223,4.155268020438557
pod_d16_noBN,pod,16,train,1,z_full,wake_enstrophy,226,-0.33053317011512773,-0.8259114150597286,-0.033854919375069556,56.62426212505456,50.19223693291731,62.920563594567156
pod_d16_noBN,pod,16,train,4,z_full,wake_enstrophy,226,-0.5448570165614921,-1.016016899232739,-0.2349595516938753,64.67236619020626,58.11389561941361,71.63036706524372
pod_d16_noBN,pod,16,train,8,z_full,wake_enstrophy,226,-0.48233808659542565,-0.8552113073277463,-0.28619659121522356,73.2468552256744,64.97680733065026,81.67204984777752
pod_d16_noBN,pod,16,train,16,z_full,wake_enstrophy,226,-0.09066907039165795,-0.2724357187337001,0.07113572637744713,75.95871517508364,65.4028011659802,88.16482789031743
pod_d16_noBN,pod,16,train,32,z_full,wake_enstrophy,226,0.3317645398943502,0.15993106688116188,0.44335731574923026,89.89573014312059,76.43355636850534,104.43874705093428
pod_d16_noBN,pod,16,train,64,z_full,wake_enstrophy,226,0.20845646821930952,0.0841151782019627,0.346038899640189,54.293443216729315,44.79943780200315,65.2574670478761
pod_d16_noBN,pod,16,train,1,z_full,circulation_pos,226,-0.8943368660329296,-1.8023722445608192,-0.35946224960288375,1.495633200031362,1.3323665915660887,1.658113520788482
pod_d16_noBN,pod,16,train,4,z_full,circulation_pos,226,-0.46635217397160833,-1.1025683080789148,-0.09540864874708277,1.5137224122869801,1.3572175517155476,1.6652390551667486
pod_d16_noBN,pod,16,train,8,z_full,circulation_pos,226,-0.06906974059759508,-0.41752218547664494,0.1385433986992748,1.5381146919778852,1.3888975753864468,1.6996505456892583
pod_d16_noBN,pod,16,train,16,z_full,circulation_pos,226,0.17521690020216507,-0.015054299648118566,0.32908196545397267,1.5342407393194237,1.3245115006576682,1.7623914210891116
pod_d16_noBN,pod,16,train,32,z_full,circulation_pos,226,0.4486030989412717,0.2821933169394709,0.5731773086275963,1.6243443800281439,1.3986469655997105,1.8575204447904774
pod_d16_noBN,pod,16,train,64,z_full,circulation_pos,226,0.060875154282614696,-0.03313100902172916,0.162308156331843,1.5884076075817304,1.3350074486398342,1.8720214482674462
pod_d16_noBN,pod,16,train,1,z_full,circulation_neg,226,-0.2831826372377788,-1.0360982072383706,0.087920111651149,1.285017525326556,1.1463326381683179,1.4265974834833959
pod_d16_noBN,pod,16,train,4,z_full,circulation_neg,226,-0.1747227829763125,-0.8340957900060738,0.17218462346141022,1.313060080276053,1.166573970991967,1.4640114773189452
pod_d16_noBN,pod,16,train,8,z_full,circulation_neg,226,-0.06157461331818204,-0.4701763502240214,0.17753351387309127,1.3974254788301885,1.2452860365732514,1.546184631318283
pod_d16_noBN,pod,16,train,16,z_full,circulation_neg,226,-0.013846044220012343,-0.27382253143044444,0.1797177132830189,1.5460759152844994,1.3399646416570754,1.7580419050762193
pod_d16_noBN,pod,16,train,32,z_full,circulation_neg,226,0.2793231846793657,0.14992029101855542,0.39722698415099333,1.6086774639306398,1.397799462987146,1.8335301767499887
pod_d16_noBN,pod,16,train,64,z_full,circulation_neg,226,0.3305490429323299,0.2453677525621453,0.40873281024947405,1.4236650189843392,1.2007354361864029,1.6550503521805435
pod_d16_noBN,pod,16,test_a,1,z_dns,C_L,86,nan,-0.2732684035393005,0.519204154992088,nan,0.8117124902201018,1.0890523720462217
pod_d16_noBN,pod,16,test_a,4,z_dns,C_L,86,nan,0.05843668626424371,0.7356033887786358,nan,0.7462716977770946,1.0434495952983793
pod_d16_noBN,pod,16,test_a,8,z_dns,C_L,86,nan,0.5325348930079009,0.8054001145069302,nan,0.7732967201803878,1.2490938737035109
pod_d16_noBN,pod,16,test_a,16,z_dns,C_L,86,nan,0.7514810066284401,0.8543817317293417,nan,0.6512849627936859,1.1318216902549434
pod_d16_noBN,pod,16,test_a,32,z_dns,C_L,86,nan,-0.239392567093789,0.7785469446565244,nan,0.6549495506405977,1.0775682701805027
pod_d16_noBN,pod,16,test_a,64,z_dns,C_L,86,nan,-2.68732058151078,-0.43833958520249094,nan,0.5027896090606438,0.712095631858394
pod_d16_noBN,pod,16,test_a,1,z_dns,C_D,86,nan,-0.03470473397486219,0.4424829931393837,nan,0.20236314288294863,0.2870628594899269
pod_d16_noBN,pod,16,test_a,4,z_dns,C_D,86,nan,-0.8015813148412287,0.025933096968307406,nan,0.18613281493490014,0.27319296122054954
pod_d16_noBN,pod,16,test_a,8,z_dns,C_D,86,nan,0.10657253314577433,0.6059710092753074,nan,0.16955826378516922,0.2639292945964674
pod_d16_noBN,pod,16,test_a,16,z_dns,C_D,86,nan,0.7044109722329104,0.8389063061522076,nan,0.16168984729517002,0.2484859280786616
pod_d16_noBN,pod,16,test_a,32,z_dns,C_D,86,nan,0.15723467067006106,0.7384824631168255,nan,0.15199121437609217,0.2929867177575636
pod_d16_noBN,pod,16,test_a,64,z_dns,C_D,86,nan,-4.124735762614057,0.11105497709214923,nan,0.1233698990969225,0.1989599045131782
pod_d16_noBN,pod,16,test_a,1,z_dns,I_y,86,-0.34501877618468146,-0.8192121431934541,-0.03368502677159818,2.2489325316200595,1.8708609895850907,2.666857992481225
pod_d16_noBN,pod,16,test_a,4,z_dns,I_y,86,-0.4340162371313423,-0.7627024896953638,-0.2238871433767289,2.326035113522288,1.9702627285876855,2.714739030069104
pod_d16_noBN,pod,16,test_a,8,z_dns,I_y,86,-0.1630546912801507,-0.43632496962701056,0.01511646756795892,2.128083181698884,1.7985237578317022,2.468545240864474
pod_d16_noBN,pod,16,test_a,16,z_dns,I_y,86,0.206421404729893,-0.01305213069142541,0.35156992066141773,1.6731042186197642,1.375560328387362,1.9953055868422334
pod_d16_noBN,pod,16,test_a,32,z_dns,I_y,86,0.10951442674800205,-0.3074471204075991,0.3341065612551943,1.7662076714139083,1.470494511039881,2.0841397780458433
pod_d16_noBN,pod,16,test_a,64,z_dns,I_y,86,0.1270919980418428,0.0036674029340647155,0.2261565681015358,3.263747497894389,2.441447842873118,4.196630295348014
pod_d16_noBN,pod,16,test_a,1,z_dns,wake_enstrophy,86,-0.03427067172766196,-0.5847322927073993,0.08197461044257122,72.53052124506226,55.62806905048089,97.09582073719706
pod_d16_noBN,pod,16,test_a,4,z_dns,wake_enstrophy,86,-0.20591805032013966,-0.6401020914091841,-0.052219581628049704,75.4369678909341,59.861796836932875,94.27958260780616
pod_d16_noBN,pod,16,test_a,8,z_dns,wake_enstrophy,86,-0.22926304272453724,-0.8030797237924321,-0.10778571001748137,80.93583499961483,64.34648329415803,101.977759527111
pod_d16_noBN,pod,16,test_a,16,z_dns,wake_enstrophy,86,-0.1702028491952965,-0.5147696827251537,0.03986993010582816,88.41614983418894,67.8368739641588,114.34216229869276
pod_d16_noBN,pod,16,test_a,32,z_dns,wake_enstrophy,86,0.19175224726558004,-0.19943270915988107,0.36951958193453105,106.3207989188074,79.40898068513661,139.6121401378881
pod_d16_noBN,pod,16,test_a,64,z_dns,wake_enstrophy,86,0.3374825383726451,-0.04872067177483713,0.43089438252899054,57.141794711969304,40.53587580470026,77.66525942019594
pod_d16_noBN,pod,16,test_a,1,z_dns,circulation_pos,86,-0.4200388597102771,-1.8814735784627838,0.0030246079792719577,1.912598023937627,1.5884544541870842,2.236101172159118
pod_d16_noBN,pod,16,test_a,4,z_dns,circulation_pos,86,-0.28318702413710417,-1.2587855323025217,0.03484545781283741,1.9340079803721557,1.6143016144601912,2.2742277595057785
pod_d16_noBN,pod,16,test_a,8,z_dns,circulation_pos,86,-0.05432644042610835,-0.6432682582290494,0.1387925036849859,1.9245761785733977,1.5939067473130448,2.2698429934802475
pod_d16_noBN,pod,16,test_a,16,z_dns,circulation_pos,86,0.003066464851491757,-0.3016230167497614,0.18957598470301107,1.9217138285501343,1.5079940209035299,2.402342298926946
pod_d16_noBN,pod,16,test_a,32,z_dns,circulation_pos,86,0.3309395112807898,0.049421973547090416,0.4723576218702609,1.981646446994533,1.5253659199019083,2.482533835015815
pod_d16_noBN,pod,16,test_a,64,z_dns,circulation_pos,86,0.2048247116878268,-0.02828899302855224,0.28593613524269784,1.559918880523368,1.1306801779637714,2.044937252596878
pod_d16_noBN,pod,16,test_a,1,z_dns,circulation_neg,86,-0.5145894536450486,-1.5421406816574301,-0.08107240039575132,1.835952165071325,1.518553663050873,2.200762619872471
pod_d16_noBN,pod,16,test_a,4,z_dns,circulation_neg,86,-0.45181683448709986,-1.1578917294687898,-0.03359901265966909,1.7884646829871094,1.463126314958211,2.161900205040597
pod_d16_noBN,pod,16,test_a,8,z_dns,circulation_neg,86,-0.316572114403852,-0.9707406704212749,0.04396040697742239,1.8357325997629608,1.5051990169644116,2.1956314736506517
pod_d16_noBN,pod,16,test_a,16,z_dns,circulation_neg,86,-0.21553642161988806,-0.5822482466768042,0.0698360933438066,1.9539263097603778,1.5699411072505287,2.384171442236494
pod_d16_noBN,pod,16,test_a,32,z_dns,circulation_neg,86,0.09346655205278387,-0.10406249409228248,0.2641435164988699,1.9066130962414503,1.4803501474158962,2.377287973564327
pod_d16_noBN,pod,16,test_a,64,z_dns,circulation_neg,86,0.34014547384468274,0.016956193576637028,0.4657527217607042,1.5215496853272994,1.1610231346993076,1.9535820891957496
pod_d16_noBN,pod,16,test_a,1,z_markov,C_L,86,nan,-0.2405099177151794,0.5428848457100952,nan,0.7925922446786903,1.0707800682130368
pod_d16_noBN,pod,16,test_a,4,z_markov,C_L,86,nan,0.15037425019320114,0.7544632622863987,nan,0.6833803369507372,0.9900633869699533
pod_d16_noBN,pod,16,test_a,8,z_markov,C_L,86,nan,0.5721516944031075,0.7999882992873172,nan,0.7863411116701586,1.2017133033190357
pod_d16_noBN,pod,16,test_a,16,z_markov,C_L,86,nan,0.6065431556623863,0.7214636023798813,nan,0.8027142921808559,1.3722572668905886
pod_d16_noBN,pod,16,test_a,32,z_markov,C_L,86,nan,-0.2106644731508488,0.4691860826541239,nan,0.717038697702116,1.1652886695973774
pod_d16_noBN,pod,16,test_a,64,z_markov,C_L,86,nan,-4.864610485874148,0.23649895134496865,nan,0.4693840130042083,0.722069531130044
pod_d16_noBN,pod,16,test_a,1,z_markov,C_D,86,nan,-0.02938841681443677,0.4389922088602097,nan,0.20701357860978722,0.2963764118290769
pod_d16_noBN,pod,16,test_a,4,z_markov,C_D,86,nan,-0.737221087759893,0.02791832356118773,nan,0.19178583730065588,0.26937806370983103
pod_d16_noBN,pod,16,test_a,8,z_markov,C_D,86,nan,0.22685528846607914,0.6596770600376385,nan,0.1519102653005939,0.24479946316241755
pod_d16_noBN,pod,16,test_a,16,z_markov,C_D,86,nan,0.5409169258780382,0.673324760292523,nan,0.19382035483832102,0.3309973499256703
pod_d16_noBN,pod,16,test_a,32,z_markov,C_D,86,nan,0.13268296707916716,0.48311290926273703,nan,0.17115702512483114,0.28453412179809323
pod_d16_noBN,pod,16,test_a,64,z_markov,C_D,86,nan,-3.929657350304649,0.24313695819157774,nan,0.11990744123417864,0.17269824108477524
pod_d16_noBN,pod,16,test_a,1,z_markov,I_y,86,-0.3048285082038207,-0.7374031180372059,-0.02568967997319404,2.2339918866366033,1.8910968528371974,2.640935187278095
pod_d16_noBN,pod,16,test_a,4,z_markov,I_y,86,-0.3144729319822326,-0.581497769021212,-0.132226421748971,2.2272669038068145,1.8673358317972655,2.61471705746486
pod_d16_noBN,pod,16,test_a,8,z_markov,I_y,86,-0.1559816665682483,-0.4231142670822558,0.056097432800912665,2.0648048493384348,1.7506793951014195,2.4377420987617313
pod_d16_noBN,pod,16,test_a,16,z_markov,I_y,86,0.19146571122766154,-0.02396461025069801,0.33786639036724697,1.6371133677404541,1.3448681159327462,1.9745630776708836
pod_d16_noBN,pod,16,test_a,32,z_markov,I_y,86,0.0023215888438877785,-0.2066182184738069,0.1880092288662568,1.6717398763045797,1.329245567593507,2.0598808415293814
pod_d16_noBN,pod,16,test_a,64,z_markov,I_y,86,0.13546253850622847,0.029127845482377904,0.22592582040947598,3.2789083999499917,2.4583504108222103,4.234419543512983
pod_d16_noBN,pod,16,test_a,1,z_markov,wake_enstrophy,86,-0.028195760640187695,-0.586259930323388,0.07536560974695815,72.00672605023128,54.57392086394916,95.76999573628227
pod_d16_noBN,pod,16,test_a,4,z_markov,wake_enstrophy,86,-0.16051681161619524,-0.5906026850961222,-0.02714049444234728,73.8826144167401,59.586731877239146,91.77523532575675
pod_d16_noBN,pod,16,test_a,8,z_markov,wake_enstrophy,86,-0.20741033956916488,-0.675668798686821,-0.11689630669198105,76.75181061852786,59.49785704432527,98.94390202185198
pod_d16_noBN,pod,16,test_a,16,z_markov,wake_enstrophy,86,-0.10943512850324,-0.44345021586592415,0.05820592218797928,87.40192366689736,67.32266603578297,109.9052807660028
pod_d16_noBN,pod,16,test_a,32,z_markov,wake_enstrophy,86,0.17972210782006615,-0.0009347175690235055,0.3237921294744751,98.69745288533029,72.01684691514475,135.32607783508954
pod_d16_noBN,pod,16,test_a,64,z_markov,wake_enstrophy,86,0.12866410843639342,-0.9334367079359692,0.34238500262717403,72.05889252344687,53.8682871559889,94.78941620140418
pod_d16_noBN,pod,16,test_a,1,z_markov,circulation_pos,86,-0.40136837131943026,-1.9593318058354603,0.0029822321537768346,1.8982499378612971,1.576090385541183,2.2262794086866564
pod_d16_noBN,pod,16,test_a,4,z_markov,circulation_pos,86,-0.25376503572693787,-1.3089614179872808,0.07189944522449447,1.8789726981970611,1.5498489611523631,2.215728270455866
pod_d16_noBN,pod,16,test_a,8,z_markov,circulation_pos,86,-0.028302064422516704,-0.5624467588259973,0.15895658580194086,1.868527451058943,1.5350393216096025,2.228702012304371
pod_d16_noBN,pod,16,test_a,16,z_markov,circulation_pos,86,0.0030518487606560063,-0.3096169558435577,0.16739415530266744,1.8872168903271422,1.4478330570655806,2.3977338743851107
pod_d16_noBN,pod,16,test_a,32,z_markov,circulation_pos,86,0.25674642030238415,0.01685800677972811,0.3826114359831605,1.9509813682345791,1.4468214554559515,2.4836009882402297
pod_d16_noBN,pod,16,test_a,64,z_markov,circulation_pos,86,0.19105604017760203,-0.4873058706633987,0.39824423276051873,1.7784750351073326,1.370181289285325,2.265634221727381
pod_d16_noBN,pod,16,test_a,1,z_markov,circulation_neg,86,-0.5097023013239101,-1.4274673312233523,-0.08880493874655815,1.8344211648594901,1.5082748331752656,2.1799519254889552
pod_d16_noBN,pod,16,test_a,4,z_markov,circulation_neg,86,-0.4156524062036322,-1.160905667875765,-0.000833617986625296,1.7878599531277555,1.4600487880718211,2.142589841454078
pod_d16_noBN,pod,16,test_a,8,z_markov,circulation_neg,86,-0.24922215751395504,-0.8871806206559609,0.09813782304406654,1.7556693552667049,1.4326793254758148,2.125211212584515
pod_d16_noBN,pod,16,test_a,16,z_markov,circulation_neg,86,-0.1145437520866397,-0.4461441678708444,0.1510609609233248,1.8008794691460386,1.41989524714862,2.2089524117791144
pod_d16_noBN,pod,16,test_a,32,z_markov,circulation_neg,86,0.09731364979707524,-0.07255159042748875,0.3102258747278485,1.8368421232400511,1.4036303935395413,2.347729424113798
pod_d16_noBN,pod,16,test_a,64,z_markov,circulation_neg,86,0.032977912160162326,-0.29367058876579144,0.19498191897445696,1.7593726672315961,1.3189010195695703,2.297437086138998
pod_d16_noBN,pod,16,test_a,1,z_full,C_L,86,nan,-0.2535897800871908,0.5269588887279487,nan,0.7813865877771676,1.0465717217916377
pod_d16_noBN,pod,16,test_a,4,z_full,C_L,86,nan,0.04915407426961538,0.7442204942509768,nan,0.7271614427877019,1.0161798617986646
pod_d16_noBN,pod,16,test_a,8,z_full,C_L,86,nan,0.5339683019621364,0.8059657896359423,nan,0.7962984286269754,1.2335565808233322
pod_d16_noBN,pod,16,test_a,16,z_full,C_L,86,nan,0.7294987595253628,0.8315942353768176,nan,0.642548875252729,1.2110186353089019
pod_d16_noBN,pod,16,test_a,32,z_full,C_L,86,nan,-0.17985929479920457,0.5704139589591863,nan,0.7137925434150398,1.1927047231404246
pod_d16_noBN,pod,16,test_a,64,z_full,C_L,86,nan,-1.6165869128032107,-0.7928327415118813,nan,0.4479533976105074,0.7102710656245886
pod_d16_noBN,pod,16,test_a,1,z_full,C_D,86,nan,-0.05758174707821272,0.44556508007566237,nan,0.20222364414724456,0.2936702308846058
pod_d16_noBN,pod,16,test_a,4,z_full,C_D,86,nan,-0.8200674610677801,0.025359480006827362,nan,0.18024338132351153,0.2716905999786174
pod_d16_noBN,pod,16,test_a,8,z_full,C_D,86,nan,0.1887858978179489,0.648225333176476,nan,0.15930804053225875,0.2588523939185556
pod_d16_noBN,pod,16,test_a,16,z_full,C_D,86,nan,0.6467692711873505,0.8021412494307408,nan,0.17456039178636373,0.2664865564337938
pod_d16_noBN,pod,16,test_a,32,z_full,C_D,86,nan,0.20733210009986458,0.6081550373133102,nan,0.16389130435866525,0.2783578213655885
pod_d16_noBN,pod,16,test_a,64,z_full,C_D,86,nan,-2.9112841176527775,-0.4218791080917813,nan,0.11991720663197222,0.19321094246808412
pod_d16_noBN,pod,16,test_a,1,z_full,I_y,86,-0.31966204774608853,-0.7776395581879213,-0.020038574362859253,2.2342073804768963,1.8604749200648618,2.6589441786814785
pod_d16_noBN,pod,16,test_a,4,z_full,I_y,86,-0.34897635815025563,-0.6312324830257062,-0.16880139054782,2.2533033299430802,1.9075279970681254,2.6404874231483255
pod_d16_noBN,pod,16,test_a,8,z_full,I_y,86,-0.1536344687821456,-0.4172424079956244,0.04879415461064796,2.0637134183992782,1.7328206175011611,2.433048002327608
pod_d16_noBN,pod,16,test_a,16,z_full,I_y,86,0.22384125960137957,0.05993071539110409,0.36983295250993475,1.610423223540935,1.312901376251665,1.9558102335889556
pod_d16_noBN,pod,16,test_a,32,z_full,I_y,86,0.027702268896991677,-0.23287039482293168,0.24723695716196775,1.7222913665564916,1.3857995601090598,2.096543949686984
pod_d16_noBN,pod,16,test_a,64,z_full,I_y,86,0.07198329357923816,-0.061305223489465176,0.18746938682196734,3.3926297590701227,2.5322241926129436,4.354894022685668
pod_d16_noBN,pod,16,test_a,1,z_full,wake_enstrophy,86,0.011068564280480975,-0.5421316019550086,0.10554869421809487,70.86718747727399,54.117843611058234,93.26851456879707
pod_d16_noBN,pod,16,test_a,4,z_full,wake_enstrophy,86,-0.12759888505184147,-0.5998575371517757,0.005506210129797031,72.86346594111188,57.801331499619394,91.24881336043295
pod_d16_noBN,pod,16,test_a,8,z_full,wake_enstrophy,86,-0.2213386516923832,-0.7591739655802414,-0.12625087770991156,77.5383358105176,60.484502273251586,98.9728859739992
pod_d16_noBN,pod,16,test_a,16,z_full,wake_enstrophy,86,-0.13560179793528615,-0.5500132906425825,0.045082214061976066,89.66756278512443,70.0055079587172,114.48571798925188
pod_d16_noBN,pod,16,test_a,32,z_full,wake_enstrophy,86,0.24729388287368503,-0.21423999282578182,0.3831507912758325,103.6124167603295,76.7982283964668,134.53675327986005
pod_d16_noBN,pod,16,test_a,64,z_full,wake_enstrophy,86,0.2523180441944397,-0.11414255392674685,0.3519061895828396,58.899108011666456,40.852557448614725,80.43067481531884
pod_d16_noBN,pod,16,test_a,1,z_full,circulation_pos,86,-0.37366703382046285,-1.8344087372290334,0.05288959617256001,1.8820367637673407,1.5757021738017207,2.2240309234376623
pod_d16_noBN,pod,16,test_a,4,z_full,circulation_pos,86,-0.2402219113883266,-1.1569347141208306,0.09843042346342162,1.8737991892743204,1.556661963079147,2.2091211090880036
pod_d16_noBN,pod,16,test_a,8,z_full,circulation_pos,86,-0.04430047261715475,-0.6720759037224191,0.16283195847200643,1.8888940195142736,1.5626656323843573,2.2536460138314087
pod_d16_noBN,pod,16,test_a,16,z_full,circulation_pos,86,-0.006120757044555392,-0.4294424142686227,0.20153992899407935,1.953044261516705,1.5345499828902687,2.435559955759632
pod_d16_noBN,pod,16,test_a,32,z_full,circulation_pos,86,0.3235221396721991,-0.15098812611567236,0.5321629300213209,1.9838703693863495,1.535142559295023,2.491519073689803
pod_d16_noBN,pod,16,test_a,64,z_full,circulation_pos,86,0.1033773288870875,-0.12661865347376894,0.20532917700965836,1.676669559908408,1.2340110712324786,2.2465478304402535
pod_d16_noBN,pod,16,test_a,1,z_full,circulation_neg,86,-0.4467937249877676,-1.3618237450727415,-0.03985590422190005,1.797001781207447,1.4808165537903097,2.1514769037691495
pod_d16_noBN,pod,16,test_a,4,z_full,circulation_neg,86,-0.36346035911133434,-1.0694090941449954,0.0345328337684027,1.7537989729964927,1.4220984567155945,2.1110406165826934
pod_d16_noBN,pod,16,test_a,8,z_full,circulation_neg,86,-0.24069235987553994,-0.878099789873389,0.10240950497429878,1.7577399940829332,1.4319296418193612,2.1031425055372583
pod_d16_noBN,pod,16,test_a,16,z_full,circulation_neg,86,-0.17295579677071604,-0.5954688113640749,0.11574622052761621,1.8985012426803327,1.4983437033060798,2.3332379554035874
pod_d16_noBN,pod,16,test_a,32,z_full,circulation_neg,86,0.15428505576281204,-0.09194253518259067,0.3246242344202758,1.8510696520337264,1.4273691084253708,2.3060600253910892
pod_d16_noBN,pod,16,test_a,64,z_full,circulation_neg,86,0.30248665326870194,0.04493680922996535,0.4048898260963666,1.5133306823497137,1.1352521406152596,1.9492405932098062
pod_d16_noBN,pod,16,test_b,1,z_dns,C_L,42,-0.00692950167799089,-0.7906745453175776,0.40859427240148494,0.9866792160505659,0.792779911476786,1.1910438042407687
pod_d16_noBN,pod,16,test_b,4,z_dns,C_L,42,0.4500521677546586,-1.2300175828929747,0.7542967274983985,0.9930693865330773,0.7544252878526323,1.249491328552698
pod_d16_noBN,pod,16,test_b,8,z_dns,C_L,42,0.7088010200873749,0.039756569606148304,0.8727621496040266,1.1374715238816717,0.8526347216253197,1.4509390162854772
pod_d16_noBN,pod,16,test_b,16,z_dns,C_L,42,0.5442457349936349,0.23405222286677407,0.7397136596885907,1.16761870064177,0.7979727481942703,1.60602594653062
pod_d16_noBN,pod,16,test_b,32,z_dns,C_L,42,0.23220799454473107,-0.4009879409478749,0.6038323929885455,0.8716208060408722,0.568159541679138,1.2221984407128146
pod_d16_noBN,pod,16,test_b,64,z_dns,C_L,42,-1.0654320871009881,-4.74526708957862,0.0995734187781905,0.6012433293611521,0.4646786526209954,0.7459129774245492
pod_d16_noBN,pod,16,test_b,1,z_dns,C_D,42,-0.0012816979565890563,-0.9845545390474959,0.4911761049258619,0.3170584556226669,0.23397088296648957,0.40729684878098865
pod_d16_noBN,pod,16,test_b,4,z_dns,C_D,42,-0.35268352197840747,-1.4127572765003067,0.15410707563939943,0.3377212243485673,0.24652340123606517,0.4388444436243231
pod_d16_noBN,pod,16,test_b,8,z_dns,C_D,42,0.34598070577397966,0.08631310635621185,0.5404262298772788,0.3043284263482464,0.2009478681329959,0.419614612725062
pod_d16_noBN,pod,16,test_b,16,z_dns,C_D,42,0.5200717881847019,0.3807979790466956,0.6540732388661578,0.31706313991206436,0.208347900319649,0.44235779478917175
pod_d16_noBN,pod,16,test_b,32,z_dns,C_D,42,0.4731651073688826,0.1933578259842021,0.7523241057401672,0.2368756741228431,0.14283499746798936,0.36252687006384426
pod_d16_noBN,pod,16,test_b,64,z_dns,C_D,42,-0.5181256672813304,-2.5348035815346677,0.021961171872231334,0.19408830591527346,0.14021586036848427,0.25642719378796713
pod_d16_noBN,pod,16,test_b,1,z_dns,I_y,42,-1.5592791129574537,-4.064458054116416,-0.23465292493365367,3.441793049335008,2.5508054254441968,4.610534996717634
pod_d16_noBN,pod,16,test_b,4,z_dns,I_y,42,-1.9722188710499147,-4.005191651153594,-0.3737577550903914,3.315388972168006,2.384811850944772,4.564437981904168
pod_d16_noBN,pod,16,test_b,8,z_dns,I_y,42,-1.6667108193879394,-3.3057107908097163,-0.2805188916537129,3.329240225566628,2.281186505877574,4.800001523595904
pod_d16_noBN,pod,16,test_b,16,z_dns,I_y,42,-0.6782886004120019,-1.659145236260106,0.4481825225413445,2.235137352019071,1.0928913552674089,3.8970065472062303
pod_d16_noBN,pod,16,test_b,32,z_dns,I_y,42,0.5582874364243491,0.11606416132440531,0.7907262078433553,1.229113261376106,0.8358954353460959,1.691528856040135
pod_d16_noBN,pod,16,test_b,64,z_dns,I_y,42,-0.06226120617118158,-0.6569041072616619,0.1057197339738072,4.124887402919979,2.688552114706737,5.738299382303642
pod_d16_noBN,pod,16,test_b,1,z_dns,wake_enstrophy,42,-0.006067998346294123,-4.211584195477704,0.4682770686160955,74.74585186364163,62.00975988730337,88.83670722801891
pod_d16_noBN,pod,16,test_b,4,z_dns,wake_enstrophy,42,-0.12155295864571314,-7.110936255298602,0.38186613214302695,81.86301358996502,68.49774855518153,96.56320953600346
pod_d16_noBN,pod,16,test_b,8,z_dns,wake_enstrophy,42,-0.27361988836968343,-10.722240742517165,0.2368737130127077,87.98809541024832,71.79824847349074,105.42980942889297
pod_d16_noBN,pod,16,test_b,16,z_dns,wake_enstrophy,42,-0.3199858120891437,-6.915716383385539,0.09944245013395027,89.13584863640837,74.60409399633612,106.37976614051645
pod_d16_noBN,pod,16,test_b,32,z_dns,wake_enstrophy,42,0.14645570162592347,-0.34949205298390723,0.40909945355823973,75.91446052014365,63.2781919947548,88.60990936811044
pod_d16_noBN,pod,16,test_b,64,z_dns,wake_enstrophy,42,-0.29296466028391577,-0.8749025395256624,0.20936082422804578,62.734353934725064,42.513579470935476,87.6045457972852
pod_d16_noBN,pod,16,test_b,1,z_dns,circulation_pos,42,-1.0339351805134593,-3.7980193090745304,-0.15118424468684846,2.0701191316474588,1.7043025574307888,2.434590923600441
pod_d16_noBN,pod,16,test_b,4,z_dns,circulation_pos,42,-0.7078099800043249,-2.769433086868417,-0.09204527930521446,1.9708851779071863,1.591163341037944,2.3804822681236777
pod_d16_noBN,pod,16,test_b,8,z_dns,circulation_pos,42,-0.5885183654219122,-2.393223302126455,-0.12702704106131135,1.9395258000816742,1.4971974694729857,2.4112980989159416
pod_d16_noBN,pod,16,test_b,16,z_dns,circulation_pos,42,-0.048917255160946915,-0.4524153018911639,0.15812314594986823,1.645134357319182,1.24760782301511,2.1210265867807463
pod_d16_noBN,pod,16,test_b,32,z_dns,circulation_pos,42,0.5171735971742216,0.22197069484574933,0.6884969928569561,1.2799263496936069,1.0357753017959435,1.5600923620324612
pod_d16_noBN,pod,16,test_b,64,z_dns,circulation_pos,42,-0.2230247551008706,-0.7891376511148775,0.15271016327298928,1.8352111860480782,1.3745852631412518,2.3591971603136153
pod_d16_noBN,pod,16,test_b,1,z_dns,circulation_neg,42,0.29107483483516683,-0.9433039893210895,0.4287314428928749,1.8233009776558158,1.3319287942834894,2.422535592695045
pod_d16_noBN,pod,16,test_b,4,z_dns,circulation_neg,42,0.2944045606590301,-0.9047248794712679,0.41254390700447224,1.8875810194803269,1.365633210180782,2.5015538745579398
pod_d16_noBN,pod,16,test_b,8,z_dns,circulation_neg,42,0.3048222730123066,-0.5870453725566178,0.383693876151747,1.8510518297681091,1.2636305822808174,2.5905146340415186
pod_d16_noBN,pod,16,test_b,16,z_dns,circulation_neg,42,0.2838129940035302,0.09006213108849129,0.3983523959336641,1.681474780381627,1.0632822825359116,2.413588227345652
pod_d16_noBN,pod,16,test_b,32,z_dns,circulation_neg,42,0.276061841527696,-0.15811852558284575,0.49520622301796263,1.491770875448226,1.081539952042492,1.9744399987411116
pod_d16_noBN,pod,16,test_b,64,z_dns,circulation_neg,42,0.030739688410991284,-0.2841684755423059,0.23304638211376916,1.8005389273146004,1.273273670620989,2.4448263862400212
pod_d16_noBN,pod,16,test_b,1,z_markov,C_L,42,0.04897376264903164,-0.7583082271244028,0.43234557055109823,0.9600765685876663,0.7698064014070485,1.1582012176565661
pod_d16_noBN,pod,16,test_b,4,z_markov,C_L,42,0.47990537070700945,-1.01420809925453,0.7721503718492193,1.0042942732527076,0.7831881180244225,1.2428713519891181
pod_d16_noBN,pod,16,test_b,8,z_markov,C_L,42,0.6488709666714872,0.1070211620200124,0.792766117929008,1.2911316653552016,0.974549022384346,1.6195109119010171
pod_d16_noBN,pod,16,test_b,16,z_markov,C_L,42,0.4987785001405083,0.19742233227279246,0.7346949923034641,1.1677128435810726,0.7747384345342867,1.610591930233419
pod_d16_noBN,pod,16,test_b,32,z_markov,C_L,42,-0.004748115927701191,-0.513074093583633,0.464377760336653,0.9811153459195393,0.6268044335484392,1.4238168589978986
pod_d16_noBN,pod,16,test_b,64,z_markov,C_L,42,-1.2348953423772873,-3.3402888735092278,-0.5151152258751793,0.6059803895665115,0.46493014926753223,0.7711873606542479
pod_d16_noBN,pod,16,test_b,1,z_markov,C_D,42,0.01565275268726496,-0.976178378269201,0.4687854674234939,0.31233205323882596,0.23021673663912023,0.4024746330567279
pod_d16_noBN,pod,16,test_b,4,z_markov,C_D,42,-0.2938485513520981,-1.404352995535258,0.24607812720017866,0.3200716794035732,0.2270172696528375,0.41386772230748514
pod_d16_noBN,pod,16,test_b,8,z_markov,C_D,42,0.2874578860792669,-0.013820290734286738,0.5237154517123858,0.30945328165804287,0.20015736106442766,0.4340454568341154
pod_d16_noBN,pod,16,test_b,16,z_markov,C_D,42,0.36398334032325497,0.15417261938839355,0.5783684692663655,0.32720484188047944,0.19344173173665358,0.48273818722422546
pod_d16_noBN,pod,16,test_b,32,z_markov,C_D,42,0.2825568598053251,0.10022954942789566,0.46815609231011374,0.27827473759988874,0.16022540734854052,0.41400626816667935
pod_d16_noBN,pod,16,test_b,64,z_markov,C_D,42,0.17091149082274948,-1.1911467740402493,0.49404036345890445,0.14567913244678696,0.10487133206504705,0.19036229351857503
pod_d16_noBN,pod,16,test_b,1,z_markov,I_y,42,-1.6414919129105319,-4.255954317024142,-0.2363062362385921,3.4310890178786075,2.458695615521273,4.5423246816744784
pod_d16_noBN,pod,16,test_b,4,z_markov,I_y,42,-2.036955345670373,-4.246204159555256,-0.33223608910221947,3.248076559083716,2.2985161067096875,4.533517226720846
pod_d16_noBN,pod,16,test_b,8,z_markov,I_y,42,-1.5033651785148292,-2.8732469087215207,-0.26502096634800903,3.247801263922824,2.2392566939125524,4.548629865403225
pod_d16_noBN,pod,16,test_b,16,z_markov,I_y,42,-0.5148161110261005,-1.0650755811878425,0.12256888063902577,2.5618814714924616,1.4983524725151847,4.0647514137816065
pod_d16_noBN,pod,16,test_b,32,z_markov,I_y,42,-0.06582747016647184,-0.3274142869697802,0.167745775457928,1.8333921234502881,1.2189027778516803,2.581700390424059
pod_d16_noBN,pod,16,test_b,64,z_markov,I_y,42,0.0880951445180187,-0.17770389966530423,0.13620612904956908,3.8297697808080464,2.540382492524947,5.346189733392971
pod_d16_noBN,pod,16,test_b,1,z_markov,wake_enstrophy,42,-0.008752860982575994,-4.025786925488253,0.4236281181952887,74.79916973113802,62.17446985698359,88.51896318545356
pod_d16_noBN,pod,16,test_b,4,z_markov,wake_enstrophy,42,-0.1366712582772991,-5.921051938438697,0.32135141136763645,81.80209568259207,68.15739775284577,96.54776160723657
pod_d16_noBN,pod,16,test_b,8,z_markov,wake_enstrophy,42,-0.25423224638001396,-10.13903695798179,0.2316267893044538,87.11527227262603,69.82158051369734,104.56697485329752
pod_d16_noBN,pod,16,test_b,16,z_markov,wake_enstrophy,42,-0.12941043558911347,-4.572925010819013,0.191334317621719,74.1815608432369,58.39657534132756,93.78476422982676
pod_d16_noBN,pod,16,test_b,32,z_markov,wake_enstrophy,42,0.41996541347783667,0.06710184231621746,0.5983544087343468,62.36684653926167,51.783581879264005,72.71737186717807
pod_d16_noBN,pod,16,test_b,64,z_markov,wake_enstrophy,42,0.16354640120122965,-0.8164470323696612,0.5009916093639756,60.56594079512626,45.832427101741196,75.43912047044014
pod_d16_noBN,pod,16,test_b,1,z_markov,circulation_pos,42,-0.9950074813215708,-3.4368187894970172,-0.1712447055860868,2.0623521226342056,1.6986851994192347,2.4207094634008355
pod_d16_noBN,pod,16,test_b,4,z_markov,circulation_pos,42,-0.7739680532632789,-2.334539020846064,-0.24892118811291947,2.0362752139100344,1.657018447591439,2.420908820168883
pod_d16_noBN,pod,16,test_b,8,z_markov,circulation_pos,42,-0.5970533297374978,-1.9322889627624245,-0.2777304889009946,1.9407399360453101,1.4814613060548103,2.4515367478677415
pod_d16_noBN,pod,16,test_b,16,z_markov,circulation_pos,42,-0.2304661739104541,-0.537819376199029,0.22900597238637393,1.550845538661705,1.0841343643613177,2.20193039035716
pod_d16_noBN,pod,16,test_b,32,z_markov,circulation_pos,42,0.4048221812617725,-0.011566058264780393,0.7171581306137664,1.284586622780067,0.9830573878722246,1.6482943743748524
pod_d16_noBN,pod,16,test_b,64,z_markov,circulation_pos,42,0.05629627105355639,-0.46327828797714665,0.3993107527830512,1.6559747052656084,1.2617013453339088,2.1206863278122077
pod_d16_noBN,pod,16,test_b,1,z_markov,circulation_neg,42,0.2696605557593762,-1.0244516731599647,0.38923619121704633,1.8285848074655147,1.2914976445901194,2.4373162615436423
pod_d16_noBN,pod,16,test_b,4,z_markov,circulation_neg,42,0.2669065005783612,-0.6374133806859988,0.3729818859791959,1.8638371560356006,1.2980405885247666,2.516690593387267
pod_d16_noBN,pod,16,test_b,8,z_markov,circulation_neg,42,0.2911989649521104,-0.3904724429647936,0.3669657504714656,1.7956144145834803,1.1851162718367878,2.557841950978839
pod_d16_noBN,pod,16,test_b,16,z_markov,circulation_neg,42,0.3396163601673602,0.12711519334130636,0.4587778973674545,1.6109795773773756,1.0090651345897692,2.3493268678410275
pod_d16_noBN,pod,16,test_b,32,z_markov,circulation_neg,42,0.4214317405676351,0.24888725837798428,0.5132741502355346,1.3800755585852948,1.038041786024377,1.789654708857357
pod_d16_noBN,pod,16,test_b,64,z_markov,circulation_neg,42,0.40244948331693886,0.22323947044406206,0.5789678487712471,1.327253892251314,0.8788822077805208,1.8477920338747922
pod_d16_noBN,pod,16,test_b,1,z_full,C_L,42,0.1373056106675442,-0.611692157700263,0.48944856746036003,0.9010909343922862,0.720167358294452,1.1036249198584374
pod_d16_noBN,pod,16,test_b,4,z_full,C_L,42,0.4393992295474166,-1.2100593629700644,0.7464128204886386,0.9921282899711903,0.7555670787309456,1.2653040905366628
pod_d16_noBN,pod,16,test_b,8,z_full,C_L,42,0.6710339895894442,0.056955324130055364,0.8332727789433867,1.2543231532551222,0.9569639304780375,1.570336844583078
pod_d16_noBN,pod,16,test_b,16,z_full,C_L,42,0.5336747967077878,0.2413222718999932,0.7846684435192558,1.110847614035151,0.7309159152035205,1.5714512287664426
pod_d16_noBN,pod,16,test_b,32,z_full,C_L,42,0.1822165885296574,-0.26446905469333254,0.6386489650774078,0.7499176851928098,0.4104063093771145,1.146888562213543
pod_d16_noBN,pod,16,test_b,64,z_full,C_L,42,-1.0937730521612536,-4.12831753553039,-0.2346839170061442,0.5258284658440459,0.36630016243292773,0.708771127679918
pod_d16_noBN,pod,16,test_b,1,z_full,C_D,42,0.0829231351445413,-0.8704224996949392,0.5228407606359926,0.30049345966759555,0.21768457723910586,0.39154625925315484
pod_d16_noBN,pod,16,test_b,4,z_full,C_D,42,-0.2771878426526124,-1.2073139261113597,0.23797922689626877,0.31606730047650694,0.22831976485876743,0.4165885473868589
pod_d16_noBN,pod,16,test_b,8,z_full,C_D,42,0.26918343361745267,-0.022075838179906788,0.5097447870484814,0.3197539739102313,0.21088864623900652,0.4503778635855952
pod_d16_noBN,pod,16,test_b,16,z_full,C_D,42,0.3775115382172497,0.17785088666380128,0.6024549418955207,0.3326471758903294,0.20746200319363742,0.4808142268133777
pod_d16_noBN,pod,16,test_b,32,z_full,C_D,42,0.3721948985351091,0.13517598801394776,0.6558679078467379,0.2504245669530873,0.14473382827453,0.37893877295862316
pod_d16_noBN,pod,16,test_b,64,z_full,C_D,42,-0.9213925972547177,-3.323836280625179,-0.1457794402962418,0.17946066212879025,0.11358198354380462,0.2602980307689732
pod_d16_noBN,pod,16,test_b,1,z_full,I_y,42,-1.6456153661522164,-4.259039559686035,-0.24442516346353774,3.4226654137764476,2.4628897924287956,4.616222958432766
pod_d16_noBN,pod,16,test_b,4,z_full,I_y,42,-2.042654087688299,-4.042984306685423,-0.3891371425538923,3.306080243139404,2.328488072689561,4.65303032768484
pod_d16_noBN,pod,16,test_b,8,z_full,I_y,42,-1.471734006309935,-2.9457061011903463,-0.21979404701434,3.1497269319894494,2.1600470030947103,4.414175598052424
pod_d16_noBN,pod,16,test_b,16,z_full,I_y,42,-0.5609792363454207,-1.2444825622171605,0.32307270365930807,2.271096948721153,1.1233690760527104,3.8535381970926372
pod_d16_noBN,pod,16,test_b,32,z_full,I_y,42,0.2688142598320461,0.0593967197913892,0.4249169171990835,1.5556574580329172,1.0255232021548457,2.158026801118952
pod_d16_noBN,pod,16,test_b,64,z_full,I_y,42,-0.08151587709945884,-0.5802671206821569,0.057300700126185565,4.166416470527444,2.7802181709859215,5.805487029766605
pod_d16_noBN,pod,16,test_b,1,z_full,wake_enstrophy,42,0.00562539623824776,-3.9324523284917787,0.4364813673671432,73.43288278436,60.48580219961611,87.95052396984582
pod_d16_noBN,pod,16,test_b,4,z_full,wake_enstrophy,42,-0.10793086662518725,-5.938083292312954,0.3377925670365216,80.0153201317569,66.09310522739274,96.66938026259963
pod_d16_noBN,pod,16,test_b,8,z_full,wake_enstrophy,42,-0.2077923093277425,-9.901757224935485,0.262735294787242,85.6403157835039,69.90926722142878,103.36597824703043
pod_d16_noBN,pod,16,test_b,16,z_full,wake_enstrophy,42,-0.22596532624293286,-5.248484862745747,0.1550801757416246,81.16550324993398,66.08504164400836,100.84569906209735
pod_d16_noBN,pod,16,test_b,32,z_full,wake_enstrophy,42,0.10057182050771185,-0.5177656751216428,0.3984293629357217,78.30960864482438,65.82564366249245,91.10360894085298
pod_d16_noBN,pod,16,test_b,64,z_full,wake_enstrophy,42,-0.18087369626400362,-0.745031148103327,0.1468254505209363,64.12755693326233,45.21964158156464,84.50358130184692
pod_d16_noBN,pod,16,test_b,1,z_full,circulation_pos,42,-0.9639796513752452,-3.4515319478609956,-0.14253770099525453,2.0306890015147707,1.6842759953679656,2.4043913690441587
pod_d16_noBN,pod,16,test_b,4,z_full,circulation_pos,42,-0.7071548736419273,-2.365420231562754,-0.1872062928059485,1.9812951614501255,1.6052389666841231,2.402962247727019
pod_d16_noBN,pod,16,test_b,8,z_full,circulation_pos,42,-0.5408889377180193,-1.8639195828354858,-0.2100705474654187,1.926262520034587,1.489504914509985,2.4171303981685233
pod_d16_noBN,pod,16,test_b,16,z_full,circulation_pos,42,-0.2986804331426507,-0.611029003353391,0.13075568951375915,1.6949772493847781,1.2423362011198766,2.2813683341916176
pod_d16_noBN,pod,16,test_b,32,z_full,circulation_pos,42,0.2897265420461841,-0.17737997123152976,0.6215299333991385,1.4807810290108303,1.1647578539789194,1.8468925616512553
pod_d16_noBN,pod,16,test_b,64,z_full,circulation_pos,42,-0.15998353164770296,-0.6638096964423508,0.12907242507759373,1.791446618335214,1.3223693397491076,2.320220949637755
pod_d16_noBN,pod,16,test_b,1,z_full,circulation_neg,42,0.2681077695727758,-1.0850922284180722,0.3975464279799263,1.8209934339189424,1.2824320229923807,2.4143260821993633
pod_d16_noBN,pod,16,test_b,4,z_full,circulation_neg,42,0.2592185141032014,-0.8635258623423172,0.3623567777131116,1.8473010070579403,1.2859295715733208,2.4955909994510472
pod_d16_noBN,pod,16,test_b,8,z_full,circulation_neg,42,0.2860333052404237,-0.48981264507078315,0.35962693019198644,1.826148703781276,1.2189450482778041,2.5471449589205504
pod_d16_noBN,pod,16,test_b,16,z_full,circulation_neg,42,0.3571517683142077,0.1792765988282141,0.4806580851316403,1.6004858402230615,1.0297670348326522,2.318904273304746
pod_d16_noBN,pod,16,test_b,32,z_full,circulation_neg,42,0.2991585427820346,-0.1584786007849205,0.4576211147743949,1.6330571855230624,1.2681704659300037,2.0269852117365126
pod_d16_noBN,pod,16,test_b,64,z_full,circulation_neg,42,0.11730651274593296,-0.19576469097058027,0.3174277518073407,1.7403980114865543,1.2230207867418588,2.323596632785066
pod_d16_noBN,pod,16,test_c,1,z_dns,C_L,24,0.5875672428557013,0.09325513679384571,0.7792644132146221,1.2958298188024422,1.0532587944411873,1.5570894999382143
pod_d16_noBN,pod,16,test_c,4,z_dns,C_L,24,0.6454297407951186,0.44240663316994405,0.7625437723645563,1.392227259366625,1.0561345395583814,1.772942611685299
pod_d16_noBN,pod,16,test_c,8,z_dns,C_L,24,0.6196566186253356,0.33249336224089704,0.7478633494347041,2.0009063408279553,1.5359981761129329,2.4202717417270736
pod_d16_noBN,pod,16,test_c,16,z_dns,C_L,24,0.822702144196261,0.6962254356433898,0.9033346090562528,1.4454560943827925,0.9960129811751476,1.9679628647969354
pod_d16_noBN,pod,16,test_c,32,z_dns,C_L,24,-1.368762416330409,-4.5866151427900075,-0.11677376612182087,0.8003407861337933,0.5436719070805928,1.099317716911036
pod_d16_noBN,pod,16,test_c,64,z_dns,C_L,24,-2.367254448404697,-7.422240771433201,-0.6363875193535176,0.5403413892446952,0.38879584286563834,0.6994978701294121
pod_d16_noBN,pod,16,test_c,1,z_dns,C_D,24,-3.0974569685267337,-8.510728619164587,-1.1356924476983938,0.49338342883822905,0.3495428518123801,0.65648036635813
pod_d16_noBN,pod,16,test_c,4,z_dns,C_D,24,-5.59459177244741,-13.29750351078937,-2.122555748041277,0.6071517615734074,0.44246362362752706,0.8148235302406195
pod_d16_noBN,pod,16,test_c,8,z_dns,C_D,24,-5.126950883871616,-8.742377615114156,-2.7096748553663557,0.6066602671588547,0.37246214900235936,0.8720637576779305
pod_d16_noBN,pod,16,test_c,16,z_dns,C_D,24,-0.32109859455859757,-1.6442100429064606,0.501109889201302,0.44818683385578867,0.2832688931108234,0.6649454169889424
pod_d16_noBN,pod,16,test_c,32,z_dns,C_D,24,-4.861961234116731,-12.150066934959565,-1.8546598884427135,0.20816785272681013,0.14547704484393176,0.2704088826761162
pod_d16_noBN,pod,16,test_c,64,z_dns,C_D,24,-17.762320875270586,-51.65958038874756,-7.495881105916275,0.21132790830846393,0.15707969271698558,0.2726039041494189
pod_d16_noBN,pod,16,test_c,1,z_dns,I_y,24,-0.28408586350165876,-0.9031492949201437,0.10405060105479383,1.9662087023747963,1.402967956701841,2.534064463810702
pod_d16_noBN,pod,16,test_c,4,z_dns,I_y,24,-1.106021388128105,-2.895587819366305,0.034624019121022066,2.0620769382017863,1.4129725933028028,2.7945440705449425
pod_d16_noBN,pod,16,test_c,8,z_dns,I_y,24,-1.9172276748983696,-5.326801394305834,-0.24916144318760802,2.0147059231680804,1.4611054604805516,2.6603005733299727
pod_d16_noBN,pod,16,test_c,16,z_dns,I_y,24,-1.5988584908167844,-5.985951377748835,-0.3092365131158473,1.8043441265700715,1.3483401409496143,2.292415448903992
pod_d16_noBN,pod,16,test_c,32,z_dns,I_y,24,0.043422473649013416,-0.6747041467707288,0.39275956553028846,0.9918845620124825,0.6595270637150171,1.378816590666703
pod_d16_noBN,pod,16,test_c,64,z_dns,I_y,24,0.019008740930154477,-0.33090681561812496,0.07674557552175643,3.6543268887795395,2.118621062004752,5.396802826682948
pod_d16_noBN,pod,16,test_c,1,z_dns,wake_enstrophy,24,-1.5260613445693179,-4.3274917753944235,-0.5094273471507172,95.82129636271468,72.93225071944114,119.13196617985001
pod_d16_noBN,pod,16,test_c,4,z_dns,wake_enstrophy,24,-1.919078479041516,-4.980623697086429,-0.8649268968126881,140.72109930919086,115.90021735061086,165.49425191969874
pod_d16_noBN,pod,16,test_c,8,z_dns,wake_enstrophy,24,-1.3372738194591527,-2.6413927767259775,-0.649812882705823,188.28771773591993,135.32383132608956,240.48400378182168
pod_d16_noBN,pod,16,test_c,16,z_dns,wake_enstrophy,24,-1.0830143774084076,-2.1162388116664537,-0.601733905852033,222.50648457903037,147.78149028657026,304.6993887629971
pod_d16_noBN,pod,16,test_c,32,z_dns,wake_enstrophy,24,-1.789908487983491,-3.940989077158949,-0.9378400000482527,224.07170032688109,160.70603328189225,290.15514990353495
pod_d16_noBN,pod,16,test_c,64,z_dns,wake_enstrophy,24,0.14610945033561173,-0.09246422757951088,0.28067306809786335,75.80100054381414,59.62051145411244,95.7846681452326
pod_d16_noBN,pod,16,test_c,1,z_dns,circulation_pos,24,0.1265092594422147,-0.5491691275023594,0.5206441756673308,0.9371985962673587,0.6217085723630523,1.2999844209623816
pod_d16_noBN,pod,16,test_c,4,z_dns,circulation_pos,24,-1.7181755006977175,-5.589691991309521,-0.6418374845177982,1.9511903959694223,1.5396375087379928,2.373709267577742
pod_d16_noBN,pod,16,test_c,8,z_dns,circulation_pos,24,-4.979666199750468,-13.168154247637979,-2.347170987858622,3.4181203181546223,2.7541948265222054,4.073131332782458
pod_d16_noBN,pod,16,test_c,16,z_dns,circulation_pos,24,-5.176167976792238,-9.87685014772871,-3.418369895321102,4.2610043945767995,3.674809784605938,4.912853429761036
pod_d16_noBN,pod,16,test_c,32,z_dns,circulation_pos,24,-3.7589259082644952,-8.862683129610398,-1.9546113689602038,5.168207081139848,4.119499540028818,6.276274779971872
pod_d16_noBN,pod,16,test_c,64,z_dns,circulation_pos,24,0.1206082621971667,-0.30875876803014063,0.27153514177838417,2.3006213550550894,1.829517623868294,2.824479037594017
pod_d16_noBN,pod,16,test_c,1,z_dns,circulation_neg,24,-11.006890576584183,-21.889582861105854,-5.100906249883717,1.554438607444683,1.0677242557139428,2.047027463379644
pod_d16_noBN,pod,16,test_c,4,z_dns,circulation_neg,24,-5.9082978098092305,-13.601290612329121,-2.4274737734298832,1.9172922860659247,1.4139155032051467,2.4902951420801416
pod_d16_noBN,pod,16,test_c,8,z_dns,circulation_neg,24,-4.162509656974411,-8.89020371323089,-2.316530777879931,3.313220641153336,2.611964537623587,3.957824164953089
pod_d16_noBN,pod,16,test_c,16,z_dns,circulation_neg,24,-4.950944865736763,-9.487448588776072,-3.052595016976983,4.265941294792982,2.989369863067783,5.546907111710526
pod_d16_noBN,pod,16,test_c,32,z_dns,circulation_neg,24,-4.786328726741338,-9.374772147437678,-2.7709924664847176,4.05269070440903,2.7631166417743813,5.387384982875573
pod_d16_noBN,pod,16,test_c,64,z_dns,circulation_neg,24,-1.225408130105992,-2.6912782378680076,-0.5250559156648147,1.7365361188351922,1.1526163748342217,2.3975745127268975
pod_d16_noBN,pod,16,test_c,1,z_markov,C_L,24,0.5687134530494345,0.11446777160802435,0.7444278173892607,1.344400938433808,1.1035617909715083,1.5979327378375419
pod_d16_noBN,pod,16,test_c,4,z_markov,C_L,24,0.6095055453552986,0.4163313954130337,0.7399071103390582,1.4853240666714331,1.115364994375542,1.87465625106064
pod_d16_noBN,pod,16,test_c,8,z_markov,C_L,24,0.2657438768398094,-0.09858594921825398,0.4660996422108352,2.4885721038750783,1.7610623917756374,3.23389922725475
pod_d16_noBN,pod,16,test_c,16,z_markov,C_L,24,0.5990357510611184,0.453906735285369,0.7136329270750084,1.9143175275733768,1.0593311730901052,2.782813212719138
pod_d16_noBN,pod,16,test_c,32,z_markov,C_L,24,-2.432646566524443,-5.472576151251277,-1.1199874546727044,0.978270488230458,0.667894554246447,1.3013759089171086
pod_d16_noBN,pod,16,test_c,64,z_markov,C_L,24,-5.505910915792207,-15.914848231086257,-1.4166404841481661,0.6428176186690929,0.39199293607213487,0.9414251359638208
pod_d16_noBN,pod,16,test_c,1,z_markov,C_D,24,-4.075360656142571,-12.528959761718422,-1.4184362450301127,0.5597766153835516,0.40615796849604896,0.7387556585795385
pod_d16_noBN,pod,16,test_c,4,z_markov,C_D,24,-7.870320811421397,-17.44186447869722,-3.2155159875120587,0.6733352783554941,0.45635620939459826,0.9168072016737624
pod_d16_noBN,pod,16,test_c,8,z_markov,C_D,24,-4.508635905593718,-8.224298988142147,-2.0165475701882714,0.5725627887618708,0.3476443054203703,0.8224104517509041
pod_d16_noBN,pod,16,test_c,16,z_markov,C_D,24,0.12665463670480115,-0.6866000449767216,0.636116105475039,0.35143147905848865,0.1981543576319572,0.532572553523631
pod_d16_noBN,pod,16,test_c,32,z_markov,C_D,24,-3.300650505584609,-6.988879784577977,-1.7048171074589797,0.1870447283700439,0.13792390882627303,0.23350796724626446
pod_d16_noBN,pod,16,test_c,64,z_markov,C_D,24,-27.194221811136973,-69.56118023437814,-11.33432451441301,0.23860929850277732,0.16458802599346278,0.3225158871677842
pod_d16_noBN,pod,16,test_c,1,z_markov,I_y,24,-0.37298330172365013,-1.2447302684272328,-0.02528631480004901,2.061464814817148,1.4694550484877953,2.6522465419653813
pod_d16_noBN,pod,16,test_c,4,z_markov,I_y,24,-1.377338810965108,-3.6809541283099283,-0.11057385497521502,2.1770428970288003,1.5076202906584986,2.9740108379744488
pod_d16_noBN,pod,16,test_c,8,z_markov,I_y,24,-2.196584262364953,-5.588130607274104,-0.55781484482604,2.0570888248566566,1.4223921190505902,2.7542159670937822
pod_d16_noBN,pod,16,test_c,16,z_markov,I_y,24,-0.622692209030359,-2.5260898445525966,-0.03913981684711972,1.3890461992996181,1.0048868060897187,1.7946306045347549
pod_d16_noBN,pod,16,test_c,32,z_markov,I_y,24,-0.1366867120601467,-0.5881815125658459,0.21394917960701984,1.0418355639126904,0.684072787562633,1.479118033512909
pod_d16_noBN,pod,16,test_c,64,z_markov,I_y,24,0.10294124304166663,-0.33973329775364103,0.1375225600608298,3.6118610302868386,2.256187599165302,5.186990966580089
pod_d16_noBN,pod,16,test_c,1,z_markov,wake_enstrophy,24,-1.2241560953987212,-3.478607629762233,-0.3332569775111153,87.35673595261487,64.65086564144616,111.58082376807815
pod_d16_noBN,pod,16,test_c,4,z_markov,wake_enstrophy,24,-0.9699207553663818,-2.7942907439339555,-0.2902705212071809,107.9569075786381,83.52814818832252,136.16680288711444
pod_d16_noBN,pod,16,test_c,8,z_markov,wake_enstrophy,24,-1.0137690049827257,-2.3394243447637013,-0.4285126117838215,165.41754875147348,113.56408931010867,219.04196374627753
pod_d16_noBN,pod,16,test_c,16,z_markov,wake_enstrophy,24,-1.1750781056562203,-2.194826263753035,-0.6397132285053915,223.35436876698768,146.80430614734604,306.5812387604555
pod_d16_noBN,pod,16,test_c,32,z_markov,wake_enstrophy,24,-1.4386242977220594,-3.042392996668662,-0.7504710339251649,225.5383598873941,173.62090909843894,280.7599002333832
pod_d16_noBN,pod,16,test_c,64,z_markov,wake_enstrophy,24,-2.2090910013229395,-6.214231073496756,-0.6944205497849254,146.01586661855399,110.377338330242,182.75158090064977
pod_d16_noBN,pod,16,test_c,1,z_markov,circulation_pos,24,0.37614208553563955,-0.0033252839284697365,0.6038620678359294,0.8108886696487551,0.5442302361605723,1.0955189006113586
pod_d16_noBN,pod,16,test_c,4,z_markov,circulation_pos,24,-0.1401665269710486,-1.4875725837834741,0.24498728336411388,1.2436999375470723,0.9485751964946995,1.5326810963414126
pod_d16_noBN,pod,16,test_c,8,z_markov,circulation_pos,24,-2.5205844348894115,-7.667835431757059,-0.8995366529445135,2.574439290036182,2.026663087193973,3.1014788101086217
pod_d16_noBN,pod,16,test_c,16,z_markov,circulation_pos,24,-5.762964117615055,-11.231315911014866,-3.7655724411977727,4.343350852847866,3.638067447178997,5.166946583638892
pod_d16_noBN,pod,16,test_c,32,z_markov,circulation_pos,24,-2.8548073381656947,-6.545814104064578,-1.5233705853886985,4.71246830187562,3.736702805198614,5.687568953531274
pod_d16_noBN,pod,16,test_c,64,z_markov,circulation_pos,24,-1.1979138580997462,-2.7181029501869007,-0.5546878061501684,3.523809565866007,2.676781624115381,4.392353500982024
pod_d16_noBN,pod,16,test_c,1,z_markov,circulation_neg,24,-10.329372457383577,-21.703644096897175,-4.487255862922752,1.4758319619222917,0.9980694235286542,2.0077487522937103
pod_d16_noBN,pod,16,test_c,4,z_markov,circulation_neg,24,-6.42738371738186,-13.629493657634418,-3.1974562033307525,2.1258349261102665,1.6291940372597324,2.622735934144429
pod_d16_noBN,pod,16,test_c,8,z_markov,circulation_neg,24,-4.73446652084838,-9.625236892089605,-2.639491822266717,3.560231499118483,2.896029588825241,4.191750173624581
pod_d16_noBN,pod,16,test_c,16,z_markov,circulation_neg,24,-5.316651984433319,-10.130925694199483,-3.3573723723879736,4.835948503696624,3.862881517654549,5.881441353381247
pod_d16_noBN,pod,16,test_c,32,z_markov,circulation_neg,24,-4.772668589628235,-9.553446779849233,-2.806707729726461,4.4218155620811475,3.397251268720514,5.492054545195196
pod_d16_noBN,pod,16,test_c,64,z_markov,circulation_neg,24,-1.29069438710694,-2.9151160972346437,-0.5423825363800114,2.045046156586796,1.5928109158267603,2.5209223370632428
pod_d16_noBN,pod,16,test_c,1,z_full,C_L,24,0.6482453392268628,0.25390953101637287,0.8027166295910368,1.1933998591266686,0.9606104417513687,1.4294353123571648
pod_d16_noBN,pod,16,test_c,4,z_full,C_L,24,0.5603760981791328,0.24622189567250852,0.7802632918364223,1.3782571221258568,0.9123106595274956,1.8926215447072114
pod_d16_noBN,pod,16,test_c,8,z_full,C_L,24,0.446115249442126,0.1030481420619981,0.6312130552379877,2.1457008557240536,1.498033976298394,2.854572436154924
pod_d16_noBN,pod,16,test_c,16,z_full,C_L,24,0.8331361076216621,0.7416983442926581,0.8927920382607112,1.480612145642912,1.0501125000484495,1.998413006661312
pod_d16_noBN,pod,16,test_c,32,z_full,C_L,24,-3.1381801740494595,-7.4654128676405405,-1.128453882309078,1.107431227838424,0.7844293536787962,1.4504796694651851
pod_d16_noBN,pod,16,test_c,64,z_full,C_L,24,-1.816249268866735,-5.83617040703735,-0.5480077480481822,0.4969399742618941,0.3707111532839023,0.6404664917369083
pod_d16_noBN,pod,16,test_c,1,z_full,C_D,24,-3.0221877777030945,-9.61194867267691,-0.9348754188740087,0.48243659726085286,0.3327076158681385,0.6476838267731971
pod_d16_noBN,pod,16,test_c,4,z_full,C_D,24,-5.568451857138669,-14.293514863279958,-1.7207717442298955,0.5383924629609985,0.3247141765155153,0.7632001905872233
pod_d16_noBN,pod,16,test_c,8,z_full,C_D,24,-5.21597089632771,-9.480444205416468,-2.5254735418086467,0.6105436064666087,0.352545666063191,0.8757659634209328
pod_d16_noBN,pod,16,test_c,16,z_full,C_D,24,-0.5492234748185536,-2.3475474017969704,0.31814784250931033,0.5236119275590484,0.33987916034180893,0.7568419278347509
pod_d16_noBN,pod,16,test_c,32,z_full,C_D,24,-13.960805806607167,-29.765558678626384,-6.280528641777281,0.33769509638865447,0.24462690885214505,0.43342820904341556
pod_d16_noBN,pod,16,test_c,64,z_full,C_D,24,-15.825090675369147,-39.48872563752009,-6.995653769683563,0.18411635689177422,0.12654413902714923,0.24824745053836267
pod_d16_noBN,pod,16,test_c,1,z_full,I_y,24,-0.39188023551529416,-1.1095390147398136,-0.050450665513796164,2.117926980109865,1.5300105314806556,2.707082734128361
pod_d16_noBN,pod,16,test_c,4,z_full,I_y,24,-0.9208759776142386,-2.6886583559895487,-0.009487168380414975,2.0039713017787464,1.4178291784359047,2.6433294808129033
pod_d16_noBN,pod,16,test_c,8,z_full,I_y,24,-1.8978463609423568,-4.989670061197238,-0.3800528241748892,1.9454541023906298,1.317451956405687,2.624966405323587
pod_d16_noBN,pod,16,test_c,16,z_full,I_y,24,-1.9943959756749852,-7.307876379216747,-0.49238003382801576,1.7684549051652283,1.1861162082570011,2.4011685985144213
pod_d16_noBN,pod,16,test_c,32,z_full,I_y,24,-0.9782499544759287,-2.76470020793232,-0.3104631031185035,1.6413640664804785,1.2982067201723375,2.069772639208874
pod_d16_noBN,pod,16,test_c,64,z_full,I_y,24,-0.24628903072709396,-0.8191022251389758,-0.15789423200034977,4.207580040432082,2.581157869968497,6.019939573584929
pod_d16_noBN,pod,16,test_c,1,z_full,wake_enstrophy,24,-1.0280865048887455,-3.300929930224051,-0.23128082894197266,84.812212345014,64.26897446044927,105.96019959756043
pod_d16_noBN,pod,16,test_c,4,z_full,wake_enstrophy,24,-1.114645412502945,-3.022551189089927,-0.37307591830843434,109.40360795851382,80.29555712302867,138.32503097690716
pod_d16_noBN,pod,16,test_c,8,z_full,wake_enstrophy,24,-1.0615454433719997,-2.260729171814837,-0.46858612025563606,166.79285203672552,114.89221728975278,221.66059359599237
pod_d16_noBN,pod,16,test_c,16,z_full,wake_enstrophy,24,-1.1605253950711902,-2.2142002532003233,-0.6021292387237677,224.97050649696516,149.3164571894401,313.6685955211045
pod_d16_noBN,pod,16,test_c,32,z_full,wake_enstrophy,24,-1.7159339832829046,-3.2908880310895956,-1.2356607492460567,241.5160347162066,190.14457824152626,294.3207593814263
pod_d16_noBN,pod,16,test_c,64,z_full,wake_enstrophy,24,-1.4637453458137513,-5.293932634448448,-0.017292306792310832,111.75267644970533,74.5406041280299,154.09337013312128
pod_d16_noBN,pod,16,test_c,1,z_full,circulation_pos,24,0.4883410487844919,0.10693568556991638,0.6869724078759102,0.7116585222204236,0.4686478769769328,0.9724179038399378
pod_d16_noBN,pod,16,test_c,4,z_full,circulation_pos,24,-0.1512270028318925,-1.546616347498955,0.29604896225739513,1.228457606590504,0.9261901520439181,1.524725126219924
pod_d16_noBN,pod,16,test_c,8,z_full,circulation_pos,24,-2.4615681243539393,-7.854637614984229,-0.8150005453706941,2.492392062927928,1.9365508192160041,3.041434368858995
pod_d16_noBN,pod,16,test_c,16,z_full,circulation_pos,24,-4.973787524564088,-9.638692191828412,-3.1438097632301245,4.037029225650289,3.2578739178985936,4.852776497266694
pod_d16_noBN,pod,16,test_c,32,z_full,circulation_pos,24,-3.057886293614784,-7.211909538465963,-1.7421590960435416,4.76533084163714,3.706289039362426,5.791655302184131
pod_d16_noBN,pod,16,test_c,64,z_full,circulation_pos,24,-0.8278867500623814,-1.930542588612353,-0.18497129626790285,3.189413029172249,2.370833968347719,3.9643254286471077
pod_d16_noBN,pod,16,test_c,1,z_full,circulation_neg,24,-8.165909398844493,-17.063478365075454,-3.692196927410237,1.3503746778561745,0.9365204085410288,1.8256158631213084
pod_d16_noBN,pod,16,test_c,4,z_full,circulation_neg,24,-5.779495627770166,-11.56440716672347,-3.1180394257795525,2.089877997960897,1.6568557218041347,2.5202515812587456
pod_d16_noBN,pod,16,test_c,8,z_full,circulation_neg,24,-4.710637497702449,-9.266255757761924,-2.7043897607518472,3.599426963001118,2.9702155897920126,4.200558036205111
pod_d16_noBN,pod,16,test_c,16,z_full,circulation_neg,24,-5.823545582326461,-10.687594897834103,-3.737141304577048,4.949037603917186,3.8761713910154207,6.019041217539619
pod_d16_noBN,pod,16,test_c,32,z_full,circulation_neg,24,-4.553585547891136,-9.304551876615198,-2.6804754597597005,4.241081404955572,3.1406978075374785,5.414025583507589
pod_d16_noBN,pod,16,test_c,64,z_full,circulation_neg,24,-1.781573330634195,-4.344018670589266,-0.6284259363724615,2.2092964785931453,1.6524675724570366,2.7509891782865195
pod_d32_noBN,pod,32,test_b,1,z_dns,C_L,42,-0.02905441856259694,-0.7873968686882142,0.3675199764532135,1.0007848897057534,0.8055067180241802,1.2023998287134257
pod_d32_noBN,pod,32,test_b,4,z_dns,C_L,42,0.5805093606662595,-0.693548272954359,0.8019862670292505,0.8707336684876326,0.6615144768473847,1.0899517561981187
pod_d32_noBN,pod,32,test_b,8,z_dns,C_L,42,0.8276705261222791,0.47501997644860483,0.927119638401682,0.8582898814701639,0.6360493465438748,1.1177432440685295
pod_d32_noBN,pod,32,test_b,16,z_dns,C_L,42,0.6754161456017014,0.447786814282245,0.8425531279222276,0.9370629575201883,0.6291003595854198,1.3392883787171002
pod_d32_noBN,pod,32,test_b,32,z_dns,C_L,42,0.5668661899731025,0.18791964221021057,0.7681767115057963,0.7254113239265678,0.5127001080896061,0.9776863338721897
pod_d32_noBN,pod,32,test_b,64,z_dns,C_L,42,-0.5195603746566448,-2.8372782284847733,0.18067637059381822,0.4997477320379512,0.38153974041054806,0.6253082211721521
pod_d32_noBN,pod,32,test_b,1,z_dns,C_D,42,0.05993095776950308,-0.8169308142219457,0.4651338185915851,0.3310376006736337,0.25866677868417776,0.4090149267833109
pod_d32_noBN,pod,32,test_b,4,z_dns,C_D,42,-0.0922119017199805,-1.0700631833523935,0.3375722575371318,0.31801234409832696,0.2430474371489525,0.40261947428626527
pod_d32_noBN,pod,32,test_b,8,z_dns,C_D,42,0.5594690563656534,0.37690793076354495,0.7070461600256212,0.2444593320372788,0.15922612629884583,0.34104635641237563
pod_d32_noBN,pod,32,test_b,16,z_dns,C_D,42,0.6234675818051099,0.5121146292513952,0.7335851067284908,0.2690873784635384,0.16980783346632689,0.3762554654139604
pod_d32_noBN,pod,32,test_b,32,z_dns,C_D,42,0.5674641525496991,0.33883387256381103,0.7869922837206006,0.23937735880969235,0.16261537363615622,0.34487714065943925
pod_d32_noBN,pod,32,test_b,64,z_dns,C_D,42,-0.33755644457551814,-1.8127086770766478,0.10502806838227009,0.17137078225091731,0.11846933000615618,0.23277315766087753
pod_d32_noBN,pod,32,test_b,1,z_dns,I_y,42,-1.637883373275566,-4.572681778253858,-0.057900865103996606,3.2648965635784046,2.307484424346544,4.415225444638033
pod_d32_noBN,pod,32,test_b,4,z_dns,I_y,42,-2.0325692401782676,-4.142580230607615,-0.12929539742962154,2.9241399078303654,1.9043909322492256,4.3478664044272035
pod_d32_noBN,pod,32,test_b,8,z_dns,I_y,42,-1.5072303012894412,-3.061278573508742,-0.12311167579256914,3.0745650657772696,2.0133769790957974,4.356185670732164
pod_d32_noBN,pod,32,test_b,16,z_dns,I_y,42,-0.8120109103000055,-1.8559498830079488,0.3739351123678914,2.607906126216957,1.4701521800979633,4.1842249475093265
pod_d32_noBN,pod,32,test_b,32,z_dns,I_y,42,-0.009322328234208532,-1.0053617523270122,0.3500835924063003,2.276599641456557,1.7699470368746555,2.7969038735247014
pod_d32_noBN,pod,32,test_b,64,z_dns,I_y,42,0.11836650746237354,-0.8777115291815746,0.41499166617135635,4.198818983339585,3.0155495105772028,5.436196436065092
pod_d32_noBN,pod,32,test_b,1,z_dns,wake_enstrophy,42,0.07140257321156285,-3.88956410616471,0.5416308529232119,70.64332453874992,57.82987324896884,84.10449326009032
pod_d32_noBN,pod,32,test_b,4,z_dns,wake_enstrophy,42,0.09528147140024057,-5.418770799232887,0.505164589265769,70.28863917349675,56.15206026533774,85.07959854912455
pod_d32_noBN,pod,32,test_b,8,z_dns,wake_enstrophy,42,-0.044313498814452235,-8.596984198803508,0.391647123689943,79.71064876001394,64.97109424808929,96.82962255800867
pod_d32_noBN,pod,32,test_b,16,z_dns,wake_enstrophy,42,-0.17390253067039407,-6.43256254609186,0.23167509776844647,81.82286464500201,67.1615153994391,98.19437754082769
pod_d32_noBN,pod,32,test_b,32,z_dns,wake_enstrophy,42,0.08974264459646497,-0.5529217800794793,0.46764635716105046,70.05326328618145,53.524282874525774,86.64790042545584
pod_d32_noBN,pod,32,test_b,64,z_dns,wake_enstrophy,42,-0.2137952362090394,-0.8360316869402983,0.2458876313948754,66.70484747897645,48.66211280496038,89.02550840999554
pod_d32_noBN,pod,32,test_b,1,z_dns,circulation_pos,42,-0.4374996366830519,-2.4824030992919286,0.2111614198378138,1.777025137402185,1.494744883773377,2.058914932440944
pod_d32_noBN,pod,32,test_b,4,z_dns,circulation_pos,42,-0.09710937672375253,-1.2035151018627508,0.2266327951281523,1.6096795881967545,1.3118837766861926,1.915030030128628
pod_d32_noBN,pod,32,test_b,8,z_dns,circulation_pos,42,-0.16484501257349726,-1.2657295822085515,0.11419190939884533,1.6721214659356154,1.2876421531586066,2.0838879078387493
pod_d32_noBN,pod,32,test_b,16,z_dns,circulation_pos,42,-0.048990140044709474,-0.41829795444162154,0.18683533909077263,1.6497418262360593,1.2483577916500195,2.1423234143876115
pod_d32_noBN,pod,32,test_b,32,z_dns,circulation_pos,42,0.3762061842334463,-0.05479181064805982,0.6501197400390472,1.3375180005064267,1.025382322944505,1.691975575414075
pod_d32_noBN,pod,32,test_b,64,z_dns,circulation_pos,42,-0.1310681468550401,-0.7256209262652634,0.2981942921594718,1.7672493999335195,1.333324194404062,2.2557634818324344
pod_d32_noBN,pod,32,test_b,1,z_dns,circulation_neg,42,0.29078904016784357,-1.0954771694277923,0.5167434967205794,1.774345295347236,1.2367508245423702,2.3770187312746196
pod_d32_noBN,pod,32,test_b,4,z_dns,circulation_neg,42,0.29919871718161006,-0.9853637296019923,0.5268653418461449,1.7444967915289118,1.1826367547807364,2.436424266825955
pod_d32_noBN,pod,32,test_b,8,z_dns,circulation_neg,42,0.28822932411542834,-0.7430456155740893,0.42154831695664596,1.881103985242884,1.2852539374002165,2.600729925193868
pod_d32_noBN,pod,32,test_b,16,z_dns,circulation_neg,42,0.32310813942644967,0.0039753198216046426,0.4382420533890173,1.6165419855093,0.9911791172044614,2.4471946598740235
pod_d32_noBN,pod,32,test_b,32,z_dns,circulation_neg,42,0.3921960345263994,-0.1037469670824538,0.5980432015534599,1.4270854049402697,1.0735405415307,1.8729921028810992
pod_d32_noBN,pod,32,test_b,64,z_dns,circulation_neg,42,0.09824715223054903,-0.19848586465484871,0.2640027755800978,1.808167569065252,1.3250615594246031,2.3638906057447
pod_d32_noBN,pod,32,test_b,1,z_markov,C_L,42,0.17065696396417795,-0.5529171703076051,0.538074131469,0.8839931783272111,0.7075418003061041,1.0776713822766908
pod_d32_noBN,pod,32,test_b,4,z_markov,C_L,42,0.5855288638110725,-0.5165041207126253,0.7683222946750694,0.8809711906672262,0.6811745959338688,1.1033639452413095
pod_d32_noBN,pod,32,test_b,8,z_markov,C_L,42,0.7599481524023399,0.4817272605609321,0.8378935351527236,0.9428200251595361,0.6485036882129646,1.2665118747238915
pod_d32_noBN,pod,32,test_b,16,z_markov,C_L,42,0.7136833422927165,0.5472882460158287,0.8651434853566693,0.8397606851447209,0.5355183871948334,1.1998940267165963
pod_d32_noBN,pod,32,test_b,32,z_markov,C_L,42,0.5145181304654141,0.24245110092810077,0.8166355130942656,0.6541885560171484,0.41143650561995293,0.9545462411852229
pod_d32_noBN,pod,32,test_b,64,z_markov,C_L,42,-2.112884370409326,-8.732090479307475,-0.42581392305546906,0.7813607117960043,0.6359379950603161,0.9371780608290952
pod_d32_noBN,pod,32,test_b,1,z_markov,C_D,42,0.1749433757491753,-0.5887204613576973,0.5313340334769834,0.3035729200107713,0.23056949752912217,0.38113381235661303
pod_d32_noBN,pod,32,test_b,4,z_markov,C_D,42,0.13690312228605617,-0.5790772795631627,0.48465088935076095,0.2634389153947576,0.19369833326568933,0.34214026211207726
pod_d32_noBN,pod,32,test_b,8,z_markov,C_D,42,0.5507730524259833,0.3434344983487751,0.7330852102946274,0.23944434021373137,0.1526041954962203,0.34488031455137436
pod_d32_noBN,pod,32,test_b,16,z_markov,C_D,42,0.5582074396155582,0.4013761063387895,0.7252802463831978,0.2762280805106788,0.16744146722773756,0.4059296770683672
pod_d32_noBN,pod,32,test_b,32,z_markov,C_D,42,0.5044153572335489,0.3819014603980157,0.63645349950273,0.2630554804543844,0.17269314032474425,0.37158567990435726
pod_d32_noBN,pod,32,test_b,64,z_markov,C_D,42,-0.7561409119257727,-3.766744792311424,0.13886910716300188,0.19780894905355678,0.13899304724977815,0.2652188344837948
pod_d32_noBN,pod,32,test_b,1,z_markov,I_y,42,-1.4145021185124804,-4.08303001645109,0.010878478838854977,3.0674445326092474,2.1556992180836545,4.304957297251808
pod_d32_noBN,pod,32,test_b,4,z_markov,I_y,42,-1.6333654761296281,-3.464065616829466,-0.10526716803863337,2.644241985164794,1.6300892250902608,3.918852340073899
pod_d32_noBN,pod,32,test_b,8,z_markov,I_y,42,-1.1170248677946968,-2.486996266744077,0.0815506384035054,2.649716050155086,1.69039189362996,3.979034684335549
pod_d32_noBN,pod,32,test_b,16,z_markov,I_y,42,-0.2562774449569514,-0.815370006192898,0.3774829144726176,2.2957240266895744,1.3066583530572324,3.729695876096074
pod_d32_noBN,pod,32,test_b,32,z_markov,I_y,42,0.31745761799220673,-0.03003161770950542,0.4840751734436993,1.7101767682076943,1.2666159185531243,2.1821789031861343
pod_d32_noBN,pod,32,test_b,64,z_markov,I_y,42,0.07797484849281477,-0.7162841872976037,0.3111355943066409,3.948330638119634,2.6169464123387254,5.382214420024027
pod_d32_noBN,pod,32,test_b,1,z_markov,wake_enstrophy,42,0.09877004868958872,-3.583234107554937,0.4691950307249928,67.83459461225944,54.6475327159335,82.05371048267874
pod_d32_noBN,pod,32,test_b,4,z_markov,wake_enstrophy,42,0.0727635215986685,-4.003907645541551,0.37654320473553343,68.42090967526744,53.000189391482756,85.99455049435461
pod_d32_noBN,pod,32,test_b,8,z_markov,wake_enstrophy,42,0.019972573484809963,-6.141493523149147,0.3404191432965177,72.31560862010218,56.31214809832466,89.54120099411483
pod_d32_noBN,pod,32,test_b,16,z_markov,wake_enstrophy,42,0.04189622514149827,-2.7508575702607048,0.27190205634284886,61.40101926323094,44.1320604990619,82.28793307287803
pod_d32_noBN,pod,32,test_b,32,z_markov,wake_enstrophy,42,0.5145031896765889,0.19356974210586672,0.6837374593363094,54.03598256874532,43.31538560635842,64.9829483593643
pod_d32_noBN,pod,32,test_b,64,z_markov,wake_enstrophy,42,-0.02447755478060798,-1.6976381520606127,0.5431603683005884,60.01911779125131,42.85183648634556,81.54467449101644
pod_d32_noBN,pod,32,test_b,1,z_markov,circulation_pos,42,-0.32069649493460184,-1.997123242084711,0.17853492275259994,1.7022467335426634,1.4344758589361413,1.965473514992958
pod_d32_noBN,pod,32,test_b,4,z_markov,circulation_pos,42,-0.05326489428757153,-0.9228337555710806,0.20068119580698154,1.5452374556390764,1.235839435921432,1.861352705050292
pod_d32_noBN,pod,32,test_b,8,z_markov,circulation_pos,42,-0.03854680942288535,-0.5644862854275627,0.1795792461852112,1.537632215921885,1.19739039060721,1.9608670830285766
pod_d32_noBN,pod,32,test_b,16,z_markov,circulation_pos,42,-0.06561802661308791,-0.4273445042282121,0.5204760526728653,1.2764402915347268,0.8317046222990881,1.8967518249113782
pod_d32_noBN,pod,32,test_b,32,z_markov,circulation_pos,42,0.40220158755452273,-0.08521152231450621,0.7611826632560226,1.2193214231514815,0.8914898734238106,1.610235130925474
pod_d32_noBN,pod,32,test_b,64,z_markov,circulation_pos,42,0.037838009000866535,-0.7623141881347887,0.42774336055357143,1.6009817860996658,1.1567410241542175,2.0730127236201414
pod_d32_noBN,pod,32,test_b,1,z_markov,circulation_neg,42,0.25668653575759326,-1.0929415010760435,0.4775012645450687,1.7952379339768583,1.258017966801284,2.42877835253144
pod_d32_noBN,pod,32,test_b,4,z_markov,circulation_neg,42,0.249800972979225,-0.8012851590550403,0.44011256380926544,1.7708823055915934,1.1882787680682403,2.465849401893451
pod_d32_noBN,pod,32,test_b,8,z_markov,circulation_neg,42,0.28818795387534635,-0.2878583678279181,0.44310456794857245,1.6313343624553145,0.9784473975705796,2.435803177619954
pod_d32_noBN,pod,32,test_b,16,z_markov,circulation_neg,42,0.3935350585864499,0.1492204009744207,0.6078829710386437,1.4367467955684363,0.8715512184758454,2.2234552601336888
pod_d32_noBN,pod,32,test_b,32,z_markov,circulation_neg,42,0.5492170584446545,0.3058388549295702,0.6737407803139153,1.2848199284518063,0.9830006808081291,1.623741042652326
pod_d32_noBN,pod,32,test_b,64,z_markov,circulation_neg,42,0.49300911835381445,0.10442493074119313,0.6648851274726064,1.3390592544611086,0.9655349761128147,1.778019434457142
pod_d32_noBN,pod,32,test_b,1,z_full,C_L,42,0.2134214843926563,-0.49354265476809883,0.543840544121363,0.8507678966039177,0.677099511644984,1.0437229990751176
pod_d32_noBN,pod,32,test_b,4,z_full,C_L,42,0.4432510681654669,-0.7110109737986683,0.6518844563662879,0.9813883617762412,0.7386198785453101,1.2507948777531808
pod_d32_noBN,pod,32,test_b,8,z_full,C_L,42,0.7314178917253329,0.4351336232112111,0.8228305087520761,0.9922782841121842,0.6863981634721347,1.3438107783258983
pod_d32_noBN,pod,32,test_b,16,z_full,C_L,42,0.7055764681584707,0.4997032615967046,0.8844658242240292,0.7891283872710817,0.473706789296596,1.171713113391804
pod_d32_noBN,pod,32,test_b,32,z_full,C_L,42,0.5543602937647483,0.32545894508462536,0.7076612111145023,0.7965349234140581,0.5834522655157038,1.035117274105386
pod_d32_noBN,pod,32,test_b,64,z_full,C_L,42,-1.0126381549361532,-2.7714133702144514,-0.2689945884878296,0.4924612016061128,0.3452975065790693,0.6885037035435957
pod_d32_noBN,pod,32,test_b,1,z_full,C_D,42,0.18224961444149723,-0.5788418360118489,0.5410460464038195,0.30567296030267055,0.233372649843261,0.3800935967708045
pod_d32_noBN,pod,32,test_b,4,z_full,C_D,42,0.009945640265027977,-0.7751021206077816,0.44369381931888185,0.2664061304308278,0.17865070642420539,0.36140248312613843
pod_d32_noBN,pod,32,test_b,8,z_full,C_D,42,0.4908012723389623,0.25297971165206423,0.6982163800014719,0.25070404010251135,0.1611075801560129,0.35922182092889776
pod_d32_noBN,pod,32,test_b,16,z_full,C_D,42,0.5468277395863955,0.375447811892996,0.7588552119199162,0.2692474935437326,0.1597089749860606,0.40614602563403884
pod_d32_noBN,pod,32,test_b,32,z_full,C_D,42,0.5000721654601493,0.2698335337960322,0.6386895712145324,0.30142263376024164,0.21617312862132965,0.396483100989604
pod_d32_noBN,pod,32,test_b,64,z_full,C_D,42,-0.8625979199537823,-2.5923917759726827,-0.09395137789211788,0.17859550579872954,0.11597348482554051,0.25828549781738847
pod_d32_noBN,pod,32,test_b,1,z_full,I_y,42,-1.3937353388418767,-4.094057563545251,0.020149705073705,3.0571309037535634,2.135839363104831,4.2706477498006805
pod_d32_noBN,pod,32,test_b,4,z_full,I_y,42,-1.6471158362791405,-3.545246754291224,-0.16668856108840824,2.7208678844160583,1.7045894904763452,4.009726748928682
pod_d32_noBN,pod,32,test_b,8,z_full,I_y,42,-1.163486865363271,-2.482025686449839,-0.028983794773561368,2.7604208454360886,1.771581225741096,4.07756183265188
pod_d32_noBN,pod,32,test_b,16,z_full,I_y,42,-0.3449018993619246,-0.9067407951323989,0.36027598735732697,2.3480524387833843,1.3499487609399785,3.7268309922469856
pod_d32_noBN,pod,32,test_b,32,z_full,I_y,42,-0.03853787499524208,-0.8073905699797177,0.2767636033195127,2.0307141257034034,1.4496760717136725,2.6580367506736984
pod_d32_noBN,pod,32,test_b,64,z_full,I_y,42,0.2146151622861071,-0.44510287652371094,0.3965062418875933,3.9717976993179827,2.8730848109336597,5.199762376726849
pod_d32_noBN,pod,32,test_b,1,z_full,wake_enstrophy,42,0.10543436662578165,-3.9176682412876027,0.49491155470927223,67.92452554178924,54.58540900936168,81.96242681416076
pod_d32_noBN,pod,32,test_b,4,z_full,wake_enstrophy,42,0.11525278436452802,-4.217093890191688,0.43789226777485646,67.30317353814776,52.99701875961115,84.10250458022117
pod_d32_noBN,pod,32,test_b,8,z_full,wake_enstrophy,42,0.09219992667115917,-6.005714809329851,0.38029558258946194,68.39629673666361,52.38401197015552,84.43264711837051
pod_d32_noBN,pod,32,test_b,16,z_full,wake_enstrophy,42,0.04831800803913888,-3.086757506270566,0.3071846044591339,65.97648142973185,50.34731562953278,85.87525179941628
pod_d32_noBN,pod,32,test_b,32,z_full,wake_enstrophy,42,-0.2803640420064819,-1.2342785133684655,0.32177656468450977,78.43626668004453,57.50431598340799,101.9540369822738
pod_d32_noBN,pod,32,test_b,64,z_full,wake_enstrophy,42,-0.25996918563896143,-0.9007464144781564,0.08053462430338507,66.70854653293243,48.47526241314303,89.25263567440881
pod_d32_noBN,pod,32,test_b,1,z_full,circulation_pos,42,-0.2999438960261265,-2.000651073932694,0.20109242196350324,1.6888823361778382,1.402797718159169,1.9595419630879292
pod_d32_noBN,pod,32,test_b,4,z_full,circulation_pos,42,0.07124526647738594,-0.7619367958727563,0.3067495132184697,1.4605517916026187,1.1650980928682326,1.7646171975728113
pod_d32_noBN,pod,32,test_b,8,z_full,circulation_pos,42,0.07276408911871579,-0.3834692363942597,0.2789166088528568,1.4258146671393108,1.0870581268043107,1.825913426011526
pod_d32_noBN,pod,32,test_b,16,z_full,circulation_pos,42,-0.005670225658531036,-0.4074449724299298,0.6174471512694554,1.2301230276979962,0.7903454497834705,1.8185976724494883
pod_d32_noBN,pod,32,test_b,32,z_full,circulation_pos,42,-0.06208549799016527,-0.8395271889720581,0.46599241116827483,1.6260633249130059,1.1764854868665302,2.161846780684083
pod_d32_noBN,pod,32,test_b,64,z_full,circulation_pos,42,-0.059878698977449796,-0.5056198782399215,0.24120447523881972,1.6572073944669627,1.2256754333265878,2.182520276279794
pod_d32_noBN,pod,32,test_b,1,z_full,circulation_neg,42,0.2630098879862858,-1.1944657827691425,0.48075424055177113,1.8018293424411809,1.2793220306654158,2.3885070836621702
pod_d32_noBN,pod,32,test_b,4,z_full,circulation_neg,42,0.25378807611506893,-0.6602615019875259,0.4606185543954813,1.7732692820458034,1.1758733335349618,2.480507724516427
pod_d32_noBN,pod,32,test_b,8,z_full,circulation_neg,42,0.29233783393310975,-0.42767798067676893,0.46855779479369064,1.6250489092526723,0.9743423367926999,2.3999577746916767
pod_d32_noBN,pod,32,test_b,16,z_full,circulation_neg,42,0.43052696880244057,0.25717748333718987,0.6128801811204859,1.4592558621548994,0.9209992174999228,2.1569956083946846
pod_d32_noBN,pod,32,test_b,32,z_full,circulation_neg,42,0.4379859702618647,-0.0019807877886678163,0.5822777280932236,1.4535527222932412,1.1164984064912353,1.830144324226536
pod_d32_noBN,pod,32,test_b,64,z_full,circulation_neg,42,0.11969989887291255,-0.3844286967464988,0.42992988350867917,1.7243915416923317,1.2018132398665786,2.3194387153150964
pod_d32_noBN,pod,32,test_c,1,z_dns,C_L,24,0.7006057939980197,0.27931500705599965,0.8608919927230105,0.9914634733846857,0.6892643733368372,1.2975529536365502
pod_d32_noBN,pod,32,test_c,4,z_dns,C_L,24,0.7702593221165261,0.5990510612837245,0.8489868160152101,1.1141004375046362,0.8359143471752177,1.4054027236104982
pod_d32_noBN,pod,32,test_c,8,z_dns,C_L,24,0.7986704179830968,0.6594427266271192,0.86320848152688,1.4479271029044638,1.1311935404867126,1.7553737866306327
pod_d32_noBN,pod,32,test_c,16,z_dns,C_L,24,0.8431800341219998,0.7430518953535015,0.9018443712708367,1.478297635726717,1.099252026662187,1.9239627280125329
pod_d32_noBN,pod,32,test_c,32,z_dns,C_L,24,-2.8118282868062177,-7.894068320215767,-0.7676332300889808,1.060478155522379,0.7376538835721925,1.3825209672146435
pod_d32_noBN,pod,32,test_c,64,z_dns,C_L,24,-1.1670874394583421,-4.622240803479347,0.11585365550699073,0.42766223521273977,0.301316988960694,0.5618765478892139
pod_d32_noBN,pod,32,test_c,1,z_dns,C_D,24,-2.7761360784582676,-7.528364940437139,-1.2330615999238188,0.5300803680935294,0.4155973209144155,0.6466411260097493
pod_d32_noBN,pod,32,test_c,4,z_dns,C_D,24,-5.299177374242847,-12.340819382640644,-2.410608406441534,0.6323531340917059,0.48178731975472305,0.7869438734237911
pod_d32_noBN,pod,32,test_c,8,z_dns,C_D,24,-5.2784656353347845,-8.882901042169301,-3.3416186891465456,0.7086760296823836,0.49661045887886934,0.9246322470639652
pod_d32_noBN,pod,32,test_c,16,z_dns,C_D,24,-0.2771216150362015,-1.6280485625113559,0.5310355161705791,0.4543882285851713,0.29216817869437617,0.6854232067607011
pod_d32_noBN,pod,32,test_c,32,z_dns,C_D,24,-6.7227803100554455,-15.685365555057265,-2.877595616225651,0.24846183807329125,0.18513573601805475,0.31597317240722306
pod_d32_noBN,pod,32,test_c,64,z_dns,C_D,24,-16.44770802515893,-53.783601801857685,-5.4488881888378655,0.1846529582397792,0.1250439918557957,0.2505820388520357
pod_d32_noBN,pod,32,test_c,1,z_dns,I_y,24,-0.9690137354482649,-2.3848562307491674,-0.1378294081122445,2.4470525931060934,1.7267915097874362,3.1476558267535015
pod_d32_noBN,pod,32,test_c,4,z_dns,I_y,24,-1.132346850607413,-2.9992733731585854,-0.16695014923801124,2.1088012764658877,1.44728818285175,2.8380453701388766
pod_d32_noBN,pod,32,test_c,8,z_dns,I_y,24,-0.701227036438508,-1.957804409102276,-0.11847802504190286,1.5839376802432057,1.1137209406184316,2.060107351645936
pod_d32_noBN,pod,32,test_c,16,z_dns,I_y,24,-0.9716082009185607,-5.514679589757826,0.26038612872012773,1.407603524672398,0.950143755476643,1.9450432838699092
pod_d32_noBN,pod,32,test_c,32,z_dns,I_y,24,-1.5491095281721226,-3.9641106780015853,-0.9001130916553491,1.7601176073995173,1.2921836059177898,2.3094318456562277
pod_d32_noBN,pod,32,test_c,64,z_dns,I_y,24,0.014759187243882144,-0.6212456861129908,0.1476878770997734,3.8457276348676643,2.4162136559202008,5.452436255204074
pod_d32_noBN,pod,32,test_c,1,z_dns,wake_enstrophy,24,-0.6883711235940579,-2.58325813208345,-0.019015529321536866,82.26928959351456,65.8523764373049,98.5511933859054
pod_d32_noBN,pod,32,test_c,4,z_dns,wake_enstrophy,24,-1.100432268890525,-2.99474258265186,-0.3603523250572394,122.22349225818482,103.7844303816682,141.16617284450479
pod_d32_noBN,pod,32,test_c,8,z_dns,wake_enstrophy,24,-0.9938684305209622,-2.250685135012906,-0.4489227209422013,182.21553340536636,138.7789710835699,227.55351350986072
pod_d32_noBN,pod,32,test_c,16,z_dns,wake_enstrophy,24,-0.9877128139157563,-1.850910397139801,-0.6019982343249596,233.3057445735594,167.27941551003815,307.4948634416454
pod_d32_noBN,pod,32,test_c,32,z_dns,wake_enstrophy,24,-2.064080546949287,-4.350692802188768,-1.2597357297717577,242.5932776017671,177.2876263479603,308.05957984954654
pod_d32_noBN,pod,32,test_c,64,z_dns,wake_enstrophy,24,0.14478775779689168,-0.21126935507769515,0.2601390089130771,78.75121662770954,64.66226823279845,95.84836241903642
pod_d32_noBN,pod,32,test_c,1,z_dns,circulation_pos,24,0.13405291338484782,-0.7180598924448237,0.5917739302013661,0.9414922125476367,0.6310359210170184,1.2937510402656176
pod_d32_noBN,pod,32,test_c,4,z_dns,circulation_pos,24,-1.5488760810833209,-5.2776278999026305,-0.3941055767758677,1.7714884684757246,1.2995422755858614,2.2987879383160874
pod_d32_noBN,pod,32,test_c,8,z_dns,circulation_pos,24,-4.488172983118406,-11.562092908838084,-2.0051261366021627,3.2371704499803045,2.607083399471479,3.864847690422497
pod_d32_noBN,pod,32,test_c,16,z_dns,circulation_pos,24,-5.159538797924153,-10.286237623000535,-3.1697602570474626,4.109562946364021,3.3451066367403923,4.8706620506748415
pod_d32_noBN,pod,32,test_c,32,z_dns,circulation_pos,24,-3.326451737147897,-7.912467951736661,-1.6149819747484575,4.74916862854797,3.5214816685918158,5.964783405281912
pod_d32_noBN,pod,32,test_c,64,z_dns,circulation_pos,24,0.17608010883203418,-0.23359608019012398,0.3250651679993403,2.227170712599458,1.7327216480705239,2.698703983507447
pod_d32_noBN,pod,32,test_c,1,z_dns,circulation_neg,24,-10.978916939582495,-20.198723527223382,-6.231839876093179,1.6446559276592245,1.2332051692041222,2.1004202859618997
pod_d32_noBN,pod,32,test_c,4,z_dns,circulation_neg,24,-6.088538040264468,-14.5457044226338,-2.1296266915601954,1.8079821793196633,1.1616302348240743,2.4637743706396766
pod_d32_noBN,pod,32,test_c,8,z_dns,circulation_neg,24,-4.341714870880663,-9.453248225896067,-2.152523743527038,3.3952091552031196,2.7290636251254523,4.037678333719441
pod_d32_noBN,pod,32,test_c,16,z_dns,circulation_neg,24,-4.383768395171132,-8.100381155190249,-2.694194491474624,4.26155135279797,3.2553270368711757,5.321308675485894
pod_d32_noBN,pod,32,test_c,32,z_dns,circulation_neg,24,-5.066607610054118,-9.680378554216952,-2.8036996788418387,4.300615634363354,3.051569123528383,5.590039292790513
pod_d32_noBN,pod,32,test_c,64,z_dns,circulation_neg,24,-1.0468528331970033,-2.519396875631332,-0.2709951281693596,1.61796104276333,1.0098683312900207,2.2554905519584043
pod_d32_noBN,pod,32,test_c,1,z_markov,C_L,24,0.6173331605800444,0.11584440797479396,0.8191593547042264,1.100815664216748,0.7608196236047978,1.4646864782757858
pod_d32_noBN,pod,32,test_c,4,z_markov,C_L,24,0.7029888534734952,0.5051524337570035,0.8167400369446656,1.211688405708059,0.8453889888845775,1.5721247236723201
pod_d32_noBN,pod,32,test_c,8,z_markov,C_L,24,0.3434160298553307,0.050022440758005604,0.520302211396482,2.213121709897391,1.4516430744528728,3.065202768023935
pod_d32_noBN,pod,32,test_c,16,z_markov,C_L,24,0.6407546436767264,0.5002092056969298,0.7509031977435603,1.9372706574436442,1.1812285398232805,2.721723588786621
pod_d32_noBN,pod,32,test_c,32,z_markov,C_L,24,-6.406451106929511,-14.04699339374121,-3.701446313510412,1.626585314120356,1.28955493063491,1.972389922994402
pod_d32_noBN,pod,32,test_c,64,z_markov,C_L,24,-3.241327167436527,-9.05704418110565,-1.2778592425250246,0.6404989772372939,0.4882378029876729,0.7991133479043458
pod_d32_noBN,pod,32,test_c,1,z_markov,C_D,24,-3.3296902913525415,-9.907348156286213,-1.4626008876242649,0.5767287005069465,0.46446415057173346,0.6893322986801494
pod_d32_noBN,pod,32,test_c,4,z_markov,C_D,24,-6.805398564602514,-14.875532898933384,-3.7212238496694483,0.7142160610075852,0.5480642959579156,0.8761544260842467
pod_d32_noBN,pod,32,test_c,8,z_markov,C_D,24,-5.0749351148581505,-8.931106537187862,-2.92046915351499,0.7228951860508083,0.5330198804589587,0.9263748358405047
pod_d32_noBN,pod,32,test_c,16,z_markov,C_D,24,0.09913014666299935,-0.8296765465078787,0.6181331783803368,0.3498489182287199,0.1994980677464864,0.5413449866629584
pod_d32_noBN,pod,32,test_c,32,z_markov,C_D,24,-3.918174770379342,-7.766094361029104,-1.9779664046292067,0.20198071394963488,0.15252062919317444,0.2535460484171951
pod_d32_noBN,pod,32,test_c,64,z_markov,C_D,24,-13.719978051961242,-43.180304680046206,-4.088415256581802,0.15927690217550636,0.10057913860323998,0.22538721780020665
pod_d32_noBN,pod,32,test_c,1,z_markov,I_y,24,-0.5183833531397237,-1.5714496941734208,-0.006959602536065883,2.1869189504514535,1.59789134350503,2.803839267214313
pod_d32_noBN,pod,32,test_c,4,z_markov,I_y,24,-0.4521819588914897,-1.4388539223689873,0.04290893175420668,1.8722831907686592,1.439511513169797,2.3821917665581123
pod_d32_noBN,pod,32,test_c,8,z_markov,I_y,24,-0.3796109305552797,-1.4788235885790069,0.25356495551858066,1.4212664107011903,1.0383244378092578,1.832725222526894
pod_d32_noBN,pod,32,test_c,16,z_markov,I_y,24,-1.5914495346088655,-4.866540114464966,-0.5498545750959963,1.751646028076303,1.2822494306121914,2.3008969709808387
pod_d32_noBN,pod,32,test_c,32,z_markov,I_y,24,-0.8564340439263696,-2.545707235560522,-0.26723928471572744,1.4846899962588604,1.0704482108298627,1.983724125970616
pod_d32_noBN,pod,32,test_c,64,z_markov,I_y,24,-0.2006339136450639,-0.7730830067007523,-0.07008775954795839,4.502265209814859,3.0308626641185192,6.164326250543923
pod_d32_noBN,pod,32,test_c,1,z_markov,wake_enstrophy,24,-0.37164058133585764,-1.6377197373283032,0.09391682377910412,75.45469992590738,61.59130149562905,88.61612809453105
pod_d32_noBN,pod,32,test_c,4,z_markov,wake_enstrophy,24,-0.36894143174412064,-1.3518690165327403,0.0753573847610285,80.9044094727613,54.74008987787103,108.33796801952542
pod_d32_noBN,pod,32,test_c,8,z_markov,wake_enstrophy,24,-1.0146664336737956,-2.2245107935113446,-0.4388974708443171,156.59026640948025,100.14802943936145,214.16417424469742
pod_d32_noBN,pod,32,test_c,16,z_markov,wake_enstrophy,24,-1.1170292456819069,-2.1989716543678255,-0.6004129162223979,217.82948644777585,138.7342444830962,308.7523330285045
pod_d32_noBN,pod,32,test_c,32,z_markov,wake_enstrophy,24,-1.7313121230416888,-3.5871056576454166,-0.9789245116903864,223.55607406704317,158.66247796332485,286.31173755639
pod_d32_noBN,pod,32,test_c,64,z_markov,wake_enstrophy,24,-1.1331839661825458,-3.5754692835468713,-0.25277080119483447,125.3308557683718,101.5416831158011,151.16251034220025
pod_d32_noBN,pod,32,test_c,1,z_markov,circulation_pos,24,0.26267529019571345,-0.4835469820830393,0.6473662425348432,0.8524356714888627,0.5666668661223495,1.1761261484424648
pod_d32_noBN,pod,32,test_c,4,z_markov,circulation_pos,24,-0.03604022663027995,-1.6099749839868294,0.42816802194922127,1.1917557158935388,0.925955516257032,1.4704475723795782
pod_d32_noBN,pod,32,test_c,8,z_markov,circulation_pos,24,-2.6394312979151886,-8.276329529647048,-0.7361750402321595,2.3991217810694287,1.7185099451801036,3.0757619518212516
pod_d32_noBN,pod,32,test_c,16,z_markov,circulation_pos,24,-4.969511653608727,-9.521248413094145,-3.145754231418098,3.8639442221247164,2.9913676795923774,4.74171928530468
pod_d32_noBN,pod,32,test_c,32,z_markov,circulation_pos,24,-3.2248760157238454,-7.75889785411724,-1.6218467243713506,4.653441412944489,3.3790214501032625,5.830929023806027
pod_d32_noBN,pod,32,test_c,64,z_markov,circulation_pos,24,-0.599453085968028,-1.3697444736345534,-0.2669767415943624,3.1214105877904275,2.4857400121769078,3.793466145351445
pod_d32_noBN,pod,32,test_c,1,z_markov,circulation_neg,24,-6.501465485353758,-12.097719014336986,-3.284983768707263,1.2717972427740678,0.9211405035804415,1.6198047741195991
pod_d32_noBN,pod,32,test_c,4,z_markov,circulation_neg,24,-1.6832713132300219,-4.475243080184088,-0.4491290772608738,1.2759930554556222,0.9775256510592025,1.5918576781107607
pod_d32_noBN,pod,32,test_c,8,z_markov,circulation_neg,24,-3.2823276525419294,-7.253548072732563,-1.775503962456998,3.107831342741435,2.52094054429889,3.6220594024237376
pod_d32_noBN,pod,32,test_c,16,z_markov,circulation_neg,24,-5.9905065781785565,-11.334040431494087,-3.859934063785358,5.254302556113077,4.351413880004292,6.132191452135857
pod_d32_noBN,pod,32,test_c,32,z_markov,circulation_neg,24,-5.372801116090843,-10.797594852767068,-3.2473486712786914,4.748301903931592,3.707004973908707,5.793179696290828
pod_d32_noBN,pod,32,test_c,64,z_markov,circulation_neg,24,-1.615504399803008,-3.785706262717601,-0.5611931588910661,1.9476760359028713,1.3347929202479856,2.6039034457324144
pod_d32_noBN,pod,32,test_c,1,z_full,C_L,24,0.7515597263489127,0.39625335446543164,0.8921473485277025,0.8979996989386737,0.6312419722109702,1.171235775086776
pod_d32_noBN,pod,32,test_c,4,z_full,C_L,24,0.7131955833722354,0.560545258963787,0.8234970064310952,1.1845627668233079,0.8400726821326149,1.5732432834842371
pod_d32_noBN,pod,32,test_c,8,z_full,C_L,24,0.549723839233242,0.3537189311198094,0.6656591428674421,1.9132644703359043,1.3414797179171214,2.5502752290462274
pod_d32_noBN,pod,32,test_c,16,z_full,C_L,24,0.7743587867931246,0.6545079661899689,0.8321929664935361,1.871082273798813,1.451337178403767,2.298253935495976
pod_d32_noBN,pod,32,test_c,32,z_full,C_L,24,-10.614694282768767,-21.383667924947318,-6.21443590172034,1.9997701136572086,1.507198841768982,2.460314451924093
pod_d32_noBN,pod,32,test_c,64,z_full,C_L,24,-3.7978740605524512,-9.531775323765752,-1.580033248450483,0.6822701817408815,0.5292195136530602,0.8443170841075046
pod_d32_noBN,pod,32,test_c,1,z_full,C_D,24,-2.653174300873686,-7.550171845860951,-1.1069170425473187,0.5187924708748787,0.40531491361943117,0.6354664946648573
pod_d32_noBN,pod,32,test_c,4,z_full,C_D,24,-4.140630828021451,-9.71998127282313,-1.9397197804724007,0.5506667063165482,0.3972788346870031,0.7082942249860664
pod_d32_noBN,pod,32,test_c,8,z_full,C_D,24,-4.631785622818919,-8.054429076181833,-2.7448618157089544,0.6969619118027605,0.5221211464451643,0.9109081595336117
pod_d32_noBN,pod,32,test_c,16,z_full,C_D,24,-0.694964423376323,-2.4539466773246787,0.20181658431490002,0.5914236890645456,0.42382544974665537,0.7933970169369619
pod_d32_noBN,pod,32,test_c,32,z_full,C_D,24,-27.680856545849267,-57.08711204754496,-14.659900910387693,0.49995185009042703,0.3873846612446333,0.616375365917174
pod_d32_noBN,pod,32,test_c,64,z_full,C_D,24,-15.114744233838529,-39.22304013611467,-6.963811840263386,0.19887056087842261,0.1503339710836808,0.2511235487642782
pod_d32_noBN,pod,32,test_c,1,z_full,I_y,24,-0.5917099481630785,-1.7702527916400144,0.008247056000110898,2.198282193891895,1.575377462787774,2.8516536051254775
pod_d32_noBN,pod,32,test_c,4,z_full,I_y,24,-0.5412519418702382,-1.6212002461850712,-0.050297486585048755,1.8633968204147224,1.3535463183192218,2.4123361665107805
pod_d32_noBN,pod,32,test_c,8,z_full,I_y,24,-0.7108918773137218,-2.270577257174685,-0.014508981915268601,1.5118197375699058,1.0622459751884785,2.0240452342418966
pod_d32_noBN,pod,32,test_c,16,z_full,I_y,24,-1.5655631445500209,-5.067424112227712,-0.513940337500224,1.811653808440618,1.3567109704485476,2.2982480768756317
pod_d32_noBN,pod,32,test_c,32,z_full,I_y,24,-2.0818748877509368,-10.70545730597392,0.11884399856611602,1.5911049008344371,1.0028346344220356,2.4213188998608017
pod_d32_noBN,pod,32,test_c,64,z_full,I_y,24,-0.3917249342870748,-1.2934460416652622,-0.11644217667703022,4.4565971812356935,2.6027680829239523,6.465833652164676
pod_d32_noBN,pod,32,test_c,1,z_full,wake_enstrophy,24,-0.3028243526170791,-1.5404626151989693,0.16680244921605566,73.61945950407896,60.541240405588844,86.94157495476496
pod_d32_noBN,pod,32,test_c,4,z_full,wake_enstrophy,24,-0.49012353753838145,-1.6546100775375467,0.026571763310274357,82.79090721723503,55.75992560296341,114.44509840030351
pod_d32_noBN,pod,32,test_c,8,z_full,wake_enstrophy,24,-1.1670999249569602,-2.542217478905232,-0.5131483969225225,158.6470030585806,99.73851104968672,220.86705324939027
pod_d32_noBN,pod,32,test_c,16,z_full,wake_enstrophy,24,-0.7261676946992515,-1.507089981604802,-0.25472303845534777,203.93049896912353,133.99949895073075,276.3135541824177
pod_d32_noBN,pod,32,test_c,32,z_full,wake_enstrophy,24,-2.386293826998096,-4.086649804561501,-1.6939803445269639,271.655910134016,212.27198596657803,327.46007787840745
pod_d32_noBN,pod,32,test_c,64,z_full,wake_enstrophy,24,-1.4503879727025901,-5.036672454784339,-0.02368623909837279,114.93763788000398,77.6926515715108,154.49812229589725
pod_d32_noBN,pod,32,test_c,1,z_full,circulation_pos,24,0.3865064802529591,-0.26162263032990074,0.7296762905025762,0.7681007214932518,0.5108592573635529,1.069010385852309
pod_d32_noBN,pod,32,test_c,4,z_full,circulation_pos,24,-0.17262765471994035,-1.8608318658592713,0.3724029581898325,1.2631028006583065,0.9740675884084158,1.5568357694610453
pod_d32_noBN,pod,32,test_c,8,z_full,circulation_pos,24,-2.9023203740860106,-9.134404404473333,-0.8722851353612334,2.525403664007188,1.8497200732477428,3.157320608647304
pod_d32_noBN,pod,32,test_c,16,z_full,circulation_pos,24,-3.3236675176235178,-7.057430446220269,-1.735499478927747,3.12147058091516,2.3097376232532953,4.014588688883761
pod_d32_noBN,pod,32,test_c,32,z_full,circulation_pos,24,-4.197394152657712,-8.95794128284025,-2.417865288586373,5.2967367077130065,4.083704701258509,6.518468775823374
pod_d32_noBN,pod,32,test_c,64,z_full,circulation_pos,24,-0.6584687846993982,-1.7725584641289063,-0.02550765305029132,2.949024769394461,2.1233287313388445,3.75124640440201
pod_d32_noBN,pod,32,test_c,1,z_full,circulation_neg,24,-5.792130231499596,-10.709808727379853,-2.899128628376236,1.2184446200556383,0.8843980106815638,1.5787819811139792
pod_d32_noBN,pod,32,test_c,4,z_full,circulation_neg,24,-1.865492263272357,-4.984361751028948,-0.5958020827453806,1.323845568590644,1.0214967986096566,1.642856090957488
pod_d32_noBN,pod,32,test_c,8,z_full,circulation_neg,24,-4.227745492114064,-8.711140483894223,-2.44150628533769,3.484074614028082,2.89622687117959,4.030084516307122
pod_d32_noBN,pod,32,test_c,16,z_full,circulation_neg,24,-5.718879751032954,-10.705686242483381,-3.6427005247241193,5.123145721203369,4.235987428601705,6.0285769872511175
pod_d32_noBN,pod,32,test_c,32,z_full,circulation_neg,24,-4.1643062302958755,-8.561227831733323,-2.232080057919593,3.8928623058992122,2.756658472558474,5.0902032712023555
pod_d32_noBN,pod,32,test_c,64,z_full,circulation_neg,24,-2.6186587971773543,-6.016376193307731,-1.0904700318701488,2.529583919273908,1.9083018893471795,3.1524136283636186
pod_d64_noBN,pod,64,test_b,1,z_dns,C_L,42,-0.2054312933676845,-1.0404003410363178,0.3122575661699244,0.9943959632010372,0.7543990780705804,1.2493775092745005
pod_d64_noBN,pod,64,test_b,4,z_dns,C_L,42,0.49009532131848843,-0.8978418836669231,0.7498483339960584,0.9110181767924191,0.6570424576907639,1.173500413369415
pod_d64_noBN,pod,64,test_b,8,z_dns,C_L,42,0.8445802363560126,0.5020560671065888,0.9583528420761697,0.6560293102937296,0.41276865159951137,0.9520777178328388
pod_d64_noBN,pod,64,test_b,16,z_dns,C_L,42,0.6812987197004634,0.43713068664717436,0.8745674465874809,0.8721638969055865,0.557476936657598,1.274445499315504
pod_d64_noBN,pod,64,test_b,32,z_dns,C_L,42,0.6432029941194497,0.394233999621293,0.7725117290277776,0.7135973555909112,0.5363122618226186,0.9218421537619473
pod_d64_noBN,pod,64,test_b,64,z_dns,C_L,42,-0.15399606875140903,-1.5759776550849554,0.20687184858365942,0.4553053043361879,0.3590316352275046,0.5608088905129757
pod_d64_noBN,pod,64,test_b,1,z_dns,C_D,42,0.16010977287604677,-0.6499317568001215,0.5391606072828735,0.298353911716638,0.226016563937593,0.3775443407759784
pod_d64_noBN,pod,64,test_b,4,z_dns,C_D,42,-0.023677624481580173,-1.1028975193778747,0.4236208533738828,0.29391793711736625,0.21482994830526206,0.3793766749513843
pod_d64_noBN,pod,64,test_b,8,z_dns,C_D,42,0.6161264292297227,0.4547396322977882,0.759244334002412,0.22327682859451153,0.14076179886146536,0.3138402489236335
pod_d64_noBN,pod,64,test_b,16,z_dns,C_D,42,0.6310742304268331,0.512046287796466,0.7330151105137801,0.29085454112328535,0.19775970051242006,0.3882485462568375
pod_d64_noBN,pod,64,test_b,32,z_dns,C_D,42,0.6617842969319301,0.5296027924597575,0.7874600381680487,0.23222592186968088,0.1674076160860618,0.31677189931631616
pod_d64_noBN,pod,64,test_b,64,z_dns,C_D,42,0.010111880307279497,-0.9261413455493868,0.3441982988333365,0.14317873701184128,0.09709006106611434,0.19726659575649758
pod_d64_noBN,pod,64,test_b,1,z_dns,I_y,42,-1.1350632752294887,-4.686281591584569,0.49306457552873634,2.2733801398814806,1.3359598950842093,3.4925357472985046
pod_d64_noBN,pod,64,test_b,4,z_dns,I_y,42,-1.7703134514229029,-4.506493505421481,0.36133780129415827,2.329871088161456,1.3631429035643952,3.7957146762995695
pod_d64_noBN,pod,64,test_b,8,z_dns,I_y,42,-1.2402678167735597,-3.3544923406419693,0.5488619507449237,2.2074085659008693,1.200718308804066,3.6423876009771488
pod_d64_noBN,pod,64,test_b,16,z_dns,I_y,42,-0.7878981091261228,-2.2116996742693904,0.6638326420753696,2.2446799524778474,1.1588931908229796,3.9348183671970256
pod_d64_noBN,pod,64,test_b,32,z_dns,I_y,42,-0.06569492461595772,-1.4090440946188474,0.5065028931106018,2.051753184011562,1.4414823496599884,2.6629327353580687
pod_d64_noBN,pod,64,test_b,64,z_dns,I_y,42,0.7738663544811056,0.5104528193867768,0.8808550553605601,2.1992455411183975,1.6493087791592567,2.871527105753022
pod_d64_noBN,pod,64,test_b,1,z_dns,wake_enstrophy,42,0.027089030366599265,-4.405820215390225,0.5638907720607683,63.755081455824126,47.59193333060947,81.3541458212914
pod_d64_noBN,pod,64,test_b,4,z_dns,wake_enstrophy,42,0.26549419080806724,-4.413754427012181,0.6332367462650156,61.81002509574873,48.65580369982942,75.96597329766551
pod_d64_noBN,pod,64,test_b,8,z_dns,wake_enstrophy,42,0.21165165674495157,-6.807742489557539,0.5916255113001644,68.18609909035438,55.83483632030354,83.21353688700299
pod_d64_noBN,pod,64,test_b,16,z_dns,wake_enstrophy,42,-0.31041341351672935,-8.609996977991184,0.26106707433272053,89.31301217151892,74.9563414986058,104.8870296390031
pod_d64_noBN,pod,64,test_b,32,z_dns,wake_enstrophy,42,0.16538033511599604,-0.5700556780057036,0.5768066582434042,64.27292212073156,47.880053614847476,81.96365520864073
pod_d64_noBN,pod,64,test_b,64,z_dns,wake_enstrophy,42,-0.32351032550098835,-1.2197743527342717,0.11877605169613804,70.91201666403077,51.38279334663205,92.56172374989411
pod_d64_noBN,pod,64,test_b,1,z_dns,circulation_pos,42,-0.3225423758687094,-2.2225042568450526,0.33230901107539595,1.533715624748405,1.1834643622841303,1.8958188713625557
pod_d64_noBN,pod,64,test_b,4,z_dns,circulation_pos,42,-0.022293193634582487,-0.9808797654643328,0.28611952659003786,1.5465893759583331,1.2629898986509311,1.8397385654246803
pod_d64_noBN,pod,64,test_b,8,z_dns,circulation_pos,42,-0.030683833268549288,-1.0336258109887364,0.2963472467993227,1.6071397438846693,1.2587253335251611,1.9779813381954936
pod_d64_noBN,pod,64,test_b,16,z_dns,circulation_pos,42,-0.057219713921430104,-0.5742504786170233,0.18634696871295686,1.6596363278873385,1.2509263254559169,2.125288055192898
pod_d64_noBN,pod,64,test_b,32,z_dns,circulation_pos,42,0.5631652237217307,0.2516415845221559,0.7527340207970022,1.1316308717789887,0.865314795613735,1.426163147545182
pod_d64_noBN,pod,64,test_b,64,z_dns,circulation_pos,42,-0.360227263773669,-1.2474064924209847,0.17204148023884894,1.9253627653730045,1.419935084033338,2.4555693608249065
pod_d64_noBN,pod,64,test_b,1,z_dns,circulation_neg,42,0.3296466107075756,-1.0635143753511667,0.560632439459631,1.6927157902363767,1.1626060589470952,2.2711908375399736
pod_d64_noBN,pod,64,test_b,4,z_dns,circulation_neg,42,0.39065897582529163,-0.9006660418768921,0.6135321858084537,1.6209804681837678,1.0930870450417964,2.2754906293859687
pod_d64_noBN,pod,64,test_b,8,z_dns,circulation_neg,42,0.33441592381879404,-0.5756847822800757,0.548553848135162,1.8307738643249127,1.2629056995020838,2.5121322504678805
pod_d64_noBN,pod,64,test_b,16,z_dns,circulation_neg,42,0.30554710710314903,-0.07650028865605386,0.43728943723408853,1.799856676914227,1.205748035488061,2.588921122693109
pod_d64_noBN,pod,64,test_b,32,z_dns,circulation_neg,42,0.3572874203775168,-0.08606634564670071,0.5756168199388926,1.395754032347421,1.0184522439300183,1.8832616307501215
pod_d64_noBN,pod,64,test_b,64,z_dns,circulation_neg,42,0.048926996846219595,-0.2903429908986997,0.22166734508222952,1.8636149660426482,1.3549348604080649,2.4400246738897833
pod_d64_noBN,pod,64,test_b,1,z_markov,C_L,42,-0.1264183414790958,-1.0130200851009892,0.3770486301595312,0.9273201053992728,0.6835416432537308,1.2011083978053385
pod_d64_noBN,pod,64,test_b,4,z_markov,C_L,42,0.6498425199744607,-0.3114650141061241,0.8094252542471324,0.8276446332868953,0.6561739945167852,1.010615175728545
pod_d64_noBN,pod,64,test_b,8,z_markov,C_L,42,0.7053213869147057,0.5117891007578262,0.7839881389767551,0.9979208603439927,0.6688994142428634,1.3703385149733551
pod_d64_noBN,pod,64,test_b,16,z_markov,C_L,42,0.6827300344923293,0.4458263673438382,0.8839297798370936,0.7838445337073536,0.43760841464739114,1.1962884418078228
pod_d64_noBN,pod,64,test_b,32,z_markov,C_L,42,0.37822795197221126,0.07985345413977407,0.6813216292652614,0.8162193916798908,0.5582239120373116,1.131134597407449
pod_d64_noBN,pod,64,test_b,64,z_markov,C_L,42,-2.0595775847266116,-7.51505907540473,-0.799862722954015,0.7170411807213167,0.5502588982892628,0.9107917869466075
pod_d64_noBN,pod,64,test_b,1,z_markov,C_D,42,0.12573285708394033,-0.682161956357161,0.52787320191933,0.28296763006894476,0.19873894600196879,0.37217369499295555
pod_d64_noBN,pod,64,test_b,4,z_markov,C_D,42,0.23188955920991605,-0.447011410659051,0.5516144877626923,0.25081076700708127,0.18218564277110616,0.32223276275470053
pod_d64_noBN,pod,64,test_b,8,z_markov,C_D,42,0.5659353293380227,0.4069762893743586,0.704596309550388,0.2579063042581729,0.1785745280841173,0.35560616570016435
pod_d64_noBN,pod,64,test_b,16,z_markov,C_D,42,0.539172275598199,0.4010045325004078,0.6889348654033927,0.27847898336716187,0.16982227138574515,0.41158438895623145
pod_d64_noBN,pod,64,test_b,32,z_markov,C_D,42,0.3998026014854942,0.24808231078588605,0.5009626829716491,0.3126070423525232,0.22234767526097998,0.42295795790017704
pod_d64_noBN,pod,64,test_b,64,z_markov,C_D,42,-0.8978931359527615,-3.3800700496995013,-0.2104521398628431,0.21253259403686253,0.15066598347988328,0.28158535611623337
pod_d64_noBN,pod,64,test_b,1,z_markov,I_y,42,-1.0522357248854792,-4.3341009141192375,0.4915363878016037,2.199756141361238,1.334253792155893,3.547016421838871
pod_d64_noBN,pod,64,test_b,4,z_markov,I_y,42,-1.4131957354777351,-3.749914500711093,0.49422489904463174,2.036155101190203,1.0857533094144496,3.353041592591023
pod_d64_noBN,pod,64,test_b,8,z_markov,I_y,42,-1.0290289925907525,-3.0141433043400494,0.5972345825850196,2.0019543369037813,1.0605821357025798,3.4982458517505264
pod_d64_noBN,pod,64,test_b,16,z_markov,I_y,42,-0.8128326713296619,-2.246782052692557,0.5978993173325627,2.307653908614633,1.2108040501408417,4.19317146607653
pod_d64_noBN,pod,64,test_b,32,z_markov,I_y,42,0.08841342144417863,-1.1763237511852453,0.5071436864523734,1.9892338360174575,1.4842116645526142,2.5826194264174176
pod_d64_noBN,pod,64,test_b,64,z_markov,I_y,42,-0.07414100682302882,-0.9631715576719257,0.27647853027079194,4.225315350025745,2.7709615189129133,5.823085482445612
pod_d64_noBN,pod,64,test_b,1,z_markov,wake_enstrophy,42,0.12549183476840642,-3.4627380734757804,0.5266593844904716,62.237912378324324,46.8394995983063,78.09767711052655
pod_d64_noBN,pod,64,test_b,4,z_markov,wake_enstrophy,42,0.07650112938209785,-4.073637076156547,0.3878252565117278,68.07292597760437,53.00113716609787,85.35838818841228
pod_d64_noBN,pod,64,test_b,8,z_markov,wake_enstrophy,42,-0.1316195867453509,-7.995392903333802,0.299131928355261,78.60398671941253,61.47677150292344,97.23844310985316
pod_d64_noBN,pod,64,test_b,16,z_markov,wake_enstrophy,42,-0.08921025013169559,-6.05234634729391,0.38805725151774917,78.17192074393573,63.877474674045004,94.99647724246164
pod_d64_noBN,pod,64,test_b,32,z_markov,wake_enstrophy,42,0.546184495525855,0.22694447808742196,0.720783614645112,53.77993580891207,44.151838761660365,64.16151127908492
pod_d64_noBN,pod,64,test_b,64,z_markov,wake_enstrophy,42,0.2618557274966271,-0.4986080248124262,0.5270208292275406,57.283275949470124,43.761584430674645,72.03821968340081
pod_d64_noBN,pod,64,test_b,1,z_markov,circulation_pos,42,-0.25754375556262743,-1.851474267019288,0.2590997101882871,1.5413222457512883,1.2165287111157168,1.8511192085035604
pod_d64_noBN,pod,64,test_b,4,z_markov,circulation_pos,42,-0.0419968664737409,-0.8275324746771424,0.24134006752221027,1.5074283502182482,1.1984606506692437,1.8419136232802298
pod_d64_noBN,pod,64,test_b,8,z_markov,circulation_pos,42,-0.10273735664482109,-0.74143765763451,0.18137178063206286,1.6073765331539889,1.2510244286609653,2.0304839583599263
pod_d64_noBN,pod,64,test_b,16,z_markov,circulation_pos,42,0.05726605134746554,-0.2883368195697933,0.4998149582285447,1.3367816489844857,0.9396885120311161,1.8772805923620173
pod_d64_noBN,pod,64,test_b,32,z_markov,circulation_pos,42,0.3486837010255063,-0.0038067286820371664,0.6128117650481252,1.3337641508220208,0.9915621200058613,1.7060064664110304
pod_d64_noBN,pod,64,test_b,64,z_markov,circulation_pos,42,0.30502433521971206,-0.1586786336956681,0.5181025019953739,1.4033224590989346,1.058077544471202,1.7828966794227865
pod_d64_noBN,pod,64,test_b,1,z_markov,circulation_neg,42,0.2803939468993871,-1.0285244930994395,0.5056747366346537,1.7136444475514943,1.175085244362582,2.3626996612060895
pod_d64_noBN,pod,64,test_b,4,z_markov,circulation_neg,42,0.2786778004339241,-0.9465169817139409,0.4658408400480774,1.7716502752350471,1.203819253461137,2.4463952575251318
pod_d64_noBN,pod,64,test_b,8,z_markov,circulation_neg,42,0.3187321111427972,-0.5766240872863152,0.4898011445228709,1.7758280784793936,1.1864343274068456,2.5154997090944824
pod_d64_noBN,pod,64,test_b,16,z_markov,circulation_neg,42,0.5069699979557205,0.04575039092034916,0.6392344451774097,1.5033575011392135,1.0293769812200664,2.1473714316785646
pod_d64_noBN,pod,64,test_b,32,z_markov,circulation_neg,42,0.4868443842311737,-0.01968317620750632,0.6401099943200177,1.450622932931059,1.153396371326889,1.7732007002566095
pod_d64_noBN,pod,64,test_b,64,z_markov,circulation_neg,42,0.444227213462158,-0.03356279512728811,0.6963419828314218,1.357560862530276,0.9499270865646594,1.8562021227244756
pod_d64_noBN,pod,64,test_b,1,z_full,C_L,42,0.07189944174102303,-0.674831943311611,0.47594033286329446,0.8588539867442087,0.637130942502288,1.0870452182875237
pod_d64_noBN,pod,64,test_b,4,z_full,C_L,42,0.6076935558876788,-0.4322268038337453,0.8071929450261031,0.8425693034877669,0.6452815156585638,1.0603842306576292
pod_d64_noBN,pod,64,test_b,8,z_full,C_L,42,0.6703927767878088,0.258475247355661,0.7993697057084274,0.9837066131624823,0.6120757874730619,1.4134536296290152
pod_d64_noBN,pod,64,test_b,16,z_full,C_L,42,0.6302168491530991,0.2319764874056821,0.8781096916864619,0.8743929510658424,0.5141711513111309,1.3076372168692565
pod_d64_noBN,pod,64,test_b,32,z_full,C_L,42,0.4732035821393511,0.16945735257540562,0.681733337570487,0.8264870440596571,0.5835448902765695,1.088512108184391
pod_d64_noBN,pod,64,test_b,64,z_full,C_L,42,-1.6487859103360387,-6.208914563696144,-0.2777012898433159,0.6205047116868522,0.4575105096169848,0.8203221957015953
pod_d64_noBN,pod,64,test_b,1,z_full,C_D,42,0.19550484860060546,-0.5511587343878737,0.5668107052317849,0.28957295538029987,0.21326286752896967,0.36809868345309915
pod_d64_noBN,pod,64,test_b,4,z_full,C_D,42,0.1725096949923116,-0.510195005125019,0.529093712135199,0.25068681634855233,0.17278281308384533,0.3332049386743157
pod_d64_noBN,pod,64,test_b,8,z_full,C_D,42,0.4996923372386646,0.24919626483495086,0.674262571259389,0.2568830923118415,0.16401932270270297,0.3640374635409761
pod_d64_noBN,pod,64,test_b,16,z_full,C_D,42,0.5681274297841717,0.3045344805798591,0.736362899021173,0.2653800495427551,0.15885279747389033,0.4009164526749936
pod_d64_noBN,pod,64,test_b,32,z_full,C_D,42,0.5011874311175086,0.2330416849552281,0.651890656957172,0.2950353891460836,0.21113066122862492,0.3901637301001918
pod_d64_noBN,pod,64,test_b,64,z_full,C_D,42,-1.5820389868498248,-5.013189557363626,-0.8236096170364496,0.23687625803664472,0.16263012446707487,0.3231743972522218
pod_d64_noBN,pod,64,test_b,1,z_full,I_y,42,-1.1629002476963182,-4.757465970396407,0.49542575694372687,2.299580873149909,1.4206068613946559,3.5855354500347723
pod_d64_noBN,pod,64,test_b,4,z_full,I_y,42,-1.7872987304451566,-4.92514176828005,0.47612576982068894,2.1350570610781547,1.1714597144576482,3.6420880894964025
pod_d64_noBN,pod,64,test_b,8,z_full,I_y,42,-1.7273077455503048,-4.339576761530405,0.46128002073943297,2.2580969757680243,1.1408464559427687,3.956315684057477
pod_d64_noBN,pod,64,test_b,16,z_full,I_y,42,-1.2076298070513531,-2.8831151345218173,0.608187368224081,2.326725277582061,1.0558632438165485,4.397240012732726
pod_d64_noBN,pod,64,test_b,32,z_full,I_y,42,-0.19089845809617256,-1.7820077285047364,0.45595608002286164,2.09515648653479,1.4822063068819207,2.852622571588757
pod_d64_noBN,pod,64,test_b,64,z_full,I_y,42,0.2795681087495451,-0.6616962503933833,0.621098697058786,4.1257447336462105,3.1290533577374458,5.158710442162872
pod_d64_noBN,pod,64,test_b,1,z_full,wake_enstrophy,42,0.15050112527704862,-3.5181952003437007,0.537590076153691,60.65010445793197,46.11294629635584,76.84561083142482
pod_d64_noBN,pod,64,test_b,4,z_full,wake_enstrophy,42,0.15239252192490038,-3.636023999813968,0.4319192263214527,64.91057088913193,50.99888435684572,81.75196641001274
pod_d64_noBN,pod,64,test_b,8,z_full,wake_enstrophy,42,0.0033241881147336727,-6.275463984310679,0.3237698383477552,73.21008972243713,58.22420093244733,89.76046666456773
pod_d64_noBN,pod,64,test_b,16,z_full,wake_enstrophy,42,-0.3287544843524324,-7.6863949677909975,0.2096725720069038,84.02824415638504,66.71979313299806,103.47356965629804
pod_d64_noBN,pod,64,test_b,32,z_full,wake_enstrophy,42,-0.816950216569329,-2.564041665331565,0.26162122416143296,86.39148141922504,60.24626123775582,117.32862253164114
pod_d64_noBN,pod,64,test_b,64,z_full,wake_enstrophy,42,0.016584141280431286,-0.5109152305145571,0.3584659908694864,58.63492869390589,42.4967392663101,78.9588405506255
pod_d64_noBN,pod,64,test_b,1,z_full,circulation_pos,42,-0.1503591436803018,-1.626199380827452,0.32491484242806123,1.4637244534495115,1.140818638740723,1.771830948908554
pod_d64_noBN,pod,64,test_b,4,z_full,circulation_pos,42,0.11455791007401572,-0.6454432568706531,0.3611206690888397,1.3639134122849927,1.0589273263938608,1.6900638562534718
pod_d64_noBN,pod,64,test_b,8,z_full,circulation_pos,42,0.032543602283898854,-0.5242319741441267,0.26129069343714667,1.4702976152608789,1.1151565905375196,1.8727431530094656
pod_d64_noBN,pod,64,test_b,16,z_full,circulation_pos,42,-0.0036772063973267155,-0.32480718605447334,0.4176135984814049,1.4316937904211662,1.022090024185551,1.9676256900252447
pod_d64_noBN,pod,64,test_b,32,z_full,circulation_pos,42,-0.18721648309445138,-0.8796083217245082,0.3333058153037084,1.7536122099952969,1.2732815764850518,2.3226547084065507
pod_d64_noBN,pod,64,test_b,64,z_full,circulation_pos,42,-0.07776639259310536,-0.5727136785984775,0.24284954874716236,1.565874889005982,1.104251818193015,2.126999234527769
pod_d64_noBN,pod,64,test_b,1,z_full,circulation_neg,42,0.27665462648476613,-1.0244473060940376,0.505875394205432,1.6732811595184864,1.1341076107013166,2.311790633855051
pod_d64_noBN,pod,64,test_b,4,z_full,circulation_neg,42,0.2669963296193356,-0.5312692826194102,0.4766090183876417,1.6849559706112744,1.0784241925837903,2.4132453994122067
pod_d64_noBN,pod,64,test_b,8,z_full,circulation_neg,42,0.27487233148365164,-0.2777198626891608,0.4800984675004814,1.6858115126054924,1.0422446280970628,2.4511063216293403
pod_d64_noBN,pod,64,test_b,16,z_full,circulation_neg,42,0.42155013501643945,0.20885843469737295,0.6355172424556962,1.5646358582970525,1.0480332786297413,2.264131908695915
pod_d64_noBN,pod,64,test_b,32,z_full,circulation_neg,42,0.2972802544924601,-0.6822306335231314,0.604810354936216,1.6381112740017403,1.2543379929640228,2.0561738689613382
pod_d64_noBN,pod,64,test_b,64,z_full,circulation_neg,42,0.2502435714791007,-0.41921303314778446,0.5825138812003563,1.6007585839016532,1.122551514908156,2.1655232136828833
pod_d64_noBN,pod,64,test_c,1,z_dns,C_L,24,0.007197657930248735,-0.9973658525509866,0.41950177233532226,2.044441532793044,1.6291210113482855,2.404342045856391
pod_d64_noBN,pod,64,test_c,4,z_dns,C_L,24,0.5578191605869349,0.19817777556997268,0.7253366797323414,1.6622028264618447,1.35812531882292,1.9958800046703014
pod_d64_noBN,pod,64,test_c,8,z_dns,C_L,24,0.8484703701421303,0.6545154510403166,0.9408626770363768,1.0709858450014194,0.728955674924946,1.472442539223074
pod_d64_noBN,pod,64,test_c,16,z_dns,C_L,24,0.8559237175419778,0.68956240874777,0.9128306243917252,1.3877113930332428,0.9860425781117688,1.8263238901557157
pod_d64_noBN,pod,64,test_c,32,z_dns,C_L,24,-4.869415807130684,-14.444584061992702,-1.0051368966288894,1.1398265429296848,0.6902253959272953,1.618253777613747
pod_d64_noBN,pod,64,test_c,64,z_dns,C_L,24,-2.7901347822936535,-8.63840670190587,-0.6094784577005595,0.5369536797544315,0.35596353414078763,0.72784082502869
pod_d64_noBN,pod,64,test_c,1,z_dns,C_D,24,-4.9776274350993,-12.592739393131929,-2.592565698643073,0.6745719290909006,0.5380518792502023,0.8147700207815163
pod_d64_noBN,pod,64,test_c,4,z_dns,C_D,24,-8.13563258597299,-17.8688640061426,-4.409912901401166,0.76417366766036,0.5842767819073571,0.9490320127056792
pod_d64_noBN,pod,64,test_c,8,z_dns,C_D,24,-7.225748340810647,-12.269330835922961,-4.819099277306949,0.859591326342234,0.6405833887640111,1.0814928238075026
pod_d64_noBN,pod,64,test_c,16,z_dns,C_D,24,-0.5861344805428748,-2.2845123587611225,0.4166362010062812,0.514647242015763,0.3329709621453249,0.7641129817586387
pod_d64_noBN,pod,64,test_c,32,z_dns,C_D,24,-9.101657052586818,-22.180600445675644,-3.601730620779841,0.2763211958493154,0.19891296334352412,0.35958924815468524
pod_d64_noBN,pod,64,test_c,64,z_dns,C_D,24,-13.261249640492856,-44.44531759950242,-4.144667102367694,0.1614005070038448,0.1045554105236543,0.22260200847968376
pod_d64_noBN,pod,64,test_c,1,z_dns,I_y,24,-0.24853434541448616,-1.183302848214739,0.24371957366484084,1.8998285050996457,1.3130749861649746,2.5226486681386473
pod_d64_noBN,pod,64,test_c,4,z_dns,I_y,24,-1.5335118195515505,-3.7833712986031784,-0.4681113459145046,2.3620049718110505,1.6530891352697312,3.0600012615713843
pod_d64_noBN,pod,64,test_c,8,z_dns,I_y,24,-2.726502891544814,-5.177739932168608,-1.440997465818352,2.4818002525904146,1.9285408174265948,3.094199445653091
pod_d64_noBN,pod,64,test_c,16,z_dns,I_y,24,-1.834139514092299,-5.604410754962598,-0.7133334968006207,1.8976406002932116,1.428072173662777,2.3956121533724963
pod_d64_noBN,pod,64,test_c,32,z_dns,I_y,24,-7.277155971771899,-22.431618719913452,-2.6296085964098173,3.1190352978393974,2.2206727549477963,4.0683964044550445
pod_d64_noBN,pod,64,test_c,64,z_dns,I_y,24,0.2989211951253461,-0.10781801369258888,0.4143258377176723,3.2434194884791534,2.0470666443655157,4.564268093394988
pod_d64_noBN,pod,64,test_c,1,z_dns,wake_enstrophy,24,-0.15296392636407008,-1.6074327800345163,0.38968441217211125,63.508237613868296,47.23595477504819,80.4012342676587
pod_d64_noBN,pod,64,test_c,4,z_dns,wake_enstrophy,24,-1.052852507512314,-2.7710281296882395,-0.3439854205150074,114.9122910621298,90.97102339619813,137.5859903401359
pod_d64_noBN,pod,64,test_c,8,z_dns,wake_enstrophy,24,-0.9595748168028706,-2.259463731964254,-0.3541519730683503,166.9113570530991,117.19197695476339,222.00416494252153
pod_d64_noBN,pod,64,test_c,16,z_dns,wake_enstrophy,24,-0.7013904721567277,-1.4516683963489763,-0.34679776211965524,217.06324578931537,154.78702940066628,284.63897875847357
pod_d64_noBN,pod,64,test_c,32,z_dns,wake_enstrophy,24,-2.2223172964345053,-4.412313430434182,-1.424874588625171,257.2006449661046,194.64285882872974,319.3882110142138
pod_d64_noBN,pod,64,test_c,64,z_dns,wake_enstrophy,24,0.39730183957487175,-0.012683818910951059,0.5953192394189823,61.79789711879093,45.59830034823459,78.43915809324123
pod_d64_noBN,pod,64,test_c,1,z_dns,circulation_pos,24,-0.7801660594684896,-2.595408686357716,0.0748849902886401,1.3439011818286364,0.8805524331763416,1.8334023215143747
pod_d64_noBN,pod,64,test_c,4,z_dns,circulation_pos,24,-0.6309735960903913,-3.3059233036203786,0.19920385951398026,1.4551948729173434,1.1113532153591885,1.824208582385359
pod_d64_noBN,pod,64,test_c,8,z_dns,circulation_pos,24,-2.2907061497734253,-6.928369017612468,-0.6669295263664109,2.495632071736171,2.0106125263216335,2.998360576034111
pod_d64_noBN,pod,64,test_c,16,z_dns,circulation_pos,24,-3.636470564793992,-7.581381873541319,-2.064281898636248,3.4139435956682505,2.6471570638401034,4.1702949485593255
pod_d64_noBN,pod,64,test_c,32,z_dns,circulation_pos,24,-3.666970775479517,-8.6916061680323,-1.9137296228433347,5.055486001650247,3.8848827645296296,6.192015064252878
pod_d64_noBN,pod,64,test_c,64,z_dns,circulation_pos,24,0.3641333112518833,-0.012735896415229245,0.5597962769765171,1.8254669798773484,1.3382367044152548,2.3269823407535726
pod_d64_noBN,pod,64,test_c,1,z_dns,circulation_neg,24,-5.724886862080575,-11.81661108850276,-2.06496021129752,1.112279025393085,0.7561383882434674,1.5202587257926974
pod_d64_noBN,pod,64,test_c,4,z_dns,circulation_neg,24,-6.020872422668108,-14.365759142693165,-2.3723916764575677,1.9708745080493237,1.4486733932801035,2.4907664748351257
pod_d64_noBN,pod,64,test_c,8,z_dns,circulation_neg,24,-4.709300049837288,-9.74033879099883,-2.624157397123836,3.563384785614197,2.902442493417626,4.200652227010039
pod_d64_noBN,pod,64,test_c,16,z_dns,circulation_neg,24,-3.299898203556527,-6.537098489615657,-1.941612822772127,3.833214152182222,2.955468336294615,4.751784105238033
pod_d64_noBN,pod,64,test_c,32,z_dns,circulation_neg,24,-5.381985899737137,-9.988601577937764,-3.215838724498849,4.58372816374522,3.4415812565459323,5.769317685295493
pod_d64_noBN,pod,64,test_c,64,z_dns,circulation_neg,24,-1.0183271494149189,-2.590107385005734,-0.14678122233101148,1.664515657568509,1.0970200315356895,2.276302097651523
pod_d64_noBN,pod,64,test_c,1,z_markov,C_L,24,-0.040140533527582845,-1.1790696286207207,0.4198202723724031,2.0863023408355423,1.6641798897232005,2.4595454101826255
pod_d64_noBN,pod,64,test_c,4,z_markov,C_L,24,0.554088210665858,0.2652078587537209,0.693814002023343,1.6366404585128969,1.2828825406947972,1.979050589776296
pod_d64_noBN,pod,64,test_c,8,z_markov,C_L,24,0.19515067198416947,-0.27047599581639925,0.40561713885359074,2.6590885078992277,1.9084275145936747,3.4633841812436352
pod_d64_noBN,pod,64,test_c,16,z_markov,C_L,24,0.5980358481152519,0.4256869377217236,0.6946254637949253,2.1794136216096422,1.438423659157648,2.9030805302375713
pod_d64_noBN,pod,64,test_c,32,z_markov,C_L,24,-10.361267317755,-22.065740886325884,-5.659145303673332,2.0080754617337795,1.5515910877593084,2.4473230998270252
pod_d64_noBN,pod,64,test_c,64,z_markov,C_L,24,-5.8388215316780325,-15.143048876622066,-2.5970615140896824,0.8238065880893108,0.6405450838994698,1.0083978943418004
pod_d64_noBN,pod,64,test_c,1,z_markov,C_D,24,-6.14635336675776,-16.823065818390297,-3.048708181294037,0.7278408200356417,0.5718005523243,0.8860867400850122
pod_d64_noBN,pod,64,test_c,4,z_markov,C_D,24,-6.297269500707337,-13.8503972046018,-3.562209060930433,0.6889688261752785,0.52394275784049,0.8399435825340223
pod_d64_noBN,pod,64,test_c,8,z_markov,C_D,24,-1.9827929451850883,-3.9687928240483554,-1.1598418608168761,0.5471450334232673,0.4350539794313956,0.6529660437412462
pod_d64_noBN,pod,64,test_c,16,z_markov,C_D,24,-0.10841058931664138,-0.9569419488155909,0.41803026623797157,0.4052576704781376,0.23503064321620423,0.6044534850596807
pod_d64_noBN,pod,64,test_c,32,z_markov,C_D,24,-1.8127171064038943,-5.2864445871062085,-0.27012686058501184,0.14357273843562343,0.10250746466310755,0.18813319487984798
pod_d64_noBN,pod,64,test_c,64,z_markov,C_D,24,-9.369332370118837,-24.34306950213513,-3.9696592440305176,0.14624537122093337,0.10149679262675816,0.19703401200989362
pod_d64_noBN,pod,64,test_c,1,z_markov,I_y,24,0.11258351130173627,-0.38224748110070406,0.40238364476847477,1.582458769925867,1.0974048734299162,2.1081213619557233
pod_d64_noBN,pod,64,test_c,4,z_markov,I_y,24,-0.20751116482790022,-1.2528080324853166,0.31517937100697346,1.70513766026584,1.2724245937621754,2.1521870311158002
pod_d64_noBN,pod,64,test_c,8,z_markov,I_y,24,-0.9263672109164518,-2.38382028317434,-0.2656297210286402,1.7660218968113963,1.3572633792033928,2.2009158529916806
pod_d64_noBN,pod,64,test_c,16,z_markov,I_y,24,-3.0697704553858385,-9.151777532888312,-1.2920388247775867,2.218065162434928,1.635845350806502,2.86670813203986
pod_d64_noBN,pod,64,test_c,32,z_markov,I_y,24,-1.5377397217725348,-3.3149704207147583,-0.25148614335629954,1.4997324383971808,0.9591124411123052,2.2425307629664757
pod_d64_noBN,pod,64,test_c,64,z_markov,I_y,24,0.2743386470960396,-0.10586854867622311,0.42722350724448754,3.2972622458251855,2.0428823760842665,4.672191414105556
pod_d64_noBN,pod,64,test_c,1,z_markov,wake_enstrophy,24,-0.12542849834956638,-1.45643154387088,0.49363999983135876,56.99688185340968,39.544062366776814,77.16746338391043
pod_d64_noBN,pod,64,test_c,4,z_markov,wake_enstrophy,24,-1.4455709388438365,-3.9039716661162567,-0.4382573572660527,105.73609576543402,68.09140263914225,141.31361867038524
pod_d64_noBN,pod,64,test_c,8,z_markov,wake_enstrophy,24,-1.7185955545113862,-3.425601653970751,-0.881671295981545,174.33455612132647,106.3284272645092,244.22129749029386
pod_d64_noBN,pod,64,test_c,16,z_markov,wake_enstrophy,24,-1.189445482028598,-2.300137909724075,-0.6218578875296961,217.02820271121536,135.8475472726668,313.1021687204124
pod_d64_noBN,pod,64,test_c,32,z_markov,wake_enstrophy,24,-1.553351680322518,-3.504249993089662,-0.7478670556431781,202.25970929468994,131.478713196427,270.8629231753204
pod_d64_noBN,pod,64,test_c,64,z_markov,wake_enstrophy,24,-1.2273767059502179,-3.943567782113083,-0.36024314324808854,123.28524883356435,94.83126831930053,152.70285374645465
pod_d64_noBN,pod,64,test_c,1,z_markov,circulation_pos,24,-0.48353644689935127,-2.016283173296932,0.24414906549385104,1.2671493816320882,0.862603455907745,1.6816053834003337
pod_d64_noBN,pod,64,test_c,4,z_markov,circulation_pos,24,-0.8899395707191293,-4.724485733694244,0.16061894553927045,1.5663374989702257,1.1804191803775355,1.97376926166873
pod_d64_noBN,pod,64,test_c,8,z_markov,circulation_pos,24,-4.468405068354676,-12.762905317512347,-1.5336762091944756,3.0356487910427545,2.270563297873172,3.8098912368662283
pod_d64_noBN,pod,64,test_c,16,z_markov,circulation_pos,24,-6.473635066327675,-11.907658934832419,-4.204959221020292,4.459132384729884,3.5892920426977244,5.354899186795466
pod_d64_noBN,pod,64,test_c,32,z_markov,circulation_pos,24,-3.531927624460435,-8.55638825158357,-1.7100131267980345,4.621887939215921,3.2161896643713273,5.95624021396209
pod_d64_noBN,pod,64,test_c,64,z_markov,circulation_pos,24,-0.8777194617532773,-1.7874050999367705,-0.5271121058773656,3.4195916063564087,2.7366248513763636,4.106480621410804
pod_d64_noBN,pod,64,test_c,1,z_markov,circulation_neg,24,-2.9046208979803287,-5.718229215533516,-1.3168589559115815,0.9120362515213841,0.6709674398093902,1.1736323158878221
pod_d64_noBN,pod,64,test_c,4,z_markov,circulation_neg,24,-2.8830282289071585,-6.399090420912467,-1.4246951858690124,1.5021333134091,1.137044372153987,1.880061124766401
pod_d64_noBN,pod,64,test_c,8,z_markov,circulation_neg,24,-4.232680923601942,-8.978374899356897,-2.392375113233691,3.33703931189187,2.6357019827220354,4.003803597696018
pod_d64_noBN,pod,64,test_c,16,z_markov,circulation_neg,24,-5.752290045478183,-10.633485033602796,-3.8416561073390487,5.147823102618542,4.265091510061969,6.036739620065821
pod_d64_noBN,pod,64,test_c,32,z_markov,circulation_neg,24,-4.899072263333647,-10.048952501042988,-2.944702823103785,4.658108323456291,3.781333254119824,5.603460242435484
pod_d64_noBN,pod,64,test_c,64,z_markov,circulation_neg,24,-1.4696200928141403,-3.072206106440227,-0.6622411391986143,1.8706045394252502,1.2697879544576172,2.5363723267000062
pod_d64_noBN,pod,64,test_c,1,z_full,C_L,24,0.518660365370784,-0.06878181715203348,0.7542649710367969,1.3814328115068317,1.088876600433418,1.6802742054499484
pod_d64_noBN,pod,64,test_c,4,z_full,C_L,24,0.5492704783021904,0.3467235958141673,0.6514463027528437,1.6336385940600888,1.2639247122367543,1.9998556659157727
pod_d64_noBN,pod,64,test_c,8,z_full,C_L,24,0.2602727928731142,-0.10591852727086387,0.43372071804434076,2.5891584344999328,1.8555063457983199,3.3330985140963345
pod_d64_noBN,pod,64,test_c,16,z_full,C_L,24,0.63778456459309,0.4430363887324019,0.8119387028755789,1.7876974268332082,1.027222765095148,2.6411145588139564
pod_d64_noBN,pod,64,test_c,32,z_full,C_L,24,-5.911353331523969,-12.876260479966415,-2.504242532087267,1.3643807037119948,0.9097416188306924,1.8463948526568723
pod_d64_noBN,pod,64,test_c,64,z_full,C_L,24,-7.45165963505368,-19.636724655179677,-3.4452471595333343,0.9537459257889171,0.7732154640679937,1.1398706548072846
pod_d64_noBN,pod,64,test_c,1,z_full,C_D,24,-4.175601644303123,-10.90737967803192,-2.0320601364251645,0.612947180333069,0.46852390177444625,0.7542180486594188
pod_d64_noBN,pod,64,test_c,4,z_full,C_D,24,-3.456409033862645,-7.963054274288691,-1.7532855781418337,0.528715537734472,0.39308670418595365,0.6631869051019974
pod_d64_noBN,pod,64,test_c,8,z_full,C_D,24,-2.4541991754806594,-5.007963074298741,-1.330014757926791,0.6024485803867909,0.4927792113545384,0.7091372686037324
pod_d64_noBN,pod,64,test_c,16,z_full,C_D,24,-0.3584247762460737,-1.677208363489305,0.5285425353563101,0.42403220247302836,0.24536702274159777,0.6512516629392813
pod_d64_noBN,pod,64,test_c,32,z_full,C_D,24,-16.25480803975835,-37.69537213829537,-6.886311658499808,0.35741723598881414,0.2602942105351269,0.4638352043138063
pod_d64_noBN,pod,64,test_c,64,z_full,C_D,24,-2.7176737783656506,-7.511842267997551,-0.8432085921712053,0.09163221599605377,0.06673088298957647,0.11973978589375522
pod_d64_noBN,pod,64,test_c,1,z_full,I_y,24,0.24983105426981222,-0.12481241699864253,0.4586139688680667,1.5667269575437324,1.156501865160645,1.9770758661871053
pod_d64_noBN,pod,64,test_c,4,z_full,I_y,24,0.030891365998462428,-0.7239579987402582,0.4412195365474761,1.459844686623039,1.0460826964381105,1.927213046042816
pod_d64_noBN,pod,64,test_c,8,z_full,I_y,24,-1.118794488998331,-2.4381344890761993,-0.4189058294454989,1.8210346219242937,1.3625140605850872,2.2963268042742415
pod_d64_noBN,pod,64,test_c,16,z_full,I_y,24,-3.0739121028040364,-8.844725001854812,-1.0795268013410897,2.112464151962699,1.48092228300702,2.8485020713061795
pod_d64_noBN,pod,64,test_c,32,z_full,I_y,24,-1.2035405636269538,-3.3592256166348147,-0.4711286414866007,1.6604421576639112,1.2389196049768458,2.1638982526650574
pod_d64_noBN,pod,64,test_c,64,z_full,I_y,24,0.11795843740490275,-0.45360285806027106,0.2914251394400155,3.473847538098583,1.984675590759335,5.034262973127359
pod_d64_noBN,pod,64,test_c,1,z_full,wake_enstrophy,24,-0.19919089170937698,-1.5673249719860316,0.45140397868348087,58.95957050928388,39.76767904742691,79.98460244756798
pod_d64_noBN,pod,64,test_c,4,z_full,wake_enstrophy,24,-1.1041460357047792,-3.199626115433514,-0.25788236287777094,94.09168862063954,60.7478133908165,134.4929183172802
pod_d64_noBN,pod,64,test_c,8,z_full,wake_enstrophy,24,-1.6163576626045613,-3.341371378029027,-0.8035169366820339,169.48986246324776,102.43574534549391,240.44269201738146
pod_d64_noBN,pod,64,test_c,16,z_full,wake_enstrophy,24,-0.5446964761423685,-1.2541359444037634,-0.10836342730029035,186.85480895824222,117.60133446918749,257.04281034251903
pod_d64_noBN,pod,64,test_c,32,z_full,wake_enstrophy,24,-2.026322173573224,-3.771580674404829,-1.3209943887103217,246.80709112052386,182.64139522893126,306.39225793753974
pod_d64_noBN,pod,64,test_c,64,z_full,wake_enstrophy,24,-0.5274032793966912,-1.620161938447213,-0.015841765624004907,106.08037030506578,84.65914926145527,126.59958818386839
pod_d64_noBN,pod,64,test_c,1,z_full,circulation_pos,24,-0.08186098594531721,-1.2102993608254378,0.47020509221541557,1.0524296142191636,0.6921047264578718,1.4254028756854094
pod_d64_noBN,pod,64,test_c,4,z_full,circulation_pos,24,-0.2278004207882276,-2.358772835891651,0.4884947143017187,1.225024965554524,0.8917979795184572,1.58387749707889
pod_d64_noBN,pod,64,test_c,8,z_full,circulation_pos,24,-3.5110702857420693,-11.00348451772143,-1.090637980839787,2.657419467098151,1.8700396631442866,3.4150898137093937
pod_d64_noBN,pod,64,test_c,16,z_full,circulation_pos,24,-3.5625947145299337,-7.553826238049752,-1.9768013531448356,3.189153760031587,2.308005512444645,4.129734276368249
pod_d64_noBN,pod,64,test_c,32,z_full,circulation_pos,24,-3.85872786442076,-8.896840933654094,-1.9194355355810075,4.843361451799216,3.4625186690246896,6.234128503415733
pod_d64_noBN,pod,64,test_c,64,z_full,circulation_pos,24,-0.31783214860471576,-0.8064625258046764,0.0015247391222501356,2.7729013626234154,2.135104847890149,3.391550309099531
pod_d64_noBN,pod,64,test_c,1,z_full,circulation_neg,24,-3.0911900799448615,-6.061543932697824,-1.4606899233031043,0.9253711301250814,0.6682715399506589,1.2168575380959954
pod_d64_noBN,pod,64,test_c,4,z_full,circulation_neg,24,-2.4803234864783397,-5.633531748858504,-1.2375699710213945,1.4411409963499449,1.0936783918232447,1.7808879932712356
pod_d64_noBN,pod,64,test_c,8,z_full,circulation_neg,24,-4.474522364046503,-9.33366739441866,-2.562315655885092,3.402817663989994,2.7077381562213674,4.140595680385933
pod_d64_noBN,pod,64,test_c,16,z_full,circulation_neg,24,-3.5272867130397385,-6.575847240836484,-2.1824839946936616,4.0931960431563015,3.266107415511363,4.967625496697568
pod_d64_noBN,pod,64,test_c,32,z_full,circulation_neg,24,-4.966931510593958,-10.208025485876771,-2.7821826706694885,4.278551475465697,3.0882965267275218,5.487413965208389
pod_d64_noBN,pod,64,test_c,64,z_full,circulation_neg,24,-2.4395611492015146,-5.113808933991483,-1.2341708976900665,2.2056381381448977,1.4313926365042267,2.9741380774524635
